2026-03-11 00:15:56,784 engagement.poller ERROR ENGAGEMENT_DISPATCH is not set to 'true'. Set ENGAGEMENT_DISPATCH=true in the launchd plist to enable polling.
2026-03-11 00:16:06,956 engagement.poller ERROR ENGAGEMENT_DISPATCH is not set to 'true'. Set ENGAGEMENT_DISPATCH=true in the launchd plist to enable polling.
2026-03-11 00:16:17,122 engagement.poller ERROR ENGAGEMENT_DISPATCH is not set to 'true'. Set ENGAGEMENT_DISPATCH=true in the launchd plist to enable polling.
2026-03-11 00:16:27,358 engagement.poller ERROR ENGAGEMENT_DISPATCH is not set to 'true'. Set ENGAGEMENT_DISPATCH=true in the launchd plist to enable polling.
2026-03-11 00:16:37,593 engagement.poller ERROR ENGAGEMENT_DISPATCH is not set to 'true'. Set ENGAGEMENT_DISPATCH=true in the launchd plist to enable polling.
2026-03-11 00:16:47,797 engagement.poller ERROR ENGAGEMENT_DISPATCH is not set to 'true'. Set ENGAGEMENT_DISPATCH=true in the launchd plist to enable polling.
2026-03-11 00:16:58,149 engagement.poller ERROR ENGAGEMENT_DISPATCH is not set to 'true'. Set ENGAGEMENT_DISPATCH=true in the launchd plist to enable polling.
2026-03-11 00:17:08,345 engagement.poller ERROR ENGAGEMENT_DISPATCH is not set to 'true'. Set ENGAGEMENT_DISPATCH=true in the launchd plist to enable polling.
2026-03-11 00:17:18,603 engagement.poller ERROR ENGAGEMENT_DISPATCH is not set to 'true'. Set ENGAGEMENT_DISPATCH=true in the launchd plist to enable polling.
2026-03-11 00:17:28,792 engagement.poller ERROR ENGAGEMENT_DISPATCH is not set to 'true'. Set ENGAGEMENT_DISPATCH=true in the launchd plist to enable polling.
Traceback (most recent call last):
  File "/Users/anarchistsid/GenLab/genlab-core/scripts/run_engagement_poller.py", line 149, in <module>
    main()
    ~~~~^^
  File "/Users/anarchistsid/GenLab/genlab-core/scripts/run_engagement_poller.py", line 133, in main
    _check_gate()
    ^^^^^^^^^^^
NameError: name '_check_gate' is not defined
Traceback (most recent call last):
  File "/Users/anarchistsid/GenLab/genlab-core/scripts/run_engagement_poller.py", line 164, in <module>
    main()
    ~~~~^^
  File "/Users/anarchistsid/GenLab/genlab-core/scripts/run_engagement_poller.py", line 148, in main
    _check_gate()
    ^^^^^^^^^^^
NameError: name '_check_gate' is not defined
2026-03-11 00:17:59,471 engagement.poller INFO Engagement poller starting — mode=OBSERVE niche=ai_news platform=youtube
2026-03-11 00:17:59,475 engagement.poller INFO Starting YouTube poller for niche=ai_news channel=UC3GCipF_BTgjaxu-iSuBZ-g interval=300s
2026-03-11 00:18:00,063 genlab_core.engagement.poller INFO [POLLER] YouTube: fetched 6 comments for ai_news
2026-03-11 00:18:00,066 engagement.poller INFO [OBSERVE] youtube|ai_news @@theblackboxbrief: If you could reimagine any fictional character or creature through a specific ma
2026-03-11 00:18:00,066 engagement.poller INFO [OBSERVE] youtube|ai_news @@theblackboxbrief: If AI could generate a full movie in hours instead of months, what genre or stor
2026-03-11 00:18:00,066 engagement.poller INFO [OBSERVE] youtube|ai_news @@theblackboxbrief: What two franchises would you mash up with AI generation, and what scene would y
2026-03-11 00:18:00,066 engagement.poller INFO [OBSERVE] youtube|ai_news @@theblackboxbrief: What would you build with this? Drop your thoughts below 👇
2026-03-11 00:18:00,066 engagement.poller INFO [OBSERVE] youtube|ai_news @@theblackboxbrief: What would you build with this? Drop your thoughts below 👇
2026-03-11 00:18:00,066 engagement.poller INFO [OBSERVE] youtube|ai_news @@ryookatani: サイモン&ガーファンクルのスカボローフェア、素晴らしい名曲です。彼らにはたくさんの名曲がありますが、その中でも大好きな曲です。
2026-03-11 00:18:00,066 engagement.poller INFO [OBSERVE] 6 comments captured (dispatch OFF — observe mode)
2026-03-11 00:18:00,066 engagement.poller INFO YouTube: dispatched 0 comments to Dramatiq
2026-03-11 00:21:53,096 engagement.poller INFO Engagement poller starting — mode=OBSERVE niche=ai_news platform=youtube
2026-03-11 00:21:53,102 engagement.poller INFO Starting YouTube poller for niche=ai_news channel=UC3GCipF_BTgjaxu-iSuBZ-g interval=300s
2026-03-11 00:21:53,562 genlab_core.engagement.poller INFO [POLLER] YouTube: fetched 6 comments for ai_news
2026-03-11 00:21:53,565 engagement.poller INFO [OBSERVE] youtube|ai_news @@theblackboxbrief: If you could reimagine any fictional character or creature through a specific ma
2026-03-11 00:21:53,565 engagement.poller INFO [OBSERVE] youtube|ai_news @@theblackboxbrief: If AI could generate a full movie in hours instead of months, what genre or stor
2026-03-11 00:21:53,565 engagement.poller INFO [OBSERVE] youtube|ai_news @@theblackboxbrief: What two franchises would you mash up with AI generation, and what scene would y
2026-03-11 00:21:53,565 engagement.poller INFO [OBSERVE] youtube|ai_news @@theblackboxbrief: What would you build with this? Drop your thoughts below 👇
2026-03-11 00:21:53,565 engagement.poller INFO [OBSERVE] youtube|ai_news @@theblackboxbrief: What would you build with this? Drop your thoughts below 👇
2026-03-11 00:21:53,565 engagement.poller INFO [OBSERVE] youtube|ai_news @@ryookatani: サイモン&ガーファンクルのスカボローフェア、素晴らしい名曲です。彼らにはたくさんの名曲がありますが、その中でも大好きな曲です。
2026-03-11 00:21:53,565 engagement.poller INFO [OBSERVE] 6 comments captured (dispatch OFF — observe mode)
2026-03-11 00:21:53,565 engagement.poller INFO YouTube: dispatched 0 comments to Dramatiq
2026-03-11 00:26:54,093 genlab_core.engagement.poller INFO [POLLER] YouTube: fetched 6 comments for ai_news
2026-03-11 00:26:54,100 engagement.poller INFO [OBSERVE] youtube|ai_news @@theblackboxbrief: If you could reimagine any fictional character or creature through a specific ma
2026-03-11 00:26:54,100 engagement.poller INFO [OBSERVE] youtube|ai_news @@theblackboxbrief: If AI could generate a full movie in hours instead of months, what genre or stor
2026-03-11 00:26:54,100 engagement.poller INFO [OBSERVE] youtube|ai_news @@theblackboxbrief: What two franchises would you mash up with AI generation, and what scene would y
2026-03-11 00:26:54,100 engagement.poller INFO [OBSERVE] youtube|ai_news @@theblackboxbrief: What would you build with this? Drop your thoughts below 👇
2026-03-11 00:26:54,100 engagement.poller INFO [OBSERVE] youtube|ai_news @@theblackboxbrief: What would you build with this? Drop your thoughts below 👇
2026-03-11 00:26:54,100 engagement.poller INFO [OBSERVE] youtube|ai_news @@ryookatani: サイモン&ガーファンクルのスカボローフェア、素晴らしい名曲です。彼らにはたくさんの名曲がありますが、その中でも大好きな曲です。
2026-03-11 00:26:54,100 engagement.poller INFO [OBSERVE] 6 comments captured (dispatch OFF — observe mode)
2026-03-11 00:26:54,100 engagement.poller INFO YouTube: dispatched 0 comments to Dramatiq
2026-03-11 00:31:54,592 genlab_core.engagement.poller INFO [POLLER] YouTube: fetched 6 comments for ai_news
2026-03-11 00:31:54,596 engagement.poller INFO [OBSERVE] youtube|ai_news @@theblackboxbrief: If you could reimagine any fictional character or creature through a specific ma
2026-03-11 00:31:54,596 engagement.poller INFO [OBSERVE] youtube|ai_news @@theblackboxbrief: If AI could generate a full movie in hours instead of months, what genre or stor
2026-03-11 00:31:54,596 engagement.poller INFO [OBSERVE] youtube|ai_news @@theblackboxbrief: What two franchises would you mash up with AI generation, and what scene would y
2026-03-11 00:31:54,596 engagement.poller INFO [OBSERVE] youtube|ai_news @@theblackboxbrief: What would you build with this? Drop your thoughts below 👇
2026-03-11 00:31:54,596 engagement.poller INFO [OBSERVE] youtube|ai_news @@theblackboxbrief: What would you build with this? Drop your thoughts below 👇
2026-03-11 00:31:54,596 engagement.poller INFO [OBSERVE] youtube|ai_news @@ryookatani: サイモン&ガーファンクルのスカボローフェア、素晴らしい名曲です。彼らにはたくさんの名曲がありますが、その中でも大好きな曲です。
2026-03-11 00:31:54,597 engagement.poller INFO [OBSERVE] 6 comments captured (dispatch OFF — observe mode)
2026-03-11 00:31:54,597 engagement.poller INFO YouTube: dispatched 0 comments to Dramatiq
2026-03-11 00:36:55,048 genlab_core.engagement.poller INFO [POLLER] YouTube: fetched 6 comments for ai_news
2026-03-11 00:36:55,054 engagement.poller INFO [OBSERVE] youtube|ai_news @@theblackboxbrief: If you could reimagine any fictional character or creature through a specific ma
2026-03-11 00:36:55,054 engagement.poller INFO [OBSERVE] youtube|ai_news @@theblackboxbrief: If AI could generate a full movie in hours instead of months, what genre or stor
2026-03-11 00:36:55,054 engagement.poller INFO [OBSERVE] youtube|ai_news @@theblackboxbrief: What two franchises would you mash up with AI generation, and what scene would y
2026-03-11 00:36:55,054 engagement.poller INFO [OBSERVE] youtube|ai_news @@theblackboxbrief: What would you build with this? Drop your thoughts below 👇
2026-03-11 00:36:55,054 engagement.poller INFO [OBSERVE] youtube|ai_news @@theblackboxbrief: What would you build with this? Drop your thoughts below 👇
2026-03-11 00:36:55,054 engagement.poller INFO [OBSERVE] youtube|ai_news @@ryookatani: サイモン&ガーファンクルのスカボローフェア、素晴らしい名曲です。彼らにはたくさんの名曲がありますが、その中でも大好きな曲です。
2026-03-11 00:36:55,055 engagement.poller INFO [OBSERVE] 6 comments captured (dispatch OFF — observe mode)
2026-03-11 00:36:55,055 engagement.poller INFO YouTube: dispatched 0 comments to Dramatiq
2026-03-11 00:38:23,194 engagement.poller INFO Engagement poller starting — mode=OBSERVE niche=ai_news platform=youtube
2026-03-11 00:38:23,199 engagement.poller INFO Starting YouTube poller for niche=ai_news channel=UC3GCipF_BTgjaxu-iSuBZ-g interval=300s
2026-03-11 00:38:23,782 genlab_core.engagement.poller INFO [POLLER] YouTube: fetched 1 comments for ai_news
2026-03-11 00:38:23,786 engagement.poller INFO [OBSERVE] youtube|ai_news @@ryookatani: サイモン&ガーファンクルのスカボローフェア、素晴らしい名曲です。彼らにはたくさんの名曲がありますが、その中でも大好きな曲です。
2026-03-11 00:38:23,786 engagement.poller INFO [OBSERVE] 1 comments captured (dispatch OFF — observe mode)
2026-03-11 00:38:23,786 engagement.poller INFO YouTube: dispatched 0 comments to Dramatiq
2026-03-11 00:40:00,868 engagement.poller INFO Engagement poller starting — mode=DISPATCH niche=ai_news platform=youtube
2026-03-11 00:40:00,873 engagement.poller INFO Starting YouTube poller for niche=ai_news channel=UC3GCipF_BTgjaxu-iSuBZ-g interval=300s
2026-03-11 00:40:01,405 genlab_core.engagement.poller INFO [POLLER] YouTube: fetched 1 comments for ai_news
2026-03-11 00:40:01,584 engagement.poller INFO YouTube: dispatched 1 comments to Dramatiq
2026-03-11 00:45:02,044 genlab_core.engagement.poller INFO [POLLER] YouTube: fetched 1 comments for ai_news
2026-03-11 00:45:02,052 engagement.poller INFO YouTube: dispatched 1 comments to Dramatiq
2026-03-11 00:50:02,448 genlab_core.engagement.poller INFO [POLLER] YouTube: fetched 1 comments for ai_news
2026-03-11 00:50:02,457 engagement.poller INFO YouTube: dispatched 1 comments to Dramatiq
2026-03-11 00:55:03,036 genlab_core.engagement.poller INFO [POLLER] YouTube: fetched 1 comments for ai_news
2026-03-11 00:55:03,045 engagement.poller INFO YouTube: dispatched 1 comments to Dramatiq
2026-03-11 01:00:03,458 genlab_core.engagement.poller INFO [POLLER] YouTube: fetched 1 comments for ai_news
2026-03-11 01:00:03,464 engagement.poller INFO YouTube: dispatched 1 comments to Dramatiq
2026-03-11 01:05:03,973 genlab_core.engagement.poller INFO [POLLER] YouTube: fetched 1 comments for ai_news
2026-03-11 01:05:03,979 engagement.poller INFO YouTube: dispatched 1 comments to Dramatiq
2026-03-11 01:10:04,521 genlab_core.engagement.poller INFO [POLLER] YouTube: fetched 1 comments for ai_news
2026-03-11 01:10:04,528 engagement.poller INFO YouTube: dispatched 1 comments to Dramatiq
2026-03-11 01:15:05,116 genlab_core.engagement.poller INFO [POLLER] YouTube: fetched 1 comments for ai_news
2026-03-11 01:15:05,125 engagement.poller INFO YouTube: dispatched 1 comments to Dramatiq
2026-03-11 01:20:05,661 genlab_core.engagement.poller INFO [POLLER] YouTube: fetched 1 comments for ai_news
2026-03-11 01:20:05,691 engagement.poller INFO YouTube: dispatched 1 comments to Dramatiq
2026-03-11 01:25:06,223 genlab_core.engagement.poller INFO [POLLER] YouTube: fetched 1 comments for ai_news
2026-03-11 01:25:06,229 engagement.poller INFO YouTube: dispatched 1 comments to Dramatiq
2026-03-11 01:30:06,801 genlab_core.engagement.poller INFO [POLLER] YouTube: fetched 1 comments for ai_news
2026-03-11 01:30:06,813 engagement.poller INFO YouTube: dispatched 1 comments to Dramatiq
2026-03-11 01:35:07,387 genlab_core.engagement.poller INFO [POLLER] YouTube: fetched 1 comments for ai_news
2026-03-11 01:35:07,399 engagement.poller INFO YouTube: dispatched 1 comments to Dramatiq
2026-03-11 01:40:08,066 genlab_core.engagement.poller INFO [POLLER] YouTube: fetched 1 comments for ai_news
2026-03-11 01:40:08,072 engagement.poller INFO YouTube: dispatched 1 comments to Dramatiq
2026-03-11 01:45:08,535 genlab_core.engagement.poller INFO [POLLER] YouTube: fetched 1 comments for ai_news
2026-03-11 01:45:08,540 engagement.poller INFO YouTube: dispatched 1 comments to Dramatiq
2026-03-11 01:50:09,135 genlab_core.engagement.poller INFO [POLLER] YouTube: fetched 1 comments for ai_news
2026-03-11 01:50:09,142 engagement.poller INFO YouTube: dispatched 1 comments to Dramatiq
2026-03-11 01:55:09,687 genlab_core.engagement.poller INFO [POLLER] YouTube: fetched 1 comments for ai_news
2026-03-11 01:55:09,697 engagement.poller INFO YouTube: dispatched 1 comments to Dramatiq
2026-03-11 02:00:10,158 genlab_core.engagement.poller INFO [POLLER] YouTube: fetched 1 comments for ai_news
2026-03-11 02:00:10,165 engagement.poller INFO YouTube: dispatched 1 comments to Dramatiq
2026-03-11 02:05:10,841 genlab_core.engagement.poller INFO [POLLER] YouTube: fetched 1 comments for ai_news
2026-03-11 02:05:10,848 engagement.poller INFO YouTube: dispatched 1 comments to Dramatiq
2026-03-11 02:10:11,280 genlab_core.engagement.poller INFO [POLLER] YouTube: fetched 1 comments for ai_news
2026-03-11 02:10:11,289 engagement.poller INFO YouTube: dispatched 1 comments to Dramatiq
2026-03-11 02:15:11,988 genlab_core.engagement.poller INFO [POLLER] YouTube: fetched 1 comments for ai_news
2026-03-11 02:15:11,997 engagement.poller INFO YouTube: dispatched 1 comments to Dramatiq
2026-03-11 02:20:12,465 genlab_core.engagement.poller INFO [POLLER] YouTube: fetched 1 comments for ai_news
2026-03-11 02:20:12,472 engagement.poller INFO YouTube: dispatched 1 comments to Dramatiq
2026-03-11 02:25:13,052 genlab_core.engagement.poller INFO [POLLER] YouTube: fetched 1 comments for ai_news
2026-03-11 02:25:13,059 engagement.poller INFO YouTube: dispatched 1 comments to Dramatiq
2026-03-11 02:30:13,516 genlab_core.engagement.poller INFO [POLLER] YouTube: fetched 1 comments for ai_news
2026-03-11 02:30:13,524 engagement.poller INFO YouTube: dispatched 1 comments to Dramatiq
2026-03-11 02:35:14,336 genlab_core.engagement.poller INFO [POLLER] YouTube: fetched 1 comments for ai_news
2026-03-11 02:35:14,342 engagement.poller INFO YouTube: dispatched 1 comments to Dramatiq
2026-03-11 02:40:14,828 genlab_core.engagement.poller INFO [POLLER] YouTube: fetched 1 comments for ai_news
2026-03-11 02:40:14,834 engagement.poller INFO YouTube: dispatched 1 comments to Dramatiq
2026-03-11 02:45:15,417 genlab_core.engagement.poller INFO [POLLER] YouTube: fetched 1 comments for ai_news
2026-03-11 02:45:15,432 engagement.poller INFO YouTube: dispatched 1 comments to Dramatiq
2026-03-11 02:50:15,891 genlab_core.engagement.poller INFO [POLLER] YouTube: fetched 1 comments for ai_news
2026-03-11 02:50:15,899 engagement.poller INFO YouTube: dispatched 1 comments to Dramatiq
2026-03-11 02:55:16,546 genlab_core.engagement.poller INFO [POLLER] YouTube: fetched 1 comments for ai_news
2026-03-11 02:55:16,552 engagement.poller INFO YouTube: dispatched 1 comments to Dramatiq
2026-03-11 03:00:16,996 genlab_core.engagement.poller INFO [POLLER] YouTube: fetched 1 comments for ai_news
2026-03-11 03:00:17,006 engagement.poller INFO YouTube: dispatched 1 comments to Dramatiq
2026-03-11 03:05:17,554 genlab_core.engagement.poller INFO [POLLER] YouTube: fetched 1 comments for ai_news
2026-03-11 03:05:17,560 engagement.poller INFO YouTube: dispatched 1 comments to Dramatiq
2026-03-11 03:10:18,146 genlab_core.engagement.poller INFO [POLLER] YouTube: fetched 1 comments for ai_news
2026-03-11 03:10:18,150 engagement.poller INFO YouTube: dispatched 1 comments to Dramatiq
2026-03-11 03:15:18,804 genlab_core.engagement.poller INFO [POLLER] YouTube: fetched 1 comments for ai_news
2026-03-11 03:15:18,811 engagement.poller INFO YouTube: dispatched 1 comments to Dramatiq
2026-03-11 03:20:19,338 genlab_core.engagement.poller INFO [POLLER] YouTube: fetched 1 comments for ai_news
2026-03-11 03:20:19,343 engagement.poller INFO YouTube: dispatched 1 comments to Dramatiq
2026-03-11 03:25:19,860 genlab_core.engagement.poller INFO [POLLER] YouTube: fetched 1 comments for ai_news
2026-03-11 03:25:19,866 engagement.poller INFO YouTube: dispatched 1 comments to Dramatiq
2026-03-11 03:30:20,480 genlab_core.engagement.poller INFO [POLLER] YouTube: fetched 1 comments for ai_news
2026-03-11 03:30:20,490 engagement.poller INFO YouTube: dispatched 1 comments to Dramatiq
2026-03-11 03:35:21,076 genlab_core.engagement.poller INFO [POLLER] YouTube: fetched 1 comments for ai_news
2026-03-11 03:35:21,084 engagement.poller INFO YouTube: dispatched 1 comments to Dramatiq
2026-03-11 03:40:21,633 genlab_core.engagement.poller INFO [POLLER] YouTube: fetched 1 comments for ai_news
2026-03-11 03:40:21,641 engagement.poller INFO YouTube: dispatched 1 comments to Dramatiq
2026-03-11 03:45:22,198 genlab_core.engagement.poller INFO [POLLER] YouTube: fetched 1 comments for ai_news
2026-03-11 03:45:22,205 engagement.poller INFO YouTube: dispatched 1 comments to Dramatiq
2026-03-11 03:50:22,829 genlab_core.engagement.poller INFO [POLLER] YouTube: fetched 1 comments for ai_news
2026-03-11 03:50:22,845 engagement.poller INFO YouTube: dispatched 1 comments to Dramatiq
2026-03-11 03:55:23,654 genlab_core.engagement.poller INFO [POLLER] YouTube: fetched 1 comments for ai_news
2026-03-11 03:55:24,296 engagement.poller INFO YouTube: dispatched 1 comments to Dramatiq
2026-03-11 04:00:25,267 genlab_core.engagement.poller INFO [POLLER] YouTube: fetched 1 comments for ai_news
2026-03-11 04:00:25,280 engagement.poller INFO YouTube: dispatched 1 comments to Dramatiq
2026-03-11 04:05:26,047 genlab_core.engagement.poller INFO [POLLER] YouTube: fetched 1 comments for ai_news
2026-03-11 04:05:26,222 engagement.poller INFO YouTube: dispatched 1 comments to Dramatiq
2026-03-11 04:10:27,093 genlab_core.engagement.poller INFO [POLLER] YouTube: fetched 1 comments for ai_news
2026-03-11 04:10:27,104 engagement.poller INFO YouTube: dispatched 1 comments to Dramatiq
2026-03-11 04:15:27,529 genlab_core.engagement.poller INFO [POLLER] YouTube: fetched 1 comments for ai_news
2026-03-11 04:15:27,542 engagement.poller INFO YouTube: dispatched 1 comments to Dramatiq
2026-03-11 04:20:28,050 genlab_core.engagement.poller INFO [POLLER] YouTube: fetched 1 comments for ai_news
2026-03-11 04:20:28,062 engagement.poller INFO YouTube: dispatched 1 comments to Dramatiq
2026-03-11 04:25:29,097 genlab_core.engagement.poller INFO [POLLER] YouTube: fetched 1 comments for ai_news
2026-03-11 04:25:29,124 engagement.poller INFO YouTube: dispatched 1 comments to Dramatiq
2026-03-11 04:30:29,982 genlab_core.engagement.poller INFO [POLLER] YouTube: fetched 1 comments for ai_news
2026-03-11 04:30:30,008 engagement.poller INFO YouTube: dispatched 1 comments to Dramatiq
2026-03-11 04:35:30,456 genlab_core.engagement.poller INFO [POLLER] YouTube: fetched 1 comments for ai_news
2026-03-11 04:35:30,482 engagement.poller INFO YouTube: dispatched 1 comments to Dramatiq
2026-03-11 06:31:16,958 genlab_core.engagement.poller INFO [POLLER] YouTube: fetched 1 comments for ai_news
2026-03-11 06:31:17,012 engagement.poller INFO YouTube: dispatched 1 comments to Dramatiq
2026-03-11 06:36:17,453 genlab_core.engagement.poller INFO [POLLER] YouTube: fetched 1 comments for ai_news
2026-03-11 06:36:17,458 engagement.poller INFO YouTube: dispatched 1 comments to Dramatiq
2026-03-11 06:41:17,826 genlab_core.engagement.poller INFO [POLLER] YouTube: fetched 1 comments for ai_news
2026-03-11 06:41:17,830 engagement.poller INFO YouTube: dispatched 1 comments to Dramatiq
2026-03-11 06:46:18,377 genlab_core.engagement.poller INFO [POLLER] YouTube: fetched 1 comments for ai_news
2026-03-11 06:46:18,388 engagement.poller INFO YouTube: dispatched 1 comments to Dramatiq
2026-03-11 06:51:18,813 genlab_core.engagement.poller INFO [POLLER] YouTube: fetched 1 comments for ai_news
2026-03-11 06:51:18,820 engagement.poller INFO YouTube: dispatched 1 comments to Dramatiq
2026-03-11 06:56:19,402 genlab_core.engagement.poller INFO [POLLER] YouTube: fetched 1 comments for ai_news
2026-03-11 06:56:19,408 engagement.poller INFO YouTube: dispatched 1 comments to Dramatiq
2026-03-11 07:01:19,811 genlab_core.engagement.poller INFO [POLLER] YouTube: fetched 1 comments for ai_news
2026-03-11 07:01:19,816 engagement.poller INFO YouTube: dispatched 1 comments to Dramatiq
2026-03-11 07:06:20,398 genlab_core.engagement.poller INFO [POLLER] YouTube: fetched 1 comments for ai_news
2026-03-11 07:06:20,407 engagement.poller INFO YouTube: dispatched 1 comments to Dramatiq
2026-03-11 07:11:20,896 genlab_core.engagement.poller INFO [POLLER] YouTube: fetched 1 comments for ai_news
2026-03-11 07:11:20,903 engagement.poller INFO YouTube: dispatched 1 comments to Dramatiq
2026-03-11 07:16:21,324 genlab_core.engagement.poller INFO [POLLER] YouTube: fetched 1 comments for ai_news
2026-03-11 07:16:21,334 engagement.poller INFO YouTube: dispatched 1 comments to Dramatiq
2026-03-11 07:21:21,728 genlab_core.engagement.poller INFO [POLLER] YouTube: fetched 1 comments for ai_news
2026-03-11 07:21:21,737 engagement.poller INFO YouTube: dispatched 1 comments to Dramatiq
2026-03-11 07:26:22,331 genlab_core.engagement.poller INFO [POLLER] YouTube: fetched 1 comments for ai_news
2026-03-11 07:26:22,372 engagement.poller INFO YouTube: dispatched 1 comments to Dramatiq
2026-03-11 07:31:22,777 genlab_core.engagement.poller INFO [POLLER] YouTube: fetched 1 comments for ai_news
2026-03-11 07:31:22,782 engagement.poller INFO YouTube: dispatched 1 comments to Dramatiq
2026-03-11 07:36:23,315 genlab_core.engagement.poller INFO [POLLER] YouTube: fetched 1 comments for ai_news
2026-03-11 07:36:23,326 engagement.poller INFO YouTube: dispatched 1 comments to Dramatiq
2026-03-11 07:41:23,843 genlab_core.engagement.poller INFO [POLLER] YouTube: fetched 1 comments for ai_news
2026-03-11 07:41:23,850 engagement.poller INFO YouTube: dispatched 1 comments to Dramatiq
2026-03-11 07:46:24,472 genlab_core.engagement.poller INFO [POLLER] YouTube: fetched 1 comments for ai_news
2026-03-11 07:46:24,476 engagement.poller INFO YouTube: dispatched 1 comments to Dramatiq
2026-03-11 07:51:24,932 genlab_core.engagement.poller INFO [POLLER] YouTube: fetched 1 comments for ai_news
2026-03-11 07:51:24,938 engagement.poller INFO YouTube: dispatched 1 comments to Dramatiq
2026-03-11 07:56:25,514 genlab_core.engagement.poller INFO [POLLER] YouTube: fetched 1 comments for ai_news
2026-03-11 07:56:25,520 engagement.poller INFO YouTube: dispatched 1 comments to Dramatiq
2026-03-11 08:01:25,947 genlab_core.engagement.poller INFO [POLLER] YouTube: fetched 1 comments for ai_news
2026-03-11 08:01:25,953 engagement.poller INFO YouTube: dispatched 1 comments to Dramatiq
2026-03-11 08:06:26,499 genlab_core.engagement.poller INFO [POLLER] YouTube: fetched 1 comments for ai_news
2026-03-11 08:06:26,504 engagement.poller INFO YouTube: dispatched 1 comments to Dramatiq
2026-03-11 08:11:26,931 genlab_core.engagement.poller INFO [POLLER] YouTube: fetched 1 comments for ai_news
2026-03-11 08:11:26,934 engagement.poller INFO YouTube: dispatched 1 comments to Dramatiq
2026-03-11 08:16:27,395 genlab_core.engagement.poller INFO [POLLER] YouTube: fetched 1 comments for ai_news
2026-03-11 08:16:27,402 engagement.poller INFO YouTube: dispatched 1 comments to Dramatiq
2026-03-11 08:21:31,148 genlab_core.engagement.poller INFO [POLLER] YouTube: fetched 1 comments for ai_news
2026-03-11 08:21:31,154 engagement.poller INFO YouTube: dispatched 1 comments to Dramatiq
2026-03-11 08:26:31,678 genlab_core.engagement.poller INFO [POLLER] YouTube: fetched 1 comments for ai_news
2026-03-11 08:26:31,688 engagement.poller INFO YouTube: dispatched 1 comments to Dramatiq
2026-03-11 08:31:32,090 genlab_core.engagement.poller INFO [POLLER] YouTube: fetched 1 comments for ai_news
2026-03-11 08:31:32,162 engagement.poller INFO YouTube: dispatched 1 comments to Dramatiq
2026-03-11 08:36:32,595 genlab_core.engagement.poller INFO [POLLER] YouTube: fetched 1 comments for ai_news
2026-03-11 08:36:32,598 engagement.poller INFO YouTube: dispatched 1 comments to Dramatiq
2026-03-11 08:41:33,008 genlab_core.engagement.poller INFO [POLLER] YouTube: fetched 1 comments for ai_news
2026-03-11 08:41:33,012 engagement.poller INFO YouTube: dispatched 1 comments to Dramatiq
2026-03-11 08:46:33,447 genlab_core.engagement.poller INFO [POLLER] YouTube: fetched 1 comments for ai_news
2026-03-11 08:46:33,451 engagement.poller INFO YouTube: dispatched 1 comments to Dramatiq
2026-03-11 08:51:33,952 genlab_core.engagement.poller INFO [POLLER] YouTube: fetched 1 comments for ai_news
2026-03-11 08:51:33,958 engagement.poller INFO YouTube: dispatched 1 comments to Dramatiq
2026-03-11 08:56:34,423 genlab_core.engagement.poller INFO [POLLER] YouTube: fetched 1 comments for ai_news
2026-03-11 08:56:34,431 engagement.poller INFO YouTube: dispatched 1 comments to Dramatiq
2026-03-11 09:01:34,899 genlab_core.engagement.poller INFO [POLLER] YouTube: fetched 1 comments for ai_news
2026-03-11 09:01:34,909 engagement.poller INFO YouTube: dispatched 1 comments to Dramatiq
2026-03-11 09:06:35,347 genlab_core.engagement.poller INFO [POLLER] YouTube: fetched 1 comments for ai_news
2026-03-11 09:06:35,356 engagement.poller INFO YouTube: dispatched 1 comments to Dramatiq
2026-03-11 09:11:35,785 genlab_core.engagement.poller INFO [POLLER] YouTube: fetched 1 comments for ai_news
2026-03-11 09:11:35,793 engagement.poller INFO YouTube: dispatched 1 comments to Dramatiq
2026-03-11 09:16:36,250 genlab_core.engagement.poller INFO [POLLER] YouTube: fetched 1 comments for ai_news
2026-03-11 09:16:36,257 engagement.poller INFO YouTube: dispatched 1 comments to Dramatiq
2026-03-11 09:21:36,688 genlab_core.engagement.poller INFO [POLLER] YouTube: fetched 1 comments for ai_news
2026-03-11 09:21:36,693 engagement.poller INFO YouTube: dispatched 1 comments to Dramatiq
2026-03-11 09:26:37,104 genlab_core.engagement.poller INFO [POLLER] YouTube: fetched 1 comments for ai_news
2026-03-11 09:26:37,110 engagement.poller INFO YouTube: dispatched 1 comments to Dramatiq
2026-03-11 09:31:37,556 genlab_core.engagement.poller INFO [POLLER] YouTube: fetched 1 comments for ai_news
2026-03-11 09:31:37,562 engagement.poller INFO YouTube: dispatched 1 comments to Dramatiq
2026-03-11 09:36:37,966 genlab_core.engagement.poller INFO [POLLER] YouTube: fetched 1 comments for ai_news
2026-03-11 09:36:37,971 engagement.poller INFO YouTube: dispatched 1 comments to Dramatiq
2026-03-11 09:41:38,411 genlab_core.engagement.poller INFO [POLLER] YouTube: fetched 1 comments for ai_news
2026-03-11 09:41:38,425 engagement.poller INFO YouTube: dispatched 1 comments to Dramatiq
2026-03-11 09:46:38,861 genlab_core.engagement.poller INFO [POLLER] YouTube: fetched 1 comments for ai_news
2026-03-11 09:46:38,873 engagement.poller INFO YouTube: dispatched 1 comments to Dramatiq
2026-03-11 09:51:39,456 genlab_core.engagement.poller INFO [POLLER] YouTube: fetched 1 comments for ai_news
2026-03-11 09:51:39,462 engagement.poller INFO YouTube: dispatched 1 comments to Dramatiq
2026-03-11 09:56:40,019 genlab_core.engagement.poller INFO [POLLER] YouTube: fetched 1 comments for ai_news
2026-03-11 09:56:40,025 engagement.poller INFO YouTube: dispatched 1 comments to Dramatiq
2026-03-11 10:01:40,542 genlab_core.engagement.poller INFO [POLLER] YouTube: fetched 1 comments for ai_news
2026-03-11 10:01:40,547 engagement.poller INFO YouTube: dispatched 1 comments to Dramatiq
2026-03-11 10:06:40,993 genlab_core.engagement.poller INFO [POLLER] YouTube: fetched 1 comments for ai_news
2026-03-11 10:06:41,001 engagement.poller INFO YouTube: dispatched 1 comments to Dramatiq
2026-03-11 10:11:41,487 genlab_core.engagement.poller INFO [POLLER] YouTube: fetched 1 comments for ai_news
2026-03-11 10:11:41,499 engagement.poller INFO YouTube: dispatched 1 comments to Dramatiq
2026-03-11 10:16:42,200 genlab_core.engagement.poller INFO [POLLER] YouTube: fetched 1 comments for ai_news
2026-03-11 10:16:42,207 engagement.poller INFO YouTube: dispatched 1 comments to Dramatiq
2026-03-11 10:21:42,630 genlab_core.engagement.poller INFO [POLLER] YouTube: fetched 1 comments for ai_news
2026-03-11 10:21:42,645 engagement.poller INFO YouTube: dispatched 1 comments to Dramatiq
2026-03-11 10:26:43,139 genlab_core.engagement.poller INFO [POLLER] YouTube: fetched 1 comments for ai_news
2026-03-11 10:26:43,152 engagement.poller INFO YouTube: dispatched 1 comments to Dramatiq
2026-03-11 10:31:43,651 genlab_core.engagement.poller INFO [POLLER] YouTube: fetched 1 comments for ai_news
2026-03-11 10:31:43,663 engagement.poller INFO YouTube: dispatched 1 comments to Dramatiq
2026-03-11 10:36:44,101 genlab_core.engagement.poller INFO [POLLER] YouTube: fetched 1 comments for ai_news
2026-03-11 10:36:44,114 engagement.poller INFO YouTube: dispatched 1 comments to Dramatiq
2026-03-11 10:41:44,672 genlab_core.engagement.poller INFO [POLLER] YouTube: fetched 1 comments for ai_news
2026-03-11 10:41:44,682 engagement.poller INFO YouTube: dispatched 1 comments to Dramatiq
2026-03-11 10:46:45,140 genlab_core.engagement.poller INFO [POLLER] YouTube: fetched 1 comments for ai_news
2026-03-11 10:46:45,149 engagement.poller INFO YouTube: dispatched 1 comments to Dramatiq
2026-03-11 10:51:45,681 genlab_core.engagement.poller INFO [POLLER] YouTube: fetched 1 comments for ai_news
2026-03-11 10:51:45,690 engagement.poller INFO YouTube: dispatched 1 comments to Dramatiq
2026-03-11 10:56:46,279 genlab_core.engagement.poller INFO [POLLER] YouTube: fetched 1 comments for ai_news
2026-03-11 10:56:46,288 engagement.poller INFO YouTube: dispatched 1 comments to Dramatiq
2026-03-11 11:02:01,355 genlab_core.engagement.poller WARNING [POLLER] YouTube poll failed for ai_news: HTTPSConnectionPool(host='oauth2.googleapis.com', port=443): Max retries exceeded with url: /token (Caused by ConnectTimeoutError(<HTTPSConnection(host='oauth2.googleapis.com', port=443) at 0x107332d50>, 'Connection to oauth2.googleapis.com timed out. (connect timeout=10)'))
2026-03-11 11:07:01,816 genlab_core.engagement.poller INFO [POLLER] YouTube: fetched 1 comments for ai_news
2026-03-11 11:07:01,827 engagement.poller INFO YouTube: dispatched 1 comments to Dramatiq
2026-03-11 11:12:02,465 genlab_core.engagement.poller INFO [POLLER] YouTube: fetched 1 comments for ai_news
2026-03-11 11:12:02,478 engagement.poller INFO YouTube: dispatched 1 comments to Dramatiq
2026-03-11 11:17:02,929 genlab_core.engagement.poller INFO [POLLER] YouTube: fetched 1 comments for ai_news
2026-03-11 11:17:02,942 engagement.poller INFO YouTube: dispatched 1 comments to Dramatiq
2026-03-11 11:22:03,384 genlab_core.engagement.poller INFO [POLLER] YouTube: fetched 1 comments for ai_news
2026-03-11 11:22:03,394 engagement.poller INFO YouTube: dispatched 1 comments to Dramatiq
2026-03-11 11:27:03,864 genlab_core.engagement.poller INFO [POLLER] YouTube: fetched 1 comments for ai_news
2026-03-11 11:27:03,874 engagement.poller INFO YouTube: dispatched 1 comments to Dramatiq
2026-03-11 11:32:04,328 genlab_core.engagement.poller INFO [POLLER] YouTube: fetched 1 comments for ai_news
2026-03-11 11:32:04,338 engagement.poller INFO YouTube: dispatched 1 comments to Dramatiq
2026-03-11 11:37:04,785 genlab_core.engagement.poller INFO [POLLER] YouTube: fetched 1 comments for ai_news
2026-03-11 11:37:04,799 engagement.poller INFO YouTube: dispatched 1 comments to Dramatiq
2026-03-11 11:42:05,596 genlab_core.engagement.poller INFO [POLLER] YouTube: fetched 1 comments for ai_news
2026-03-11 11:42:05,607 engagement.poller INFO YouTube: dispatched 1 comments to Dramatiq
2026-03-11 11:47:06,083 genlab_core.engagement.poller INFO [POLLER] YouTube: fetched 1 comments for ai_news
2026-03-11 11:47:06,092 engagement.poller INFO YouTube: dispatched 1 comments to Dramatiq
2026-03-11 11:52:06,584 genlab_core.engagement.poller INFO [POLLER] YouTube: fetched 1 comments for ai_news
2026-03-11 11:52:06,595 engagement.poller INFO YouTube: dispatched 1 comments to Dramatiq
2026-03-11 11:57:07,072 genlab_core.engagement.poller INFO [POLLER] YouTube: fetched 1 comments for ai_news
2026-03-11 11:57:07,083 engagement.poller INFO YouTube: dispatched 1 comments to Dramatiq
2026-03-11 12:02:07,505 genlab_core.engagement.poller INFO [POLLER] YouTube: fetched 1 comments for ai_news
2026-03-11 12:02:07,513 engagement.poller INFO YouTube: dispatched 1 comments to Dramatiq
2026-03-11 12:07:07,991 genlab_core.engagement.poller INFO [POLLER] YouTube: fetched 1 comments for ai_news
2026-03-11 12:07:08,002 engagement.poller INFO YouTube: dispatched 1 comments to Dramatiq
2026-03-11 12:12:08,462 genlab_core.engagement.poller INFO [POLLER] YouTube: fetched 1 comments for ai_news
2026-03-11 12:12:08,477 engagement.poller INFO YouTube: dispatched 1 comments to Dramatiq
2026-03-11 12:17:08,980 genlab_core.engagement.poller INFO [POLLER] YouTube: fetched 1 comments for ai_news
2026-03-11 12:17:08,988 engagement.poller INFO YouTube: dispatched 1 comments to Dramatiq
2026-03-11 12:22:09,651 genlab_core.engagement.poller INFO [POLLER] YouTube: fetched 1 comments for ai_news
2026-03-11 12:22:09,667 engagement.poller INFO YouTube: dispatched 1 comments to Dramatiq
2026-03-11 12:27:10,125 genlab_core.engagement.poller INFO [POLLER] YouTube: fetched 1 comments for ai_news
2026-03-11 12:27:10,133 engagement.poller INFO YouTube: dispatched 1 comments to Dramatiq
2026-03-11 12:32:11,207 genlab_core.engagement.poller INFO [POLLER] YouTube: fetched 1 comments for ai_news
2026-03-11 12:32:11,220 engagement.poller INFO YouTube: dispatched 1 comments to Dramatiq
2026-03-11 12:37:11,670 genlab_core.engagement.poller INFO [POLLER] YouTube: fetched 1 comments for ai_news
2026-03-11 12:37:11,681 engagement.poller INFO YouTube: dispatched 1 comments to Dramatiq
2026-03-11 12:42:12,204 genlab_core.engagement.poller INFO [POLLER] YouTube: fetched 1 comments for ai_news
2026-03-11 12:42:12,213 engagement.poller INFO YouTube: dispatched 1 comments to Dramatiq
2026-03-11 12:47:12,674 genlab_core.engagement.poller INFO [POLLER] YouTube: fetched 1 comments for ai_news
2026-03-11 12:47:12,686 engagement.poller INFO YouTube: dispatched 1 comments to Dramatiq
2026-03-11 12:52:13,640 genlab_core.engagement.poller INFO [POLLER] YouTube: fetched 1 comments for ai_news
2026-03-11 12:52:13,653 engagement.poller INFO YouTube: dispatched 1 comments to Dramatiq
2026-03-11 12:57:14,154 genlab_core.engagement.poller INFO [POLLER] YouTube: fetched 1 comments for ai_news
2026-03-11 12:57:14,169 engagement.poller INFO YouTube: dispatched 1 comments to Dramatiq
2026-03-11 13:02:14,599 genlab_core.engagement.poller INFO [POLLER] YouTube: fetched 1 comments for ai_news
2026-03-11 13:02:14,606 engagement.poller INFO YouTube: dispatched 1 comments to Dramatiq
2026-03-11 13:07:15,051 genlab_core.engagement.poller INFO [POLLER] YouTube: fetched 1 comments for ai_news
2026-03-11 13:07:15,069 engagement.poller INFO YouTube: dispatched 1 comments to Dramatiq
2026-03-11 13:12:15,595 genlab_core.engagement.poller INFO [POLLER] YouTube: fetched 1 comments for ai_news
2026-03-11 13:12:15,605 engagement.poller INFO YouTube: dispatched 1 comments to Dramatiq
2026-03-11 13:17:16,110 genlab_core.engagement.poller INFO [POLLER] YouTube: fetched 1 comments for ai_news
2026-03-11 13:17:16,121 engagement.poller INFO YouTube: dispatched 1 comments to Dramatiq
2026-03-11 13:22:16,828 genlab_core.engagement.poller INFO [POLLER] YouTube: fetched 1 comments for ai_news
2026-03-11 13:22:16,837 engagement.poller INFO YouTube: dispatched 1 comments to Dramatiq
2026-03-11 13:27:17,373 genlab_core.engagement.poller INFO [POLLER] YouTube: fetched 1 comments for ai_news
2026-03-11 13:27:17,381 engagement.poller INFO YouTube: dispatched 1 comments to Dramatiq
2026-03-11 13:32:17,923 genlab_core.engagement.poller INFO [POLLER] YouTube: fetched 1 comments for ai_news
2026-03-11 13:32:17,928 engagement.poller INFO YouTube: dispatched 1 comments to Dramatiq
2026-03-11 13:37:18,533 genlab_core.engagement.poller INFO [POLLER] YouTube: fetched 1 comments for ai_news
2026-03-11 13:37:18,549 engagement.poller INFO YouTube: dispatched 1 comments to Dramatiq
2026-03-11 13:42:19,026 genlab_core.engagement.poller INFO [POLLER] YouTube: fetched 1 comments for ai_news
2026-03-11 13:42:19,041 engagement.poller INFO YouTube: dispatched 1 comments to Dramatiq
2026-03-11 13:47:19,549 genlab_core.engagement.poller INFO [POLLER] YouTube: fetched 1 comments for ai_news
2026-03-11 13:47:19,560 engagement.poller INFO YouTube: dispatched 1 comments to Dramatiq
2026-03-11 13:52:20,021 genlab_core.engagement.poller INFO [POLLER] YouTube: fetched 1 comments for ai_news
2026-03-11 13:52:20,031 engagement.poller INFO YouTube: dispatched 1 comments to Dramatiq
2026-03-11 13:57:21,050 genlab_core.engagement.poller INFO [POLLER] YouTube: fetched 1 comments for ai_news
2026-03-11 13:57:21,057 engagement.poller INFO YouTube: dispatched 1 comments to Dramatiq
2026-03-11 14:02:21,605 genlab_core.engagement.poller INFO [POLLER] YouTube: fetched 1 comments for ai_news
2026-03-11 14:02:21,616 engagement.poller INFO YouTube: dispatched 1 comments to Dramatiq
2026-03-11 14:07:22,429 genlab_core.engagement.poller INFO [POLLER] YouTube: fetched 1 comments for ai_news
2026-03-11 14:07:22,440 engagement.poller INFO YouTube: dispatched 1 comments to Dramatiq
2026-03-11 14:12:23,163 genlab_core.engagement.poller INFO [POLLER] YouTube: fetched 1 comments for ai_news
2026-03-11 14:12:23,176 engagement.poller INFO YouTube: dispatched 1 comments to Dramatiq
2026-03-11 14:17:23,754 genlab_core.engagement.poller INFO [POLLER] YouTube: fetched 1 comments for ai_news
2026-03-11 14:17:23,761 engagement.poller INFO YouTube: dispatched 1 comments to Dramatiq
2026-03-11 14:22:26,047 genlab_core.engagement.poller INFO [POLLER] YouTube: fetched 1 comments for ai_news
2026-03-11 14:22:26,062 engagement.poller INFO YouTube: dispatched 1 comments to Dramatiq
2026-03-11 14:27:26,731 genlab_core.engagement.poller INFO [POLLER] YouTube: fetched 1 comments for ai_news
2026-03-11 14:27:26,743 engagement.poller INFO YouTube: dispatched 1 comments to Dramatiq
2026-03-11 14:32:27,209 genlab_core.engagement.poller INFO [POLLER] YouTube: fetched 1 comments for ai_news
2026-03-11 14:32:27,215 engagement.poller INFO YouTube: dispatched 1 comments to Dramatiq
2026-03-11 14:37:27,677 genlab_core.engagement.poller INFO [POLLER] YouTube: fetched 1 comments for ai_news
2026-03-11 14:37:27,687 engagement.poller INFO YouTube: dispatched 1 comments to Dramatiq
2026-03-11 14:42:28,175 genlab_core.engagement.poller INFO [POLLER] YouTube: fetched 1 comments for ai_news
2026-03-11 14:42:28,182 engagement.poller INFO YouTube: dispatched 1 comments to Dramatiq
2026-03-11 14:47:28,865 genlab_core.engagement.poller INFO [POLLER] YouTube: fetched 1 comments for ai_news
2026-03-11 14:47:28,873 engagement.poller INFO YouTube: dispatched 1 comments to Dramatiq
2026-03-11 14:52:29,357 genlab_core.engagement.poller INFO [POLLER] YouTube: fetched 1 comments for ai_news
2026-03-11 14:52:29,365 engagement.poller INFO YouTube: dispatched 1 comments to Dramatiq
2026-03-11 14:57:29,867 genlab_core.engagement.poller INFO [POLLER] YouTube: fetched 1 comments for ai_news
2026-03-11 14:57:29,876 engagement.poller INFO YouTube: dispatched 1 comments to Dramatiq
2026-03-11 15:02:30,301 genlab_core.engagement.poller INFO [POLLER] YouTube: fetched 1 comments for ai_news
2026-03-11 15:02:30,311 engagement.poller INFO YouTube: dispatched 1 comments to Dramatiq
2026-03-11 15:07:30,835 genlab_core.engagement.poller INFO [POLLER] YouTube: fetched 1 comments for ai_news
2026-03-11 15:07:30,846 engagement.poller INFO YouTube: dispatched 1 comments to Dramatiq
2026-03-11 15:12:31,326 genlab_core.engagement.poller INFO [POLLER] YouTube: fetched 1 comments for ai_news
2026-03-11 15:12:31,334 engagement.poller INFO YouTube: dispatched 1 comments to Dramatiq
2026-03-11 15:17:31,798 genlab_core.engagement.poller INFO [POLLER] YouTube: fetched 1 comments for ai_news
2026-03-11 15:17:31,808 engagement.poller INFO YouTube: dispatched 1 comments to Dramatiq
2026-03-11 15:22:32,283 genlab_core.engagement.poller INFO [POLLER] YouTube: fetched 1 comments for ai_news
2026-03-11 15:22:32,294 engagement.poller INFO YouTube: dispatched 1 comments to Dramatiq
2026-03-11 15:27:32,745 genlab_core.engagement.poller INFO [POLLER] YouTube: fetched 1 comments for ai_news
2026-03-11 15:27:32,756 engagement.poller INFO YouTube: dispatched 1 comments to Dramatiq
2026-03-11 15:32:33,314 genlab_core.engagement.poller INFO [POLLER] YouTube: fetched 1 comments for ai_news
2026-03-11 15:32:33,319 engagement.poller INFO YouTube: dispatched 1 comments to Dramatiq
2026-03-11 15:37:33,815 genlab_core.engagement.poller INFO [POLLER] YouTube: fetched 1 comments for ai_news
2026-03-11 15:37:33,832 engagement.poller INFO YouTube: dispatched 1 comments to Dramatiq
2026-03-11 15:42:34,245 genlab_core.engagement.poller INFO [POLLER] YouTube: fetched 1 comments for ai_news
2026-03-11 15:42:34,255 engagement.poller INFO YouTube: dispatched 1 comments to Dramatiq
2026-03-11 15:47:34,687 genlab_core.engagement.poller INFO [POLLER] YouTube: fetched 1 comments for ai_news
2026-03-11 15:47:34,695 engagement.poller INFO YouTube: dispatched 1 comments to Dramatiq
2026-03-11 15:52:35,157 genlab_core.engagement.poller INFO [POLLER] YouTube: fetched 1 comments for ai_news
2026-03-11 15:52:35,167 engagement.poller INFO YouTube: dispatched 1 comments to Dramatiq
2026-03-11 15:57:35,726 genlab_core.engagement.poller INFO [POLLER] YouTube: fetched 1 comments for ai_news
2026-03-11 15:57:35,734 engagement.poller INFO YouTube: dispatched 1 comments to Dramatiq
2026-03-11 16:02:36,203 genlab_core.engagement.poller INFO [POLLER] YouTube: fetched 1 comments for ai_news
2026-03-11 16:02:36,212 engagement.poller INFO YouTube: dispatched 1 comments to Dramatiq
2026-03-11 16:07:36,702 genlab_core.engagement.poller INFO [POLLER] YouTube: fetched 1 comments for ai_news
2026-03-11 16:07:36,711 engagement.poller INFO YouTube: dispatched 1 comments to Dramatiq
2026-03-11 16:12:37,232 genlab_core.engagement.poller INFO [POLLER] YouTube: fetched 1 comments for ai_news
2026-03-11 16:12:37,243 engagement.poller INFO YouTube: dispatched 1 comments to Dramatiq
2026-03-11 16:17:37,727 genlab_core.engagement.poller INFO [POLLER] YouTube: fetched 1 comments for ai_news
2026-03-11 16:17:37,740 engagement.poller INFO YouTube: dispatched 1 comments to Dramatiq
2026-03-11 16:22:38,246 genlab_core.engagement.poller INFO [POLLER] YouTube: fetched 1 comments for ai_news
2026-03-11 16:22:38,253 engagement.poller INFO YouTube: dispatched 1 comments to Dramatiq
2026-03-11 16:27:38,873 genlab_core.engagement.poller INFO [POLLER] YouTube: fetched 1 comments for ai_news
2026-03-11 16:27:38,884 engagement.poller INFO YouTube: dispatched 1 comments to Dramatiq
2026-03-11 16:32:39,342 genlab_core.engagement.poller INFO [POLLER] YouTube: fetched 1 comments for ai_news
2026-03-11 16:32:39,355 engagement.poller INFO YouTube: dispatched 1 comments to Dramatiq
2026-03-11 16:37:39,842 genlab_core.engagement.poller INFO [POLLER] YouTube: fetched 1 comments for ai_news
2026-03-11 16:37:39,852 engagement.poller INFO YouTube: dispatched 1 comments to Dramatiq
2026-03-11 16:42:40,314 genlab_core.engagement.poller INFO [POLLER] YouTube: fetched 1 comments for ai_news
2026-03-11 16:42:40,319 engagement.poller INFO YouTube: dispatched 1 comments to Dramatiq
2026-03-11 16:47:40,773 genlab_core.engagement.poller INFO [POLLER] YouTube: fetched 1 comments for ai_news
2026-03-11 16:47:40,784 engagement.poller INFO YouTube: dispatched 1 comments to Dramatiq
2026-03-11 16:52:41,227 genlab_core.engagement.poller INFO [POLLER] YouTube: fetched 1 comments for ai_news
2026-03-11 16:52:41,233 engagement.poller INFO YouTube: dispatched 1 comments to Dramatiq
2026-03-11 16:57:41,885 genlab_core.engagement.poller INFO [POLLER] YouTube: fetched 1 comments for ai_news
2026-03-11 16:57:41,892 engagement.poller INFO YouTube: dispatched 1 comments to Dramatiq
2026-03-11 17:02:42,351 genlab_core.engagement.poller INFO [POLLER] YouTube: fetched 1 comments for ai_news
2026-03-11 17:02:42,357 engagement.poller INFO YouTube: dispatched 1 comments to Dramatiq
2026-03-11 17:07:43,708 genlab_core.engagement.poller INFO [POLLER] YouTube: fetched 1 comments for ai_news
2026-03-11 17:07:43,789 engagement.poller INFO YouTube: dispatched 1 comments to Dramatiq
2026-03-11 17:12:44,416 genlab_core.engagement.poller INFO [POLLER] YouTube: fetched 1 comments for ai_news
2026-03-11 17:12:44,429 engagement.poller INFO YouTube: dispatched 1 comments to Dramatiq
2026-03-11 17:17:45,114 genlab_core.engagement.poller INFO [POLLER] YouTube: fetched 1 comments for ai_news
2026-03-11 17:17:45,124 engagement.poller INFO YouTube: dispatched 1 comments to Dramatiq
2026-03-11 17:22:45,570 genlab_core.engagement.poller INFO [POLLER] YouTube: fetched 1 comments for ai_news
2026-03-11 17:22:45,581 engagement.poller INFO YouTube: dispatched 1 comments to Dramatiq
2026-03-11 17:27:46,091 genlab_core.engagement.poller INFO [POLLER] YouTube: fetched 1 comments for ai_news
2026-03-11 17:27:46,101 engagement.poller INFO YouTube: dispatched 1 comments to Dramatiq
2026-03-11 17:32:46,649 genlab_core.engagement.poller INFO [POLLER] YouTube: fetched 1 comments for ai_news
2026-03-11 17:32:46,657 engagement.poller INFO YouTube: dispatched 1 comments to Dramatiq
2026-03-11 17:37:47,102 genlab_core.engagement.poller INFO [POLLER] YouTube: fetched 1 comments for ai_news
2026-03-11 17:37:47,110 engagement.poller INFO YouTube: dispatched 1 comments to Dramatiq
2026-03-11 17:42:48,937 genlab_core.engagement.poller INFO [POLLER] YouTube: fetched 1 comments for ai_news
2026-03-11 17:42:48,948 engagement.poller INFO YouTube: dispatched 1 comments to Dramatiq
2026-03-11 17:47:49,900 genlab_core.engagement.poller INFO [POLLER] YouTube: fetched 1 comments for ai_news
2026-03-11 17:47:49,908 engagement.poller INFO YouTube: dispatched 1 comments to Dramatiq
2026-03-11 17:52:50,445 genlab_core.engagement.poller INFO [POLLER] YouTube: fetched 1 comments for ai_news
2026-03-11 17:52:50,454 engagement.poller INFO YouTube: dispatched 1 comments to Dramatiq
2026-03-11 17:57:51,900 genlab_core.engagement.poller INFO [POLLER] YouTube: fetched 1 comments for ai_news
2026-03-11 17:57:51,909 engagement.poller INFO YouTube: dispatched 1 comments to Dramatiq
2026-03-11 18:02:52,437 genlab_core.engagement.poller INFO [POLLER] YouTube: fetched 1 comments for ai_news
2026-03-11 18:02:52,451 engagement.poller INFO YouTube: dispatched 1 comments to Dramatiq
2026-03-11 18:07:52,915 genlab_core.engagement.poller INFO [POLLER] YouTube: fetched 1 comments for ai_news
2026-03-11 18:07:52,922 engagement.poller INFO YouTube: dispatched 1 comments to Dramatiq
2026-03-11 18:12:53,403 genlab_core.engagement.poller INFO [POLLER] YouTube: fetched 1 comments for ai_news
2026-03-11 18:12:53,409 engagement.poller INFO YouTube: dispatched 1 comments to Dramatiq
2026-03-11 18:17:53,903 genlab_core.engagement.poller INFO [POLLER] YouTube: fetched 1 comments for ai_news
2026-03-11 18:17:53,915 engagement.poller INFO YouTube: dispatched 1 comments to Dramatiq
2026-03-11 18:22:54,446 genlab_core.engagement.poller INFO [POLLER] YouTube: fetched 1 comments for ai_news
2026-03-11 18:22:54,464 engagement.poller INFO YouTube: dispatched 1 comments to Dramatiq
2026-03-11 18:27:54,957 genlab_core.engagement.poller INFO [POLLER] YouTube: fetched 1 comments for ai_news
2026-03-11 18:27:54,984 engagement.poller INFO YouTube: dispatched 1 comments to Dramatiq
2026-03-11 18:32:55,520 genlab_core.engagement.poller INFO [POLLER] YouTube: fetched 1 comments for ai_news
2026-03-11 18:32:55,525 engagement.poller INFO YouTube: dispatched 1 comments to Dramatiq
2026-03-11 18:37:56,290 genlab_core.engagement.poller INFO [POLLER] YouTube: fetched 1 comments for ai_news
2026-03-11 18:37:56,297 engagement.poller INFO YouTube: dispatched 1 comments to Dramatiq
2026-03-11 18:42:56,781 genlab_core.engagement.poller INFO [POLLER] YouTube: fetched 1 comments for ai_news
2026-03-11 18:42:56,795 engagement.poller INFO YouTube: dispatched 1 comments to Dramatiq
2026-03-11 18:47:57,315 genlab_core.engagement.poller INFO [POLLER] YouTube: fetched 1 comments for ai_news
2026-03-11 18:47:57,345 engagement.poller INFO YouTube: dispatched 1 comments to Dramatiq
2026-03-11 18:52:58,128 genlab_core.engagement.poller INFO [POLLER] YouTube: fetched 1 comments for ai_news
2026-03-11 18:52:58,140 engagement.poller INFO YouTube: dispatched 1 comments to Dramatiq
2026-03-11 18:57:58,582 genlab_core.engagement.poller INFO [POLLER] YouTube: fetched 1 comments for ai_news
2026-03-11 18:57:58,587 engagement.poller INFO YouTube: dispatched 1 comments to Dramatiq
2026-03-11 19:03:01,045 genlab_core.engagement.poller INFO [POLLER] YouTube: fetched 1 comments for ai_news
2026-03-11 19:03:01,052 engagement.poller INFO YouTube: dispatched 1 comments to Dramatiq
2026-03-11 19:08:01,541 genlab_core.engagement.poller INFO [POLLER] YouTube: fetched 1 comments for ai_news
2026-03-11 19:08:01,556 engagement.poller INFO YouTube: dispatched 1 comments to Dramatiq
2026-03-11 19:13:02,033 genlab_core.engagement.poller INFO [POLLER] YouTube: fetched 1 comments for ai_news
2026-03-11 19:13:02,046 engagement.poller INFO YouTube: dispatched 1 comments to Dramatiq
2026-03-11 19:18:02,618 genlab_core.engagement.poller INFO [POLLER] YouTube: fetched 1 comments for ai_news
2026-03-11 19:18:02,634 engagement.poller INFO YouTube: dispatched 1 comments to Dramatiq
2026-03-11 19:23:03,560 genlab_core.engagement.poller INFO [POLLER] YouTube: fetched 1 comments for ai_news
2026-03-11 19:23:03,570 engagement.poller INFO YouTube: dispatched 1 comments to Dramatiq
2026-03-11 19:28:04,016 genlab_core.engagement.poller INFO [POLLER] YouTube: fetched 1 comments for ai_news
2026-03-11 19:28:04,024 engagement.poller INFO YouTube: dispatched 1 comments to Dramatiq
2026-03-11 19:33:04,520 genlab_core.engagement.poller INFO [POLLER] YouTube: fetched 1 comments for ai_news
2026-03-11 19:33:04,526 engagement.poller INFO YouTube: dispatched 1 comments to Dramatiq
2026-03-11 19:38:05,013 genlab_core.engagement.poller INFO [POLLER] YouTube: fetched 1 comments for ai_news
2026-03-11 19:38:05,019 engagement.poller INFO YouTube: dispatched 1 comments to Dramatiq
2026-03-11 19:43:05,640 genlab_core.engagement.poller INFO [POLLER] YouTube: fetched 1 comments for ai_news
2026-03-11 19:43:05,646 engagement.poller INFO YouTube: dispatched 1 comments to Dramatiq
2026-03-11 19:48:06,097 genlab_core.engagement.poller INFO [POLLER] YouTube: fetched 1 comments for ai_news
2026-03-11 19:48:06,105 engagement.poller INFO YouTube: dispatched 1 comments to Dramatiq
2026-03-11 19:53:06,587 genlab_core.engagement.poller INFO [POLLER] YouTube: fetched 1 comments for ai_news
2026-03-11 19:53:06,592 engagement.poller INFO YouTube: dispatched 1 comments to Dramatiq
2026-03-11 19:58:07,074 genlab_core.engagement.poller INFO [POLLER] YouTube: fetched 1 comments for ai_news
2026-03-11 19:58:07,081 engagement.poller INFO YouTube: dispatched 1 comments to Dramatiq
2026-03-11 20:03:07,596 genlab_core.engagement.poller INFO [POLLER] YouTube: fetched 1 comments for ai_news
2026-03-11 20:03:07,610 engagement.poller INFO YouTube: dispatched 1 comments to Dramatiq
2026-03-11 20:08:09,590 genlab_core.engagement.poller INFO [POLLER] YouTube: fetched 1 comments for ai_news
2026-03-11 20:08:09,598 engagement.poller INFO YouTube: dispatched 1 comments to Dramatiq
2026-03-11 20:13:11,858 genlab_core.engagement.poller INFO [POLLER] YouTube: fetched 1 comments for ai_news
2026-03-11 20:13:11,867 engagement.poller INFO YouTube: dispatched 1 comments to Dramatiq
2026-03-11 20:18:12,389 genlab_core.engagement.poller INFO [POLLER] YouTube: fetched 1 comments for ai_news
2026-03-11 20:18:12,407 engagement.poller INFO YouTube: dispatched 1 comments to Dramatiq
2026-03-11 20:23:13,047 genlab_core.engagement.poller INFO [POLLER] YouTube: fetched 1 comments for ai_news
2026-03-11 20:23:13,053 engagement.poller INFO YouTube: dispatched 1 comments to Dramatiq
2026-03-11 20:28:13,516 genlab_core.engagement.poller INFO [POLLER] YouTube: fetched 1 comments for ai_news
2026-03-11 20:28:13,531 engagement.poller INFO YouTube: dispatched 1 comments to Dramatiq
2026-03-11 20:33:13,981 genlab_core.engagement.poller INFO [POLLER] YouTube: fetched 1 comments for ai_news
2026-03-11 20:33:13,989 engagement.poller INFO YouTube: dispatched 1 comments to Dramatiq
2026-03-11 20:43:58,240 engagement.poller INFO Engagement poller starting — mode=DISPATCH niche=ai_news platform=youtube
2026-03-11 20:43:58,283 engagement.poller INFO Starting YouTube poller for niche=ai_news channel=UC3GCipF_BTgjaxu-iSuBZ-g interval=300s
2026-03-11 20:43:59,304 genlab_core.engagement.poller INFO [POLLER] YouTube: fetched 1 comments for ai_news
2026-03-11 20:43:59,474 engagement.poller INFO YouTube: dispatched 1 comments to Dramatiq
2026-03-11 20:48:59,953 genlab_core.engagement.poller INFO [POLLER] YouTube: fetched 1 comments for ai_news
2026-03-11 20:48:59,965 engagement.poller INFO YouTube: dispatched 1 comments to Dramatiq
2026-03-11 20:54:00,596 genlab_core.engagement.poller INFO [POLLER] YouTube: fetched 1 comments for ai_news
2026-03-11 20:54:00,617 engagement.poller INFO YouTube: dispatched 1 comments to Dramatiq
2026-03-11 20:59:01,053 genlab_core.engagement.poller INFO [POLLER] YouTube: fetched 1 comments for ai_news
2026-03-11 20:59:01,057 engagement.poller INFO YouTube: dispatched 1 comments to Dramatiq
2026-03-11 21:04:01,552 genlab_core.engagement.poller INFO [POLLER] YouTube: fetched 1 comments for ai_news
2026-03-11 21:04:01,563 engagement.poller INFO YouTube: dispatched 1 comments to Dramatiq
2026-03-11 21:09:02,048 genlab_core.engagement.poller INFO [POLLER] YouTube: fetched 1 comments for ai_news
2026-03-11 21:09:02,057 engagement.poller INFO YouTube: dispatched 1 comments to Dramatiq
2026-03-11 21:14:02,542 genlab_core.engagement.poller INFO [POLLER] YouTube: fetched 1 comments for ai_news
2026-03-11 21:14:02,548 engagement.poller INFO YouTube: dispatched 1 comments to Dramatiq
2026-03-11 21:19:03,042 genlab_core.engagement.poller INFO [POLLER] YouTube: fetched 1 comments for ai_news
2026-03-11 21:19:03,048 engagement.poller INFO YouTube: dispatched 1 comments to Dramatiq
2026-03-11 21:24:03,483 genlab_core.engagement.poller INFO [POLLER] YouTube: fetched 1 comments for ai_news
2026-03-11 21:24:03,488 engagement.poller INFO YouTube: dispatched 1 comments to Dramatiq
2026-03-11 21:29:04,045 genlab_core.engagement.poller INFO [POLLER] YouTube: fetched 1 comments for ai_news
2026-03-11 21:29:04,053 engagement.poller INFO YouTube: dispatched 1 comments to Dramatiq
2026-03-11 21:34:04,659 genlab_core.engagement.poller INFO [POLLER] YouTube: fetched 1 comments for ai_news
2026-03-11 21:34:04,666 engagement.poller INFO YouTube: dispatched 1 comments to Dramatiq
2026-03-11 21:46:57,663 genlab_core.engagement.poller INFO [POLLER] YouTube: fetched 1 comments for ai_news
2026-03-11 21:46:57,671 engagement.poller INFO YouTube: dispatched 1 comments to Dramatiq
2026-03-11 21:51:58,254 genlab_core.engagement.poller INFO [POLLER] YouTube: fetched 1 comments for ai_news
2026-03-11 21:51:58,258 engagement.poller INFO YouTube: dispatched 1 comments to Dramatiq
2026-03-11 21:56:58,817 genlab_core.engagement.poller INFO [POLLER] YouTube: fetched 1 comments for ai_news
2026-03-11 21:56:58,824 engagement.poller INFO YouTube: dispatched 1 comments to Dramatiq
2026-03-11 22:01:59,296 genlab_core.engagement.poller INFO [POLLER] YouTube: fetched 1 comments for ai_news
2026-03-11 22:01:59,302 engagement.poller INFO YouTube: dispatched 1 comments to Dramatiq
2026-03-11 22:07:00,116 genlab_core.engagement.poller INFO [POLLER] YouTube: fetched 1 comments for ai_news
2026-03-11 22:07:00,120 engagement.poller INFO YouTube: dispatched 1 comments to Dramatiq
2026-03-11 22:12:00,822 genlab_core.engagement.poller INFO [POLLER] YouTube: fetched 1 comments for ai_news
2026-03-11 22:12:00,829 engagement.poller INFO YouTube: dispatched 1 comments to Dramatiq
2026-03-11 22:17:01,314 genlab_core.engagement.poller INFO [POLLER] YouTube: fetched 1 comments for ai_news
2026-03-11 22:17:01,322 engagement.poller INFO YouTube: dispatched 1 comments to Dramatiq
2026-03-11 22:22:01,773 genlab_core.engagement.poller INFO [POLLER] YouTube: fetched 1 comments for ai_news
2026-03-11 22:22:01,784 engagement.poller INFO YouTube: dispatched 1 comments to Dramatiq
2026-03-11 22:27:02,180 genlab_core.engagement.poller INFO [POLLER] YouTube: fetched 1 comments for ai_news
2026-03-11 22:27:02,187 engagement.poller INFO YouTube: dispatched 1 comments to Dramatiq
2026-03-11 22:32:02,636 genlab_core.engagement.poller INFO [POLLER] YouTube: fetched 1 comments for ai_news
2026-03-11 22:32:02,642 engagement.poller INFO YouTube: dispatched 1 comments to Dramatiq
2026-03-11 22:37:03,084 genlab_core.engagement.poller INFO [POLLER] YouTube: fetched 1 comments for ai_news
2026-03-11 22:37:03,094 engagement.poller INFO YouTube: dispatched 1 comments to Dramatiq
2026-03-11 22:42:05,409 genlab_core.engagement.poller INFO [POLLER] YouTube: fetched 1 comments for ai_news
2026-03-11 22:42:05,420 engagement.poller INFO YouTube: dispatched 1 comments to Dramatiq
2026-03-11 22:47:08,065 genlab_core.engagement.poller INFO [POLLER] YouTube: fetched 1 comments for ai_news
2026-03-11 22:47:08,074 engagement.poller INFO YouTube: dispatched 1 comments to Dramatiq
2026-03-11 22:52:10,271 genlab_core.engagement.poller INFO [POLLER] YouTube: fetched 1 comments for ai_news
2026-03-11 22:52:10,279 engagement.poller INFO YouTube: dispatched 1 comments to Dramatiq
2026-03-11 22:57:10,792 genlab_core.engagement.poller INFO [POLLER] YouTube: fetched 1 comments for ai_news
2026-03-11 22:57:10,804 engagement.poller INFO YouTube: dispatched 1 comments to Dramatiq
2026-03-11 23:02:11,514 genlab_core.engagement.poller INFO [POLLER] YouTube: fetched 1 comments for ai_news
2026-03-11 23:02:11,520 engagement.poller INFO YouTube: dispatched 1 comments to Dramatiq
2026-03-11 23:07:12,108 genlab_core.engagement.poller INFO [POLLER] YouTube: fetched 1 comments for ai_news
2026-03-11 23:07:12,112 engagement.poller INFO YouTube: dispatched 1 comments to Dramatiq
2026-03-11 23:12:12,583 genlab_core.engagement.poller INFO [POLLER] YouTube: fetched 1 comments for ai_news
2026-03-11 23:12:12,589 engagement.poller INFO YouTube: dispatched 1 comments to Dramatiq
2026-03-11 23:17:13,015 genlab_core.engagement.poller INFO [POLLER] YouTube: fetched 1 comments for ai_news
2026-03-11 23:17:13,024 engagement.poller INFO YouTube: dispatched 1 comments to Dramatiq
2026-03-11 23:22:13,424 genlab_core.engagement.poller INFO [POLLER] YouTube: fetched 1 comments for ai_news
2026-03-11 23:22:13,429 engagement.poller INFO YouTube: dispatched 1 comments to Dramatiq
2026-03-11 23:27:13,958 genlab_core.engagement.poller INFO [POLLER] YouTube: fetched 1 comments for ai_news
2026-03-11 23:27:13,966 engagement.poller INFO YouTube: dispatched 1 comments to Dramatiq
2026-03-11 23:32:14,444 genlab_core.engagement.poller INFO [POLLER] YouTube: fetched 1 comments for ai_news
2026-03-11 23:32:14,453 engagement.poller INFO YouTube: dispatched 1 comments to Dramatiq
2026-03-11 23:37:15,001 genlab_core.engagement.poller INFO [POLLER] YouTube: fetched 1 comments for ai_news
2026-03-11 23:37:15,010 engagement.poller INFO YouTube: dispatched 1 comments to Dramatiq
2026-03-11 23:42:15,428 genlab_core.engagement.poller INFO [POLLER] YouTube: fetched 1 comments for ai_news
2026-03-11 23:42:15,436 engagement.poller INFO YouTube: dispatched 1 comments to Dramatiq
2026-03-11 23:47:16,207 genlab_core.engagement.poller INFO [POLLER] YouTube: fetched 1 comments for ai_news
2026-03-11 23:47:16,212 engagement.poller INFO YouTube: dispatched 1 comments to Dramatiq
2026-03-11 23:52:16,673 genlab_core.engagement.poller INFO [POLLER] YouTube: fetched 1 comments for ai_news
2026-03-11 23:52:16,681 engagement.poller INFO YouTube: dispatched 1 comments to Dramatiq
2026-03-11 23:57:17,200 genlab_core.engagement.poller INFO [POLLER] YouTube: fetched 1 comments for ai_news
2026-03-11 23:57:17,206 engagement.poller INFO YouTube: dispatched 1 comments to Dramatiq
2026-03-12 00:02:17,627 genlab_core.engagement.poller INFO [POLLER] YouTube: fetched 1 comments for ai_news
2026-03-12 00:02:17,632 engagement.poller INFO YouTube: dispatched 1 comments to Dramatiq
2026-03-12 00:07:18,455 genlab_core.engagement.poller INFO [POLLER] YouTube: fetched 1 comments for ai_news
2026-03-12 00:07:18,465 engagement.poller INFO YouTube: dispatched 1 comments to Dramatiq
2026-03-12 00:12:18,879 genlab_core.engagement.poller INFO [POLLER] YouTube: fetched 1 comments for ai_news
2026-03-12 00:12:18,885 engagement.poller INFO YouTube: dispatched 1 comments to Dramatiq
2026-03-12 00:17:19,601 genlab_core.engagement.poller INFO [POLLER] YouTube: fetched 1 comments for ai_news
2026-03-12 00:17:19,604 engagement.poller INFO YouTube: dispatched 1 comments to Dramatiq
2026-03-12 00:22:19,990 genlab_core.engagement.poller INFO [POLLER] YouTube: fetched 1 comments for ai_news
2026-03-12 00:22:19,996 engagement.poller INFO YouTube: dispatched 1 comments to Dramatiq
2026-03-12 00:27:20,774 genlab_core.engagement.poller INFO [POLLER] YouTube: fetched 1 comments for ai_news
2026-03-12 00:27:20,785 engagement.poller INFO YouTube: dispatched 1 comments to Dramatiq
2026-03-12 00:32:21,167 genlab_core.engagement.poller INFO [POLLER] YouTube: fetched 1 comments for ai_news
2026-03-12 00:32:21,174 engagement.poller INFO YouTube: dispatched 1 comments to Dramatiq
2026-03-12 00:37:21,949 genlab_core.engagement.poller INFO [POLLER] YouTube: fetched 1 comments for ai_news
2026-03-12 00:37:21,958 engagement.poller INFO YouTube: dispatched 1 comments to Dramatiq
2026-03-12 00:42:22,380 genlab_core.engagement.poller INFO [POLLER] YouTube: fetched 1 comments for ai_news
2026-03-12 00:42:22,389 engagement.poller INFO YouTube: dispatched 1 comments to Dramatiq
2026-03-12 00:47:23,000 genlab_core.engagement.poller INFO [POLLER] YouTube: fetched 1 comments for ai_news
2026-03-12 00:47:23,009 engagement.poller INFO YouTube: dispatched 1 comments to Dramatiq
2026-03-12 00:52:23,402 genlab_core.engagement.poller INFO [POLLER] YouTube: fetched 1 comments for ai_news
2026-03-12 00:52:23,408 engagement.poller INFO YouTube: dispatched 1 comments to Dramatiq
2026-03-12 00:57:24,070 genlab_core.engagement.poller INFO [POLLER] YouTube: fetched 1 comments for ai_news
2026-03-12 00:57:24,077 engagement.poller INFO YouTube: dispatched 1 comments to Dramatiq
2026-03-12 01:02:24,478 genlab_core.engagement.poller INFO [POLLER] YouTube: fetched 1 comments for ai_news
2026-03-12 01:02:24,489 engagement.poller INFO YouTube: dispatched 1 comments to Dramatiq
2026-03-12 01:07:25,098 genlab_core.engagement.poller INFO [POLLER] YouTube: fetched 1 comments for ai_news
2026-03-12 01:07:25,107 engagement.poller INFO YouTube: dispatched 1 comments to Dramatiq
2026-03-12 01:12:25,596 genlab_core.engagement.poller INFO [POLLER] YouTube: fetched 1 comments for ai_news
2026-03-12 01:12:25,603 engagement.poller INFO YouTube: dispatched 1 comments to Dramatiq
2026-03-12 01:17:26,077 genlab_core.engagement.poller INFO [POLLER] YouTube: fetched 1 comments for ai_news
2026-03-12 01:17:26,083 engagement.poller INFO YouTube: dispatched 1 comments to Dramatiq
2026-03-12 01:22:26,557 genlab_core.engagement.poller INFO [POLLER] YouTube: fetched 1 comments for ai_news
2026-03-12 01:22:26,564 engagement.poller INFO YouTube: dispatched 1 comments to Dramatiq
2026-03-12 01:27:27,220 genlab_core.engagement.poller INFO [POLLER] YouTube: fetched 1 comments for ai_news
2026-03-12 01:27:27,229 engagement.poller INFO YouTube: dispatched 1 comments to Dramatiq
2026-03-12 01:32:27,696 genlab_core.engagement.poller INFO [POLLER] YouTube: fetched 1 comments for ai_news
2026-03-12 01:32:27,707 engagement.poller INFO YouTube: dispatched 1 comments to Dramatiq
2026-03-12 01:37:28,267 genlab_core.engagement.poller INFO [POLLER] YouTube: fetched 1 comments for ai_news
2026-03-12 01:37:28,273 engagement.poller INFO YouTube: dispatched 1 comments to Dramatiq
2026-03-12 01:42:28,903 genlab_core.engagement.poller INFO [POLLER] YouTube: fetched 1 comments for ai_news
2026-03-12 01:42:28,911 engagement.poller INFO YouTube: dispatched 1 comments to Dramatiq
2026-03-12 01:47:29,380 genlab_core.engagement.poller INFO [POLLER] YouTube: fetched 1 comments for ai_news
2026-03-12 01:47:29,389 engagement.poller INFO YouTube: dispatched 1 comments to Dramatiq
2026-03-12 01:52:29,833 genlab_core.engagement.poller INFO [POLLER] YouTube: fetched 1 comments for ai_news
2026-03-12 01:52:29,839 engagement.poller INFO YouTube: dispatched 1 comments to Dramatiq
2026-03-12 01:57:30,490 genlab_core.engagement.poller INFO [POLLER] YouTube: fetched 1 comments for ai_news
2026-03-12 01:57:30,497 engagement.poller INFO YouTube: dispatched 1 comments to Dramatiq
2026-03-12 02:02:30,853 genlab_core.engagement.poller INFO [POLLER] YouTube: fetched 1 comments for ai_news
2026-03-12 02:02:30,865 engagement.poller INFO YouTube: dispatched 1 comments to Dramatiq
2026-03-12 02:07:31,324 genlab_core.engagement.poller INFO [POLLER] YouTube: fetched 1 comments for ai_news
2026-03-12 02:07:31,330 engagement.poller INFO YouTube: dispatched 1 comments to Dramatiq
2026-03-12 02:12:31,922 genlab_core.engagement.poller INFO [POLLER] YouTube: fetched 1 comments for ai_news
2026-03-12 02:12:31,933 engagement.poller INFO YouTube: dispatched 1 comments to Dramatiq
2026-03-12 02:17:32,326 genlab_core.engagement.poller INFO [POLLER] YouTube: fetched 1 comments for ai_news
2026-03-12 02:17:32,333 engagement.poller INFO YouTube: dispatched 1 comments to Dramatiq
2026-03-12 02:22:32,776 genlab_core.engagement.poller INFO [POLLER] YouTube: fetched 1 comments for ai_news
2026-03-12 02:22:32,785 engagement.poller INFO YouTube: dispatched 1 comments to Dramatiq
2026-03-12 02:27:33,286 genlab_core.engagement.poller INFO [POLLER] YouTube: fetched 1 comments for ai_news
2026-03-12 02:27:33,292 engagement.poller INFO YouTube: dispatched 1 comments to Dramatiq
2026-03-12 02:32:33,794 genlab_core.engagement.poller INFO [POLLER] YouTube: fetched 1 comments for ai_news
2026-03-12 02:32:33,799 engagement.poller INFO YouTube: dispatched 1 comments to Dramatiq
2026-03-12 02:37:34,200 genlab_core.engagement.poller INFO [POLLER] YouTube: fetched 1 comments for ai_news
2026-03-12 02:37:34,204 engagement.poller INFO YouTube: dispatched 1 comments to Dramatiq
2026-03-12 02:42:34,672 genlab_core.engagement.poller INFO [POLLER] YouTube: fetched 1 comments for ai_news
2026-03-12 02:42:34,680 engagement.poller INFO YouTube: dispatched 1 comments to Dramatiq
2026-03-12 02:47:35,170 genlab_core.engagement.poller INFO [POLLER] YouTube: fetched 1 comments for ai_news
2026-03-12 02:47:35,177 engagement.poller INFO YouTube: dispatched 1 comments to Dramatiq
2026-03-12 02:52:35,569 genlab_core.engagement.poller INFO [POLLER] YouTube: fetched 1 comments for ai_news
2026-03-12 02:52:35,577 engagement.poller INFO YouTube: dispatched 1 comments to Dramatiq
2026-03-12 02:57:36,331 genlab_core.engagement.poller INFO [POLLER] YouTube: fetched 1 comments for ai_news
2026-03-12 02:57:36,340 engagement.poller INFO YouTube: dispatched 1 comments to Dramatiq
2026-03-12 03:02:36,754 genlab_core.engagement.poller INFO [POLLER] YouTube: fetched 1 comments for ai_news
2026-03-12 03:02:36,760 engagement.poller INFO YouTube: dispatched 1 comments to Dramatiq
2026-03-12 03:07:37,260 genlab_core.engagement.poller INFO [POLLER] YouTube: fetched 1 comments for ai_news
2026-03-12 03:07:37,269 engagement.poller INFO YouTube: dispatched 1 comments to Dramatiq
2026-03-12 03:12:37,775 genlab_core.engagement.poller INFO [POLLER] YouTube: fetched 1 comments for ai_news
2026-03-12 03:12:37,784 engagement.poller INFO YouTube: dispatched 1 comments to Dramatiq
2026-03-12 03:17:38,373 genlab_core.engagement.poller INFO [POLLER] YouTube: fetched 1 comments for ai_news
2026-03-12 03:17:38,380 engagement.poller INFO YouTube: dispatched 1 comments to Dramatiq
2026-03-12 03:22:38,874 genlab_core.engagement.poller INFO [POLLER] YouTube: fetched 1 comments for ai_news
2026-03-12 03:22:38,881 engagement.poller INFO YouTube: dispatched 1 comments to Dramatiq
2026-03-12 03:27:39,371 genlab_core.engagement.poller INFO [POLLER] YouTube: fetched 1 comments for ai_news
2026-03-12 03:27:39,376 engagement.poller INFO YouTube: dispatched 1 comments to Dramatiq
2026-03-12 03:32:39,876 genlab_core.engagement.poller INFO [POLLER] YouTube: fetched 1 comments for ai_news
2026-03-12 03:32:39,884 engagement.poller INFO YouTube: dispatched 1 comments to Dramatiq
2026-03-12 03:37:40,475 genlab_core.engagement.poller INFO [POLLER] YouTube: fetched 1 comments for ai_news
2026-03-12 03:37:40,484 engagement.poller INFO YouTube: dispatched 1 comments to Dramatiq
2026-03-12 03:42:40,999 genlab_core.engagement.poller INFO [POLLER] YouTube: fetched 1 comments for ai_news
2026-03-12 03:42:41,008 engagement.poller INFO YouTube: dispatched 1 comments to Dramatiq
2026-03-12 03:47:41,536 genlab_core.engagement.poller INFO [POLLER] YouTube: fetched 1 comments for ai_news
2026-03-12 03:47:41,545 engagement.poller INFO YouTube: dispatched 1 comments to Dramatiq
2026-03-12 03:52:42,123 genlab_core.engagement.poller INFO [POLLER] YouTube: fetched 1 comments for ai_news
2026-03-12 03:52:42,132 engagement.poller INFO YouTube: dispatched 1 comments to Dramatiq
2026-03-12 03:57:42,686 genlab_core.engagement.poller INFO [POLLER] YouTube: fetched 1 comments for ai_news
2026-03-12 03:57:42,692 engagement.poller INFO YouTube: dispatched 1 comments to Dramatiq
2026-03-12 04:02:43,304 genlab_core.engagement.poller INFO [POLLER] YouTube: fetched 1 comments for ai_news
2026-03-12 04:02:43,311 engagement.poller INFO YouTube: dispatched 1 comments to Dramatiq
2026-03-12 04:07:43,993 genlab_core.engagement.poller INFO [POLLER] YouTube: fetched 1 comments for ai_news
2026-03-12 04:07:44,001 engagement.poller INFO YouTube: dispatched 1 comments to Dramatiq
2026-03-12 04:12:44,476 genlab_core.engagement.poller INFO [POLLER] YouTube: fetched 1 comments for ai_news
2026-03-12 04:12:44,486 engagement.poller INFO YouTube: dispatched 1 comments to Dramatiq
2026-03-12 04:17:45,139 genlab_core.engagement.poller INFO [POLLER] YouTube: fetched 1 comments for ai_news
2026-03-12 04:17:45,147 engagement.poller INFO YouTube: dispatched 1 comments to Dramatiq
2026-03-12 04:22:45,686 genlab_core.engagement.poller INFO [POLLER] YouTube: fetched 1 comments for ai_news
2026-03-12 04:22:45,696 engagement.poller INFO YouTube: dispatched 1 comments to Dramatiq
2026-03-12 04:27:46,225 genlab_core.engagement.poller INFO [POLLER] YouTube: fetched 1 comments for ai_news
2026-03-12 04:27:46,234 engagement.poller INFO YouTube: dispatched 1 comments to Dramatiq
2026-03-12 04:32:46,632 genlab_core.engagement.poller INFO [POLLER] YouTube: fetched 1 comments for ai_news
2026-03-12 04:32:46,640 engagement.poller INFO YouTube: dispatched 1 comments to Dramatiq
2026-03-12 04:37:47,042 genlab_core.engagement.poller INFO [POLLER] YouTube: fetched 1 comments for ai_news
2026-03-12 04:37:47,048 engagement.poller INFO YouTube: dispatched 1 comments to Dramatiq
2026-03-12 04:42:47,463 genlab_core.engagement.poller INFO [POLLER] YouTube: fetched 1 comments for ai_news
2026-03-12 04:42:47,473 engagement.poller INFO YouTube: dispatched 1 comments to Dramatiq
2026-03-12 04:47:48,245 genlab_core.engagement.poller INFO [POLLER] YouTube: fetched 1 comments for ai_news
2026-03-12 04:47:48,253 engagement.poller INFO YouTube: dispatched 1 comments to Dramatiq
2026-03-12 04:52:48,644 genlab_core.engagement.poller INFO [POLLER] YouTube: fetched 1 comments for ai_news
2026-03-12 04:52:48,651 engagement.poller INFO YouTube: dispatched 1 comments to Dramatiq
2026-03-12 04:57:49,306 genlab_core.engagement.poller INFO [POLLER] YouTube: fetched 1 comments for ai_news
2026-03-12 04:57:49,312 engagement.poller INFO YouTube: dispatched 1 comments to Dramatiq
2026-03-12 05:02:49,741 genlab_core.engagement.poller INFO [POLLER] YouTube: fetched 1 comments for ai_news
2026-03-12 05:02:49,747 engagement.poller INFO YouTube: dispatched 1 comments to Dramatiq
2026-03-12 05:07:50,313 genlab_core.engagement.poller INFO [POLLER] YouTube: fetched 1 comments for ai_news
2026-03-12 05:07:50,320 engagement.poller INFO YouTube: dispatched 1 comments to Dramatiq
2026-03-12 05:12:50,744 genlab_core.engagement.poller INFO [POLLER] YouTube: fetched 1 comments for ai_news
2026-03-12 05:12:50,755 engagement.poller INFO YouTube: dispatched 1 comments to Dramatiq
2026-03-12 05:17:51,374 genlab_core.engagement.poller INFO [POLLER] YouTube: fetched 1 comments for ai_news
2026-03-12 05:17:51,382 engagement.poller INFO YouTube: dispatched 1 comments to Dramatiq
2026-03-12 05:22:51,796 genlab_core.engagement.poller INFO [POLLER] YouTube: fetched 1 comments for ai_news
2026-03-12 05:22:51,807 engagement.poller INFO YouTube: dispatched 1 comments to Dramatiq
2026-03-12 05:27:52,419 genlab_core.engagement.poller INFO [POLLER] YouTube: fetched 1 comments for ai_news
2026-03-12 05:27:52,428 engagement.poller INFO YouTube: dispatched 1 comments to Dramatiq
2026-03-12 05:32:52,914 genlab_core.engagement.poller INFO [POLLER] YouTube: fetched 1 comments for ai_news
2026-03-12 05:32:52,922 engagement.poller INFO YouTube: dispatched 1 comments to Dramatiq
2026-03-12 05:37:53,342 genlab_core.engagement.poller INFO [POLLER] YouTube: fetched 1 comments for ai_news
2026-03-12 05:37:53,348 engagement.poller INFO YouTube: dispatched 1 comments to Dramatiq
2026-03-12 05:42:53,781 genlab_core.engagement.poller INFO [POLLER] YouTube: fetched 1 comments for ai_news
2026-03-12 05:42:53,791 engagement.poller INFO YouTube: dispatched 1 comments to Dramatiq
2026-03-12 05:47:54,349 genlab_core.engagement.poller INFO [POLLER] YouTube: fetched 1 comments for ai_news
2026-03-12 05:47:54,362 engagement.poller INFO YouTube: dispatched 1 comments to Dramatiq
2026-03-12 05:52:54,831 genlab_core.engagement.poller INFO [POLLER] YouTube: fetched 1 comments for ai_news
2026-03-12 05:52:54,842 engagement.poller INFO YouTube: dispatched 1 comments to Dramatiq
2026-03-12 05:57:55,316 genlab_core.engagement.poller INFO [POLLER] YouTube: fetched 1 comments for ai_news
2026-03-12 05:57:55,328 engagement.poller INFO YouTube: dispatched 1 comments to Dramatiq
2026-03-12 06:02:55,725 genlab_core.engagement.poller INFO [POLLER] YouTube: fetched 1 comments for ai_news
2026-03-12 06:02:55,734 engagement.poller INFO YouTube: dispatched 1 comments to Dramatiq
2026-03-12 06:07:56,241 genlab_core.engagement.poller INFO [POLLER] YouTube: fetched 1 comments for ai_news
2026-03-12 06:07:56,248 engagement.poller INFO YouTube: dispatched 1 comments to Dramatiq
2026-03-12 06:12:56,755 genlab_core.engagement.poller INFO [POLLER] YouTube: fetched 1 comments for ai_news
2026-03-12 06:12:56,764 engagement.poller INFO YouTube: dispatched 1 comments to Dramatiq
2026-03-12 06:17:57,184 genlab_core.engagement.poller INFO [POLLER] YouTube: fetched 1 comments for ai_news
2026-03-12 06:17:57,193 engagement.poller INFO YouTube: dispatched 1 comments to Dramatiq
2026-03-12 07:02:02,050 genlab_core.engagement.poller INFO [POLLER] YouTube: fetched 1 comments for ai_news
2026-03-12 07:02:02,057 engagement.poller INFO YouTube: dispatched 1 comments to Dramatiq
2026-03-12 07:54:50,019 genlab_core.engagement.poller INFO [POLLER] YouTube: fetched 1 comments for ai_news
2026-03-12 07:54:50,024 engagement.poller INFO YouTube: dispatched 1 comments to Dramatiq
2026-03-12 08:58:48,208 genlab_core.engagement.poller INFO [POLLER] YouTube: fetched 1 comments for ai_news
2026-03-12 08:58:48,216 engagement.poller INFO YouTube: dispatched 1 comments to Dramatiq
2026-03-12 09:27:02,661 genlab_core.engagement.poller INFO [POLLER] YouTube: fetched 1 comments for ai_news
2026-03-12 09:27:02,670 engagement.poller INFO YouTube: dispatched 1 comments to Dramatiq
2026-03-12 10:20:24,866 genlab_core.engagement.poller INFO [POLLER] YouTube: fetched 1 comments for ai_news
2026-03-12 10:20:24,875 engagement.poller INFO YouTube: dispatched 1 comments to Dramatiq
2026-03-12 10:27:23,288 genlab_core.engagement.poller INFO [POLLER] YouTube: fetched 1 comments for ai_news
2026-03-12 10:27:23,297 engagement.poller INFO YouTube: dispatched 1 comments to Dramatiq
2026-03-12 10:32:23,791 genlab_core.engagement.poller INFO [POLLER] YouTube: fetched 1 comments for ai_news
2026-03-12 10:32:23,799 engagement.poller INFO YouTube: dispatched 1 comments to Dramatiq
2026-03-12 10:37:24,293 genlab_core.engagement.poller INFO [POLLER] YouTube: fetched 1 comments for ai_news
2026-03-12 10:37:24,298 engagement.poller INFO YouTube: dispatched 1 comments to Dramatiq
2026-03-12 10:42:24,783 genlab_core.engagement.poller INFO [POLLER] YouTube: fetched 1 comments for ai_news
2026-03-12 10:42:24,789 engagement.poller INFO YouTube: dispatched 1 comments to Dramatiq
2026-03-12 10:47:25,348 genlab_core.engagement.poller INFO [POLLER] YouTube: fetched 1 comments for ai_news
2026-03-12 10:47:25,356 engagement.poller INFO YouTube: dispatched 1 comments to Dramatiq
2026-03-12 10:52:26,023 genlab_core.engagement.poller INFO [POLLER] YouTube: fetched 1 comments for ai_news
2026-03-12 10:52:26,040 engagement.poller INFO YouTube: dispatched 1 comments to Dramatiq
2026-03-12 10:57:26,704 genlab_core.engagement.poller INFO [POLLER] YouTube: fetched 1 comments for ai_news
2026-03-12 10:57:26,712 engagement.poller INFO YouTube: dispatched 1 comments to Dramatiq
2026-03-12 11:02:27,227 genlab_core.engagement.poller INFO [POLLER] YouTube: fetched 1 comments for ai_news
2026-03-12 11:02:27,233 engagement.poller INFO YouTube: dispatched 1 comments to Dramatiq
2026-03-12 11:07:28,226 genlab_core.engagement.poller INFO [POLLER] YouTube: fetched 1 comments for ai_news
2026-03-12 11:07:28,233 engagement.poller INFO YouTube: dispatched 1 comments to Dramatiq
2026-03-12 11:12:29,045 genlab_core.engagement.poller INFO [POLLER] YouTube: fetched 1 comments for ai_news
2026-03-12 11:12:29,050 engagement.poller INFO YouTube: dispatched 1 comments to Dramatiq
2026-03-12 11:17:29,678 genlab_core.engagement.poller INFO [POLLER] YouTube: fetched 1 comments for ai_news
2026-03-12 11:17:29,682 engagement.poller INFO YouTube: dispatched 1 comments to Dramatiq
2026-03-12 11:22:30,241 genlab_core.engagement.poller INFO [POLLER] YouTube: fetched 1 comments for ai_news
2026-03-12 11:22:30,249 engagement.poller INFO YouTube: dispatched 1 comments to Dramatiq
2026-03-12 11:27:30,910 genlab_core.engagement.poller INFO [POLLER] YouTube: fetched 1 comments for ai_news
2026-03-12 11:27:30,917 engagement.poller INFO YouTube: dispatched 1 comments to Dramatiq
2026-03-12 11:32:31,314 genlab_core.engagement.poller INFO [POLLER] YouTube: fetched 1 comments for ai_news
2026-03-12 11:32:31,318 engagement.poller INFO YouTube: dispatched 1 comments to Dramatiq
2026-03-12 11:37:31,968 genlab_core.engagement.poller INFO [POLLER] YouTube: fetched 1 comments for ai_news
2026-03-12 11:37:31,973 engagement.poller INFO YouTube: dispatched 1 comments to Dramatiq
2026-03-12 11:42:32,425 genlab_core.engagement.poller INFO [POLLER] YouTube: fetched 1 comments for ai_news
2026-03-12 11:42:32,434 engagement.poller INFO YouTube: dispatched 1 comments to Dramatiq
2026-03-12 11:47:32,932 genlab_core.engagement.poller INFO [POLLER] YouTube: fetched 1 comments for ai_news
2026-03-12 11:47:32,940 engagement.poller INFO YouTube: dispatched 1 comments to Dramatiq
2026-03-12 11:52:33,647 genlab_core.engagement.poller INFO [POLLER] YouTube: fetched 1 comments for ai_news
2026-03-12 11:52:33,657 engagement.poller INFO YouTube: dispatched 1 comments to Dramatiq
2026-03-12 11:57:34,242 genlab_core.engagement.poller INFO [POLLER] YouTube: fetched 1 comments for ai_news
2026-03-12 11:57:34,250 engagement.poller INFO YouTube: dispatched 1 comments to Dramatiq
2026-03-12 12:02:34,734 genlab_core.engagement.poller INFO [POLLER] YouTube: fetched 1 comments for ai_news
2026-03-12 12:02:34,739 engagement.poller INFO YouTube: dispatched 1 comments to Dramatiq
2026-03-12 12:07:35,321 genlab_core.engagement.poller INFO [POLLER] YouTube: fetched 1 comments for ai_news
2026-03-12 12:07:35,327 engagement.poller INFO YouTube: dispatched 1 comments to Dramatiq
2026-03-12 12:12:35,841 genlab_core.engagement.poller INFO [POLLER] YouTube: fetched 1 comments for ai_news
2026-03-12 12:12:35,852 engagement.poller INFO YouTube: dispatched 1 comments to Dramatiq
2026-03-12 12:17:36,432 genlab_core.engagement.poller INFO [POLLER] YouTube: fetched 1 comments for ai_news
2026-03-12 12:17:36,441 engagement.poller INFO YouTube: dispatched 1 comments to Dramatiq
2026-03-12 12:22:36,943 genlab_core.engagement.poller INFO [POLLER] YouTube: fetched 1 comments for ai_news
2026-03-12 12:22:36,953 engagement.poller INFO YouTube: dispatched 1 comments to Dramatiq
2026-03-12 12:27:37,913 genlab_core.engagement.poller INFO [POLLER] YouTube: fetched 1 comments for ai_news
2026-03-12 12:27:37,922 engagement.poller INFO YouTube: dispatched 1 comments to Dramatiq
2026-03-12 12:32:38,455 genlab_core.engagement.poller INFO [POLLER] YouTube: fetched 1 comments for ai_news
2026-03-12 12:32:38,464 engagement.poller INFO YouTube: dispatched 1 comments to Dramatiq
2026-03-12 12:37:39,089 genlab_core.engagement.poller INFO [POLLER] YouTube: fetched 1 comments for ai_news
2026-03-12 12:37:39,098 engagement.poller INFO YouTube: dispatched 1 comments to Dramatiq
2026-03-12 12:42:39,565 genlab_core.engagement.poller INFO [POLLER] YouTube: fetched 1 comments for ai_news
2026-03-12 12:42:39,577 engagement.poller INFO YouTube: dispatched 1 comments to Dramatiq
2026-03-12 12:47:40,500 genlab_core.engagement.poller INFO [POLLER] YouTube: fetched 1 comments for ai_news
2026-03-12 12:47:40,509 engagement.poller INFO YouTube: dispatched 1 comments to Dramatiq
2026-03-12 12:52:40,957 genlab_core.engagement.poller INFO [POLLER] YouTube: fetched 1 comments for ai_news
2026-03-12 12:52:40,968 engagement.poller INFO YouTube: dispatched 1 comments to Dramatiq
2026-03-12 12:57:41,861 genlab_core.engagement.poller INFO [POLLER] YouTube: fetched 1 comments for ai_news
2026-03-12 12:57:41,874 engagement.poller INFO YouTube: dispatched 1 comments to Dramatiq
2026-03-12 13:02:42,386 genlab_core.engagement.poller INFO [POLLER] YouTube: fetched 1 comments for ai_news
2026-03-12 13:02:42,399 engagement.poller INFO YouTube: dispatched 1 comments to Dramatiq
2026-03-12 13:07:43,018 genlab_core.engagement.poller INFO [POLLER] YouTube: fetched 1 comments for ai_news
2026-03-12 13:07:43,029 engagement.poller INFO YouTube: dispatched 1 comments to Dramatiq
2026-03-12 13:12:44,474 genlab_core.engagement.poller INFO [POLLER] YouTube: fetched 1 comments for ai_news
2026-03-12 13:12:44,484 engagement.poller INFO YouTube: dispatched 1 comments to Dramatiq
2026-03-12 13:17:44,967 genlab_core.engagement.poller INFO [POLLER] YouTube: fetched 1 comments for ai_news
2026-03-12 13:17:44,976 engagement.poller INFO YouTube: dispatched 1 comments to Dramatiq
2026-03-12 13:22:45,503 genlab_core.engagement.poller INFO [POLLER] YouTube: fetched 1 comments for ai_news
2026-03-12 13:22:45,511 engagement.poller INFO YouTube: dispatched 1 comments to Dramatiq
2026-03-12 13:27:46,036 genlab_core.engagement.poller INFO [POLLER] YouTube: fetched 1 comments for ai_news
2026-03-12 13:27:46,044 engagement.poller INFO YouTube: dispatched 1 comments to Dramatiq
2026-03-12 13:32:46,778 genlab_core.engagement.poller INFO [POLLER] YouTube: fetched 1 comments for ai_news
2026-03-12 13:32:46,787 engagement.poller INFO YouTube: dispatched 1 comments to Dramatiq
2026-03-12 13:37:47,296 genlab_core.engagement.poller INFO [POLLER] YouTube: fetched 1 comments for ai_news
2026-03-12 13:37:47,304 engagement.poller INFO YouTube: dispatched 1 comments to Dramatiq
2026-03-12 13:42:47,928 genlab_core.engagement.poller INFO [POLLER] YouTube: fetched 1 comments for ai_news
2026-03-12 13:42:47,938 engagement.poller INFO YouTube: dispatched 1 comments to Dramatiq
2026-03-12 13:47:48,553 genlab_core.engagement.poller INFO [POLLER] YouTube: fetched 1 comments for ai_news
2026-03-12 13:47:48,563 engagement.poller INFO YouTube: dispatched 1 comments to Dramatiq
2026-03-12 13:52:49,013 genlab_core.engagement.poller INFO [POLLER] YouTube: fetched 1 comments for ai_news
2026-03-12 13:52:49,018 engagement.poller INFO YouTube: dispatched 1 comments to Dramatiq
2026-03-12 13:57:49,605 genlab_core.engagement.poller INFO [POLLER] YouTube: fetched 1 comments for ai_news
2026-03-12 13:57:49,614 engagement.poller INFO YouTube: dispatched 1 comments to Dramatiq
2026-03-12 14:02:50,122 genlab_core.engagement.poller INFO [POLLER] YouTube: fetched 1 comments for ai_news
2026-03-12 14:02:50,137 engagement.poller INFO YouTube: dispatched 1 comments to Dramatiq
2026-03-12 14:07:50,931 genlab_core.engagement.poller INFO [POLLER] YouTube: fetched 1 comments for ai_news
2026-03-12 14:07:50,939 engagement.poller INFO YouTube: dispatched 1 comments to Dramatiq
2026-03-12 14:12:51,460 genlab_core.engagement.poller INFO [POLLER] YouTube: fetched 1 comments for ai_news
2026-03-12 14:12:51,465 engagement.poller INFO YouTube: dispatched 1 comments to Dramatiq
2026-03-12 14:17:52,154 genlab_core.engagement.poller INFO [POLLER] YouTube: fetched 1 comments for ai_news
2026-03-12 14:17:52,164 engagement.poller INFO YouTube: dispatched 1 comments to Dramatiq
2026-03-12 14:22:52,856 genlab_core.engagement.poller INFO [POLLER] YouTube: fetched 1 comments for ai_news
2026-03-12 14:22:52,867 engagement.poller INFO YouTube: dispatched 1 comments to Dramatiq
2026-03-12 14:27:53,698 genlab_core.engagement.poller INFO [POLLER] YouTube: fetched 1 comments for ai_news
2026-03-12 14:27:53,706 engagement.poller INFO YouTube: dispatched 1 comments to Dramatiq
2026-03-12 14:50:08,225 genlab_core.engagement.poller INFO [POLLER] YouTube: fetched 1 comments for ai_news
2026-03-12 14:50:08,401 engagement.poller INFO YouTube: dispatched 1 comments to Dramatiq
2026-03-12 14:55:20,933 genlab_core.engagement.poller INFO [POLLER] YouTube: fetched 1 comments for ai_news
2026-03-12 14:55:20,947 engagement.poller INFO YouTube: dispatched 1 comments to Dramatiq
2026-03-12 15:19:09,817 genlab_core.engagement.poller INFO [POLLER] YouTube: fetched 1 comments for ai_news
2026-03-12 15:19:09,821 engagement.poller INFO YouTube: dispatched 1 comments to Dramatiq
2026-03-12 16:42:31,890 genlab_core.engagement.poller INFO [POLLER] YouTube: fetched 1 comments for ai_news
2026-03-12 16:42:31,898 engagement.poller INFO YouTube: dispatched 1 comments to Dramatiq
2026-03-12 17:03:49,524 genlab_core.engagement.poller INFO [POLLER] YouTube: fetched 1 comments for ai_news
2026-03-12 17:03:49,529 engagement.poller INFO YouTube: dispatched 1 comments to Dramatiq
2026-03-12 17:08:49,997 genlab_core.engagement.poller INFO [POLLER] YouTube: fetched 1 comments for ai_news
2026-03-12 17:08:50,003 engagement.poller INFO YouTube: dispatched 1 comments to Dramatiq
2026-03-12 17:13:50,448 genlab_core.engagement.poller INFO [POLLER] YouTube: fetched 1 comments for ai_news
2026-03-12 17:13:50,458 engagement.poller INFO YouTube: dispatched 1 comments to Dramatiq
2026-03-12 17:18:50,952 genlab_core.engagement.poller INFO [POLLER] YouTube: fetched 1 comments for ai_news
2026-03-12 17:18:50,958 engagement.poller INFO YouTube: dispatched 1 comments to Dramatiq
2026-03-12 17:23:52,251 genlab_core.engagement.poller INFO [POLLER] YouTube: fetched 1 comments for ai_news
2026-03-12 17:23:52,264 engagement.poller INFO YouTube: dispatched 1 comments to Dramatiq
2026-03-12 17:48:57,375 genlab_core.engagement.poller INFO [POLLER] YouTube: fetched 1 comments for ai_news
2026-03-12 17:48:57,382 engagement.poller INFO YouTube: dispatched 1 comments to Dramatiq
2026-03-12 17:53:57,886 genlab_core.engagement.poller INFO [POLLER] YouTube: fetched 1 comments for ai_news
2026-03-12 17:53:57,894 engagement.poller INFO YouTube: dispatched 1 comments to Dramatiq
2026-03-12 17:58:58,489 genlab_core.engagement.poller INFO [POLLER] YouTube: fetched 1 comments for ai_news
2026-03-12 17:58:58,497 engagement.poller INFO YouTube: dispatched 1 comments to Dramatiq
2026-03-12 18:03:59,018 genlab_core.engagement.poller INFO [POLLER] YouTube: fetched 1 comments for ai_news
2026-03-12 18:03:59,026 engagement.poller INFO YouTube: dispatched 1 comments to Dramatiq
2026-03-12 18:08:59,747 genlab_core.engagement.poller INFO [POLLER] YouTube: fetched 1 comments for ai_news
2026-03-12 18:08:59,756 engagement.poller INFO YouTube: dispatched 1 comments to Dramatiq
2026-03-12 18:14:00,252 genlab_core.engagement.poller INFO [POLLER] YouTube: fetched 1 comments for ai_news
2026-03-12 18:14:00,262 engagement.poller INFO YouTube: dispatched 1 comments to Dramatiq
2026-03-12 18:19:00,860 genlab_core.engagement.poller INFO [POLLER] YouTube: fetched 1 comments for ai_news
2026-03-12 18:19:00,869 engagement.poller INFO YouTube: dispatched 1 comments to Dramatiq
2026-03-12 18:24:01,403 genlab_core.engagement.poller INFO [POLLER] YouTube: fetched 1 comments for ai_news
2026-03-12 18:24:01,412 engagement.poller INFO YouTube: dispatched 1 comments to Dramatiq
2026-03-12 18:29:02,151 genlab_core.engagement.poller INFO [POLLER] YouTube: fetched 1 comments for ai_news
2026-03-12 18:29:02,160 engagement.poller INFO YouTube: dispatched 1 comments to Dramatiq
2026-03-12 18:34:02,707 genlab_core.engagement.poller INFO [POLLER] YouTube: fetched 1 comments for ai_news
2026-03-12 18:34:02,716 engagement.poller INFO YouTube: dispatched 1 comments to Dramatiq
2026-03-12 18:39:03,264 genlab_core.engagement.poller INFO [POLLER] YouTube: fetched 1 comments for ai_news
2026-03-12 18:39:03,277 engagement.poller INFO YouTube: dispatched 1 comments to Dramatiq
2026-03-12 18:44:03,977 genlab_core.engagement.poller INFO [POLLER] YouTube: fetched 1 comments for ai_news
2026-03-12 18:44:03,984 engagement.poller INFO YouTube: dispatched 1 comments to Dramatiq
2026-03-12 18:58:15,069 genlab_core.engagement.poller INFO [POLLER] YouTube: fetched 1 comments for ai_news
2026-03-12 18:58:15,079 engagement.poller INFO YouTube: dispatched 1 comments to Dramatiq
2026-03-12 19:13:23,312 genlab_core.engagement.poller INFO [POLLER] YouTube: fetched 1 comments for ai_news
2026-03-12 19:13:23,322 engagement.poller INFO YouTube: dispatched 1 comments to Dramatiq
2026-03-12 19:27:06,416 genlab_core.engagement.poller INFO [POLLER] YouTube: fetched 1 comments for ai_news
2026-03-12 19:27:06,427 engagement.poller INFO YouTube: dispatched 1 comments to Dramatiq
2026-03-12 19:32:07,003 genlab_core.engagement.poller INFO [POLLER] YouTube: fetched 1 comments for ai_news
2026-03-12 19:32:07,010 engagement.poller INFO YouTube: dispatched 1 comments to Dramatiq
2026-03-12 19:37:07,608 genlab_core.engagement.poller INFO [POLLER] YouTube: fetched 1 comments for ai_news
2026-03-12 19:37:07,615 engagement.poller INFO YouTube: dispatched 1 comments to Dramatiq
2026-03-12 19:42:08,131 genlab_core.engagement.poller INFO [POLLER] YouTube: fetched 1 comments for ai_news
2026-03-12 19:42:08,141 engagement.poller INFO YouTube: dispatched 1 comments to Dramatiq
2026-03-12 19:47:08,627 genlab_core.engagement.poller INFO [POLLER] YouTube: fetched 1 comments for ai_news
2026-03-12 19:47:08,637 engagement.poller INFO YouTube: dispatched 1 comments to Dramatiq
2026-03-12 19:52:09,154 genlab_core.engagement.poller INFO [POLLER] YouTube: fetched 1 comments for ai_news
2026-03-12 19:52:09,163 engagement.poller INFO YouTube: dispatched 1 comments to Dramatiq
2026-03-12 19:57:10,761 genlab_core.engagement.poller INFO [POLLER] YouTube: fetched 1 comments for ai_news
2026-03-12 19:57:10,769 engagement.poller INFO YouTube: dispatched 1 comments to Dramatiq
2026-03-12 20:02:11,243 genlab_core.engagement.poller INFO [POLLER] YouTube: fetched 1 comments for ai_news
2026-03-12 20:02:11,250 engagement.poller INFO YouTube: dispatched 1 comments to Dramatiq
2026-03-12 20:07:11,740 genlab_core.engagement.poller INFO [POLLER] YouTube: fetched 1 comments for ai_news
2026-03-12 20:07:11,749 engagement.poller INFO YouTube: dispatched 1 comments to Dramatiq
2026-03-12 20:12:12,207 genlab_core.engagement.poller INFO [POLLER] YouTube: fetched 1 comments for ai_news
2026-03-12 20:12:12,218 engagement.poller INFO YouTube: dispatched 1 comments to Dramatiq
2026-03-12 20:17:12,681 genlab_core.engagement.poller INFO [POLLER] YouTube: fetched 1 comments for ai_news
2026-03-12 20:17:12,689 engagement.poller INFO YouTube: dispatched 1 comments to Dramatiq
2026-03-12 20:22:13,133 genlab_core.engagement.poller INFO [POLLER] YouTube: fetched 1 comments for ai_news
2026-03-12 20:22:13,141 engagement.poller INFO YouTube: dispatched 1 comments to Dramatiq
2026-03-12 20:27:13,604 genlab_core.engagement.poller INFO [POLLER] YouTube: fetched 1 comments for ai_news
2026-03-12 20:27:13,612 engagement.poller INFO YouTube: dispatched 1 comments to Dramatiq
2026-03-12 20:32:15,535 genlab_core.engagement.poller INFO [POLLER] YouTube: fetched 1 comments for ai_news
2026-03-12 20:32:15,545 engagement.poller INFO YouTube: dispatched 1 comments to Dramatiq
2026-03-12 20:37:17,400 genlab_core.engagement.poller INFO [POLLER] YouTube: fetched 1 comments for ai_news
2026-03-12 20:37:17,411 engagement.poller INFO YouTube: dispatched 1 comments to Dramatiq
2026-03-12 20:42:19,824 genlab_core.engagement.poller INFO [POLLER] YouTube: fetched 1 comments for ai_news
2026-03-12 20:42:19,832 engagement.poller INFO YouTube: dispatched 1 comments to Dramatiq
2026-03-12 20:47:21,719 genlab_core.engagement.poller INFO [POLLER] YouTube: fetched 1 comments for ai_news
2026-03-12 20:47:21,724 engagement.poller INFO YouTube: dispatched 1 comments to Dramatiq
2026-03-12 20:52:23,868 genlab_core.engagement.poller INFO [POLLER] YouTube: fetched 1 comments for ai_news
2026-03-12 20:52:23,875 engagement.poller INFO YouTube: dispatched 1 comments to Dramatiq
2026-03-12 20:57:26,250 genlab_core.engagement.poller INFO [POLLER] YouTube: fetched 1 comments for ai_news
2026-03-12 20:57:26,261 engagement.poller INFO YouTube: dispatched 1 comments to Dramatiq
2026-03-12 21:02:26,832 genlab_core.engagement.poller INFO [POLLER] YouTube: fetched 1 comments for ai_news
2026-03-12 21:02:26,843 engagement.poller INFO YouTube: dispatched 1 comments to Dramatiq
2026-03-12 21:07:27,315 genlab_core.engagement.poller INFO [POLLER] YouTube: fetched 1 comments for ai_news
2026-03-12 21:07:27,325 engagement.poller INFO YouTube: dispatched 1 comments to Dramatiq
2026-03-12 21:12:28,070 genlab_core.engagement.poller INFO [POLLER] YouTube: fetched 1 comments for ai_news
2026-03-12 21:12:28,079 engagement.poller INFO YouTube: dispatched 1 comments to Dramatiq
2026-03-12 21:17:28,545 genlab_core.engagement.poller INFO [POLLER] YouTube: fetched 1 comments for ai_news
2026-03-12 21:17:28,556 engagement.poller INFO YouTube: dispatched 1 comments to Dramatiq
2026-03-12 21:22:29,023 genlab_core.engagement.poller INFO [POLLER] YouTube: fetched 1 comments for ai_news
2026-03-12 21:22:29,030 engagement.poller INFO YouTube: dispatched 1 comments to Dramatiq
2026-03-12 21:27:29,603 genlab_core.engagement.poller INFO [POLLER] YouTube: fetched 1 comments for ai_news
2026-03-12 21:27:29,611 engagement.poller INFO YouTube: dispatched 1 comments to Dramatiq
2026-03-12 21:32:30,072 genlab_core.engagement.poller INFO [POLLER] YouTube: fetched 1 comments for ai_news
2026-03-12 21:32:30,083 engagement.poller INFO YouTube: dispatched 1 comments to Dramatiq
2026-03-12 21:37:30,515 genlab_core.engagement.poller INFO [POLLER] YouTube: fetched 1 comments for ai_news
2026-03-12 21:37:30,520 engagement.poller INFO YouTube: dispatched 1 comments to Dramatiq
2026-03-12 21:42:31,001 genlab_core.engagement.poller INFO [POLLER] YouTube: fetched 1 comments for ai_news
2026-03-12 21:42:31,010 engagement.poller INFO YouTube: dispatched 1 comments to Dramatiq
2026-03-12 21:47:31,459 genlab_core.engagement.poller INFO [POLLER] YouTube: fetched 1 comments for ai_news
2026-03-12 21:47:31,471 engagement.poller INFO YouTube: dispatched 1 comments to Dramatiq
2026-03-12 21:52:31,934 genlab_core.engagement.poller INFO [POLLER] YouTube: fetched 1 comments for ai_news
2026-03-12 21:52:31,945 engagement.poller INFO YouTube: dispatched 1 comments to Dramatiq
2026-03-12 21:57:32,564 genlab_core.engagement.poller INFO [POLLER] YouTube: fetched 1 comments for ai_news
2026-03-12 21:57:32,572 engagement.poller INFO YouTube: dispatched 1 comments to Dramatiq
2026-03-12 22:02:33,027 genlab_core.engagement.poller INFO [POLLER] YouTube: fetched 1 comments for ai_news
2026-03-12 22:02:33,037 engagement.poller INFO YouTube: dispatched 1 comments to Dramatiq
2026-03-12 22:07:33,651 genlab_core.engagement.poller INFO [POLLER] YouTube: fetched 1 comments for ai_news
2026-03-12 22:07:33,662 engagement.poller INFO YouTube: dispatched 1 comments to Dramatiq
2026-03-12 22:12:34,126 genlab_core.engagement.poller INFO [POLLER] YouTube: fetched 1 comments for ai_news
2026-03-12 22:12:34,134 engagement.poller INFO YouTube: dispatched 1 comments to Dramatiq
2026-03-12 22:17:34,753 genlab_core.engagement.poller INFO [POLLER] YouTube: fetched 1 comments for ai_news
2026-03-12 22:17:34,763 engagement.poller INFO YouTube: dispatched 1 comments to Dramatiq
2026-03-12 22:22:35,212 genlab_core.engagement.poller INFO [POLLER] YouTube: fetched 1 comments for ai_news
2026-03-12 22:22:35,225 engagement.poller INFO YouTube: dispatched 1 comments to Dramatiq
2026-03-12 22:27:35,934 genlab_core.engagement.poller INFO [POLLER] YouTube: fetched 1 comments for ai_news
2026-03-12 22:27:35,949 engagement.poller INFO YouTube: dispatched 1 comments to Dramatiq
2026-03-12 22:32:36,457 genlab_core.engagement.poller INFO [POLLER] YouTube: fetched 1 comments for ai_news
2026-03-12 22:32:36,515 engagement.poller INFO YouTube: dispatched 1 comments to Dramatiq
2026-03-12 22:37:37,118 genlab_core.engagement.poller INFO [POLLER] YouTube: fetched 1 comments for ai_news
2026-03-12 22:37:37,129 engagement.poller INFO YouTube: dispatched 1 comments to Dramatiq
2026-03-12 22:42:37,626 genlab_core.engagement.poller INFO [POLLER] YouTube: fetched 1 comments for ai_news
2026-03-12 22:42:37,692 engagement.poller INFO YouTube: dispatched 1 comments to Dramatiq
2026-03-12 22:47:38,331 genlab_core.engagement.poller INFO [POLLER] YouTube: fetched 1 comments for ai_news
2026-03-12 22:47:38,342 engagement.poller INFO YouTube: dispatched 1 comments to Dramatiq
2026-03-12 22:52:38,758 genlab_core.engagement.poller INFO [POLLER] YouTube: fetched 1 comments for ai_news
2026-03-12 22:52:38,767 engagement.poller INFO YouTube: dispatched 1 comments to Dramatiq
2026-03-12 22:57:39,314 genlab_core.engagement.poller INFO [POLLER] YouTube: fetched 1 comments for ai_news
2026-03-12 22:57:39,322 engagement.poller INFO YouTube: dispatched 1 comments to Dramatiq
2026-03-12 23:02:39,734 genlab_core.engagement.poller INFO [POLLER] YouTube: fetched 1 comments for ai_news
2026-03-12 23:02:39,745 engagement.poller INFO YouTube: dispatched 1 comments to Dramatiq
2026-03-12 23:07:40,243 genlab_core.engagement.poller INFO [POLLER] YouTube: fetched 1 comments for ai_news
2026-03-12 23:07:40,250 engagement.poller INFO YouTube: dispatched 1 comments to Dramatiq
2026-03-12 23:12:40,795 genlab_core.engagement.poller INFO [POLLER] YouTube: fetched 1 comments for ai_news
2026-03-12 23:12:40,801 engagement.poller INFO YouTube: dispatched 1 comments to Dramatiq
2026-03-12 23:17:41,238 genlab_core.engagement.poller INFO [POLLER] YouTube: fetched 1 comments for ai_news
2026-03-12 23:17:41,247 engagement.poller INFO YouTube: dispatched 1 comments to Dramatiq
2026-03-12 23:22:41,661 genlab_core.engagement.poller INFO [POLLER] YouTube: fetched 1 comments for ai_news
2026-03-12 23:22:41,671 engagement.poller INFO YouTube: dispatched 1 comments to Dramatiq
2026-03-12 23:27:42,235 genlab_core.engagement.poller INFO [POLLER] YouTube: fetched 1 comments for ai_news
2026-03-12 23:27:42,246 engagement.poller INFO YouTube: dispatched 1 comments to Dramatiq
2026-03-12 23:32:42,683 genlab_core.engagement.poller INFO [POLLER] YouTube: fetched 1 comments for ai_news
2026-03-12 23:32:42,693 engagement.poller INFO YouTube: dispatched 1 comments to Dramatiq
2026-03-12 23:37:43,098 genlab_core.engagement.poller INFO [POLLER] YouTube: fetched 1 comments for ai_news
2026-03-12 23:37:43,107 engagement.poller INFO YouTube: dispatched 1 comments to Dramatiq
2026-03-12 23:42:45,554 genlab_core.engagement.poller INFO [POLLER] YouTube: fetched 1 comments for ai_news
2026-03-12 23:42:45,563 engagement.poller INFO YouTube: dispatched 1 comments to Dramatiq
2026-03-12 23:47:48,325 genlab_core.engagement.poller INFO [POLLER] YouTube: fetched 1 comments for ai_news
2026-03-12 23:47:48,342 engagement.poller INFO YouTube: dispatched 1 comments to Dramatiq
2026-03-12 23:52:50,989 genlab_core.engagement.poller INFO [POLLER] YouTube: fetched 1 comments for ai_news
2026-03-12 23:52:50,998 engagement.poller INFO YouTube: dispatched 1 comments to Dramatiq
2026-03-12 23:57:53,413 genlab_core.engagement.poller INFO [POLLER] YouTube: fetched 1 comments for ai_news
2026-03-12 23:57:53,420 engagement.poller INFO YouTube: dispatched 1 comments to Dramatiq
2026-03-13 00:02:56,326 genlab_core.engagement.poller INFO [POLLER] YouTube: fetched 1 comments for ai_news
2026-03-13 00:02:56,337 engagement.poller INFO YouTube: dispatched 1 comments to Dramatiq
2026-03-13 00:07:59,218 genlab_core.engagement.poller INFO [POLLER] YouTube: fetched 1 comments for ai_news
2026-03-13 00:07:59,227 engagement.poller INFO YouTube: dispatched 1 comments to Dramatiq
2026-03-13 00:13:01,420 genlab_core.engagement.poller INFO [POLLER] YouTube: fetched 1 comments for ai_news
2026-03-13 00:13:01,427 engagement.poller INFO YouTube: dispatched 1 comments to Dramatiq
2026-03-13 00:18:04,081 genlab_core.engagement.poller INFO [POLLER] YouTube: fetched 1 comments for ai_news
2026-03-13 00:18:04,090 engagement.poller INFO YouTube: dispatched 1 comments to Dramatiq
2026-03-13 00:23:04,543 genlab_core.engagement.poller INFO [POLLER] YouTube: fetched 1 comments for ai_news
2026-03-13 00:23:04,550 engagement.poller INFO YouTube: dispatched 1 comments to Dramatiq
2026-03-13 00:28:04,966 genlab_core.engagement.poller INFO [POLLER] YouTube: fetched 1 comments for ai_news
2026-03-13 00:28:04,973 engagement.poller INFO YouTube: dispatched 1 comments to Dramatiq
2026-03-13 00:33:05,394 genlab_core.engagement.poller INFO [POLLER] YouTube: fetched 1 comments for ai_news
2026-03-13 00:33:05,399 engagement.poller INFO YouTube: dispatched 1 comments to Dramatiq
2026-03-13 00:38:05,862 genlab_core.engagement.poller INFO [POLLER] YouTube: fetched 1 comments for ai_news
2026-03-13 00:38:05,871 engagement.poller INFO YouTube: dispatched 1 comments to Dramatiq
2026-03-13 00:43:06,357 genlab_core.engagement.poller INFO [POLLER] YouTube: fetched 1 comments for ai_news
2026-03-13 00:43:06,364 engagement.poller INFO YouTube: dispatched 1 comments to Dramatiq
2026-03-13 00:48:06,861 genlab_core.engagement.poller INFO [POLLER] YouTube: fetched 1 comments for ai_news
2026-03-13 00:48:06,869 engagement.poller INFO YouTube: dispatched 1 comments to Dramatiq
2026-03-13 00:53:07,357 genlab_core.engagement.poller INFO [POLLER] YouTube: fetched 1 comments for ai_news
2026-03-13 00:53:07,365 engagement.poller INFO YouTube: dispatched 1 comments to Dramatiq
2026-03-13 00:58:07,870 genlab_core.engagement.poller INFO [POLLER] YouTube: fetched 1 comments for ai_news
2026-03-13 00:58:07,879 engagement.poller INFO YouTube: dispatched 1 comments to Dramatiq
2026-03-13 01:03:08,350 genlab_core.engagement.poller INFO [POLLER] YouTube: fetched 1 comments for ai_news
2026-03-13 01:03:08,357 engagement.poller INFO YouTube: dispatched 1 comments to Dramatiq
2026-03-13 01:08:08,761 genlab_core.engagement.poller INFO [POLLER] YouTube: fetched 1 comments for ai_news
2026-03-13 01:08:08,766 engagement.poller INFO YouTube: dispatched 1 comments to Dramatiq
2026-03-13 01:13:09,170 genlab_core.engagement.poller INFO [POLLER] YouTube: fetched 1 comments for ai_news
2026-03-13 01:13:09,178 engagement.poller INFO YouTube: dispatched 1 comments to Dramatiq
2026-03-13 01:18:09,662 genlab_core.engagement.poller INFO [POLLER] YouTube: fetched 1 comments for ai_news
2026-03-13 01:18:09,670 engagement.poller INFO YouTube: dispatched 1 comments to Dramatiq
2026-03-13 01:23:10,217 genlab_core.engagement.poller INFO [POLLER] YouTube: fetched 1 comments for ai_news
2026-03-13 01:23:10,226 engagement.poller INFO YouTube: dispatched 1 comments to Dramatiq
2026-03-13 01:28:10,677 genlab_core.engagement.poller INFO [POLLER] YouTube: fetched 1 comments for ai_news
2026-03-13 01:28:10,685 engagement.poller INFO YouTube: dispatched 1 comments to Dramatiq
2026-03-13 01:33:11,135 genlab_core.engagement.poller INFO [POLLER] YouTube: fetched 1 comments for ai_news
2026-03-13 01:33:11,145 engagement.poller INFO YouTube: dispatched 1 comments to Dramatiq
2026-03-13 01:38:11,549 genlab_core.engagement.poller INFO [POLLER] YouTube: fetched 1 comments for ai_news
2026-03-13 01:38:11,559 engagement.poller INFO YouTube: dispatched 1 comments to Dramatiq
2026-03-13 01:43:11,970 genlab_core.engagement.poller INFO [POLLER] YouTube: fetched 1 comments for ai_news
2026-03-13 01:43:11,979 engagement.poller INFO YouTube: dispatched 1 comments to Dramatiq
2026-03-13 01:48:12,506 genlab_core.engagement.poller INFO [POLLER] YouTube: fetched 1 comments for ai_news
2026-03-13 01:48:12,515 engagement.poller INFO YouTube: dispatched 1 comments to Dramatiq
2026-03-13 01:53:13,039 genlab_core.engagement.poller INFO [POLLER] YouTube: fetched 1 comments for ai_news
2026-03-13 01:53:13,047 engagement.poller INFO YouTube: dispatched 1 comments to Dramatiq
2026-03-13 01:58:13,475 genlab_core.engagement.poller INFO [POLLER] YouTube: fetched 1 comments for ai_news
2026-03-13 01:58:13,481 engagement.poller INFO YouTube: dispatched 1 comments to Dramatiq
2026-03-13 02:03:13,983 genlab_core.engagement.poller INFO [POLLER] YouTube: fetched 1 comments for ai_news
2026-03-13 02:03:13,990 engagement.poller INFO YouTube: dispatched 1 comments to Dramatiq
2026-03-13 02:08:14,493 genlab_core.engagement.poller INFO [POLLER] YouTube: fetched 1 comments for ai_news
2026-03-13 02:08:14,502 engagement.poller INFO YouTube: dispatched 1 comments to Dramatiq
2026-03-13 02:13:14,991 genlab_core.engagement.poller INFO [POLLER] YouTube: fetched 1 comments for ai_news
2026-03-13 02:13:14,998 engagement.poller INFO YouTube: dispatched 1 comments to Dramatiq
2026-03-13 02:18:15,495 genlab_core.engagement.poller INFO [POLLER] YouTube: fetched 1 comments for ai_news
2026-03-13 02:18:15,503 engagement.poller INFO YouTube: dispatched 1 comments to Dramatiq
2026-03-13 02:23:15,974 genlab_core.engagement.poller INFO [POLLER] YouTube: fetched 1 comments for ai_news
2026-03-13 02:23:15,981 engagement.poller INFO YouTube: dispatched 1 comments to Dramatiq
2026-03-13 02:28:16,488 genlab_core.engagement.poller INFO [POLLER] YouTube: fetched 1 comments for ai_news
2026-03-13 02:28:16,498 engagement.poller INFO YouTube: dispatched 1 comments to Dramatiq
2026-03-13 02:33:16,967 genlab_core.engagement.poller INFO [POLLER] YouTube: fetched 1 comments for ai_news
2026-03-13 02:33:16,973 engagement.poller INFO YouTube: dispatched 1 comments to Dramatiq
2026-03-13 02:38:17,475 genlab_core.engagement.poller INFO [POLLER] YouTube: fetched 1 comments for ai_news
2026-03-13 02:38:17,480 engagement.poller INFO YouTube: dispatched 1 comments to Dramatiq
2026-03-13 02:43:17,907 genlab_core.engagement.poller INFO [POLLER] YouTube: fetched 1 comments for ai_news
2026-03-13 02:43:17,911 engagement.poller INFO YouTube: dispatched 1 comments to Dramatiq
2026-03-13 02:48:18,402 genlab_core.engagement.poller INFO [POLLER] YouTube: fetched 1 comments for ai_news
2026-03-13 02:48:18,408 engagement.poller INFO YouTube: dispatched 1 comments to Dramatiq
2026-03-13 02:53:18,902 genlab_core.engagement.poller INFO [POLLER] YouTube: fetched 1 comments for ai_news
2026-03-13 02:53:18,912 engagement.poller INFO YouTube: dispatched 1 comments to Dramatiq
2026-03-13 02:58:19,402 genlab_core.engagement.poller INFO [POLLER] YouTube: fetched 1 comments for ai_news
2026-03-13 02:58:19,408 engagement.poller INFO YouTube: dispatched 1 comments to Dramatiq
2026-03-13 03:03:19,819 genlab_core.engagement.poller INFO [POLLER] YouTube: fetched 1 comments for ai_news
2026-03-13 03:03:19,829 engagement.poller INFO YouTube: dispatched 1 comments to Dramatiq
2026-03-13 03:08:20,422 genlab_core.engagement.poller INFO [POLLER] YouTube: fetched 1 comments for ai_news
2026-03-13 03:08:20,431 engagement.poller INFO YouTube: dispatched 1 comments to Dramatiq
2026-03-13 03:13:20,823 genlab_core.engagement.poller INFO [POLLER] YouTube: fetched 1 comments for ai_news
2026-03-13 03:13:20,830 engagement.poller INFO YouTube: dispatched 1 comments to Dramatiq
2026-03-13 03:18:21,419 genlab_core.engagement.poller INFO [POLLER] YouTube: fetched 1 comments for ai_news
2026-03-13 03:18:21,426 engagement.poller INFO YouTube: dispatched 1 comments to Dramatiq
2026-03-13 03:23:21,875 genlab_core.engagement.poller INFO [POLLER] YouTube: fetched 1 comments for ai_news
2026-03-13 03:23:21,882 engagement.poller INFO YouTube: dispatched 1 comments to Dramatiq
2026-03-13 03:28:22,449 genlab_core.engagement.poller INFO [POLLER] YouTube: fetched 1 comments for ai_news
2026-03-13 03:28:22,458 engagement.poller INFO YouTube: dispatched 1 comments to Dramatiq
2026-03-13 03:33:22,885 genlab_core.engagement.poller INFO [POLLER] YouTube: fetched 1 comments for ai_news
2026-03-13 03:33:22,895 engagement.poller INFO YouTube: dispatched 1 comments to Dramatiq
2026-03-13 03:38:23,387 genlab_core.engagement.poller INFO [POLLER] YouTube: fetched 1 comments for ai_news
2026-03-13 03:38:23,398 engagement.poller INFO YouTube: dispatched 1 comments to Dramatiq
2026-03-13 03:43:23,884 genlab_core.engagement.poller INFO [POLLER] YouTube: fetched 1 comments for ai_news
2026-03-13 03:43:23,896 engagement.poller INFO YouTube: dispatched 1 comments to Dramatiq
2026-03-13 03:48:24,390 genlab_core.engagement.poller INFO [POLLER] YouTube: fetched 1 comments for ai_news
2026-03-13 03:48:24,399 engagement.poller INFO YouTube: dispatched 1 comments to Dramatiq
2026-03-13 03:53:24,880 genlab_core.engagement.poller INFO [POLLER] YouTube: fetched 1 comments for ai_news
2026-03-13 03:53:24,888 engagement.poller INFO YouTube: dispatched 1 comments to Dramatiq
2026-03-13 03:58:25,378 genlab_core.engagement.poller INFO [POLLER] YouTube: fetched 1 comments for ai_news
2026-03-13 03:58:25,385 engagement.poller INFO YouTube: dispatched 1 comments to Dramatiq
2026-03-13 04:03:25,892 genlab_core.engagement.poller INFO [POLLER] YouTube: fetched 1 comments for ai_news
2026-03-13 04:03:25,901 engagement.poller INFO YouTube: dispatched 1 comments to Dramatiq
2026-03-13 04:08:26,333 genlab_core.engagement.poller INFO [POLLER] YouTube: fetched 1 comments for ai_news
2026-03-13 04:08:26,342 engagement.poller INFO YouTube: dispatched 1 comments to Dramatiq
2026-03-13 04:13:26,943 genlab_core.engagement.poller INFO [POLLER] YouTube: fetched 1 comments for ai_news
2026-03-13 04:13:26,952 engagement.poller INFO YouTube: dispatched 1 comments to Dramatiq
2026-03-13 04:18:27,503 genlab_core.engagement.poller INFO [POLLER] YouTube: fetched 1 comments for ai_news
2026-03-13 04:18:27,513 engagement.poller INFO YouTube: dispatched 1 comments to Dramatiq
2026-03-13 04:23:27,964 genlab_core.engagement.poller INFO [POLLER] YouTube: fetched 1 comments for ai_news
2026-03-13 04:23:27,969 engagement.poller INFO YouTube: dispatched 1 comments to Dramatiq
2026-03-13 04:28:28,434 genlab_core.engagement.poller INFO [POLLER] YouTube: fetched 1 comments for ai_news
2026-03-13 04:28:28,446 engagement.poller INFO YouTube: dispatched 1 comments to Dramatiq
2026-03-13 04:33:28,938 genlab_core.engagement.poller INFO [POLLER] YouTube: fetched 1 comments for ai_news
2026-03-13 04:33:28,946 engagement.poller INFO YouTube: dispatched 1 comments to Dramatiq
2026-03-13 04:38:29,515 genlab_core.engagement.poller INFO [POLLER] YouTube: fetched 1 comments for ai_news
2026-03-13 04:38:29,525 engagement.poller INFO YouTube: dispatched 1 comments to Dramatiq
2026-03-13 04:43:30,116 genlab_core.engagement.poller INFO [POLLER] YouTube: fetched 1 comments for ai_news
2026-03-13 04:43:30,144 engagement.poller INFO YouTube: dispatched 1 comments to Dramatiq
2026-03-13 04:48:30,615 genlab_core.engagement.poller INFO [POLLER] YouTube: fetched 1 comments for ai_news
2026-03-13 04:48:30,626 engagement.poller INFO YouTube: dispatched 1 comments to Dramatiq
2026-03-13 04:53:31,140 genlab_core.engagement.poller INFO [POLLER] YouTube: fetched 1 comments for ai_news
2026-03-13 04:53:31,148 engagement.poller INFO YouTube: dispatched 1 comments to Dramatiq
2026-03-13 04:58:31,696 genlab_core.engagement.poller INFO [POLLER] YouTube: fetched 1 comments for ai_news
2026-03-13 04:58:31,703 engagement.poller INFO YouTube: dispatched 1 comments to Dramatiq
2026-03-13 05:03:32,125 genlab_core.engagement.poller INFO [POLLER] YouTube: fetched 1 comments for ai_news
2026-03-13 05:03:32,137 engagement.poller INFO YouTube: dispatched 1 comments to Dramatiq
2026-03-13 05:08:32,587 genlab_core.engagement.poller INFO [POLLER] YouTube: fetched 1 comments for ai_news
2026-03-13 05:08:32,590 engagement.poller INFO YouTube: dispatched 1 comments to Dramatiq
2026-03-13 05:13:33,072 genlab_core.engagement.poller INFO [POLLER] YouTube: fetched 1 comments for ai_news
2026-03-13 05:13:33,082 engagement.poller INFO YouTube: dispatched 1 comments to Dramatiq
2026-03-13 05:18:33,640 genlab_core.engagement.poller INFO [POLLER] YouTube: fetched 1 comments for ai_news
2026-03-13 05:18:33,651 engagement.poller INFO YouTube: dispatched 1 comments to Dramatiq
2026-03-13 05:23:34,323 genlab_core.engagement.poller INFO [POLLER] YouTube: fetched 1 comments for ai_news
2026-03-13 05:23:34,331 engagement.poller INFO YouTube: dispatched 1 comments to Dramatiq
2026-03-13 05:28:34,832 genlab_core.engagement.poller INFO [POLLER] YouTube: fetched 1 comments for ai_news
2026-03-13 05:28:34,839 engagement.poller INFO YouTube: dispatched 1 comments to Dramatiq
2026-03-13 05:33:35,338 genlab_core.engagement.poller INFO [POLLER] YouTube: fetched 1 comments for ai_news
2026-03-13 05:33:35,348 engagement.poller INFO YouTube: dispatched 1 comments to Dramatiq
2026-03-13 05:38:35,857 genlab_core.engagement.poller INFO [POLLER] YouTube: fetched 1 comments for ai_news
2026-03-13 05:38:35,863 engagement.poller INFO YouTube: dispatched 1 comments to Dramatiq
2026-03-13 05:43:36,405 genlab_core.engagement.poller INFO [POLLER] YouTube: fetched 1 comments for ai_news
2026-03-13 05:43:36,415 engagement.poller INFO YouTube: dispatched 1 comments to Dramatiq
2026-03-13 05:48:36,985 genlab_core.engagement.poller INFO [POLLER] YouTube: fetched 1 comments for ai_news
2026-03-13 05:48:37,004 engagement.poller INFO YouTube: dispatched 1 comments to Dramatiq
2026-03-13 05:53:37,477 genlab_core.engagement.poller INFO [POLLER] YouTube: fetched 1 comments for ai_news
2026-03-13 05:53:37,488 engagement.poller INFO YouTube: dispatched 1 comments to Dramatiq
2026-03-13 05:58:38,031 genlab_core.engagement.poller INFO [POLLER] YouTube: fetched 1 comments for ai_news
2026-03-13 05:58:38,042 engagement.poller INFO YouTube: dispatched 1 comments to Dramatiq
2026-03-13 06:03:38,511 genlab_core.engagement.poller INFO [POLLER] YouTube: fetched 1 comments for ai_news
2026-03-13 06:03:38,518 engagement.poller INFO YouTube: dispatched 1 comments to Dramatiq
2026-03-13 06:08:39,042 genlab_core.engagement.poller INFO [POLLER] YouTube: fetched 1 comments for ai_news
2026-03-13 06:08:39,053 engagement.poller INFO YouTube: dispatched 1 comments to Dramatiq
2026-03-13 06:13:39,510 genlab_core.engagement.poller INFO [POLLER] YouTube: fetched 1 comments for ai_news
2026-03-13 06:13:39,515 engagement.poller INFO YouTube: dispatched 1 comments to Dramatiq
2026-03-13 06:18:40,012 genlab_core.engagement.poller INFO [POLLER] YouTube: fetched 1 comments for ai_news
2026-03-13 06:18:40,025 engagement.poller INFO YouTube: dispatched 1 comments to Dramatiq
2026-03-13 06:23:40,578 genlab_core.engagement.poller INFO [POLLER] YouTube: fetched 1 comments for ai_news
2026-03-13 06:23:40,587 engagement.poller INFO YouTube: dispatched 1 comments to Dramatiq
2026-03-13 06:28:41,044 genlab_core.engagement.poller INFO [POLLER] YouTube: fetched 1 comments for ai_news
2026-03-13 06:28:41,054 engagement.poller INFO YouTube: dispatched 1 comments to Dramatiq
2026-03-13 06:33:41,522 genlab_core.engagement.poller INFO [POLLER] YouTube: fetched 1 comments for ai_news
2026-03-13 06:33:41,532 engagement.poller INFO YouTube: dispatched 1 comments to Dramatiq
2026-03-13 06:38:42,046 genlab_core.engagement.poller INFO [POLLER] YouTube: fetched 1 comments for ai_news
2026-03-13 06:38:42,055 engagement.poller INFO YouTube: dispatched 1 comments to Dramatiq
2026-03-13 06:43:42,528 genlab_core.engagement.poller INFO [POLLER] YouTube: fetched 1 comments for ai_news
2026-03-13 06:43:42,534 engagement.poller INFO YouTube: dispatched 1 comments to Dramatiq
2026-03-13 06:48:43,525 genlab_core.engagement.poller INFO [POLLER] YouTube: fetched 1 comments for ai_news
2026-03-13 06:48:43,532 engagement.poller INFO YouTube: dispatched 1 comments to Dramatiq
2026-03-13 06:53:44,073 genlab_core.engagement.poller INFO [POLLER] YouTube: fetched 1 comments for ai_news
2026-03-13 06:53:44,080 engagement.poller INFO YouTube: dispatched 1 comments to Dramatiq
2026-03-13 06:58:44,740 genlab_core.engagement.poller INFO [POLLER] YouTube: fetched 1 comments for ai_news
2026-03-13 06:58:44,748 engagement.poller INFO YouTube: dispatched 1 comments to Dramatiq
2026-03-13 07:03:45,289 genlab_core.engagement.poller INFO [POLLER] YouTube: fetched 1 comments for ai_news
2026-03-13 07:03:45,294 engagement.poller INFO YouTube: dispatched 1 comments to Dramatiq
2026-03-13 07:08:45,814 genlab_core.engagement.poller INFO [POLLER] YouTube: fetched 1 comments for ai_news
2026-03-13 07:08:45,826 engagement.poller INFO YouTube: dispatched 1 comments to Dramatiq
2026-03-13 07:13:46,418 genlab_core.engagement.poller INFO [POLLER] YouTube: fetched 1 comments for ai_news
2026-03-13 07:13:46,427 engagement.poller INFO YouTube: dispatched 1 comments to Dramatiq
2026-03-13 07:18:46,936 genlab_core.engagement.poller INFO [POLLER] YouTube: fetched 1 comments for ai_news
2026-03-13 07:18:46,947 engagement.poller INFO YouTube: dispatched 1 comments to Dramatiq
2026-03-13 07:23:47,503 genlab_core.engagement.poller INFO [POLLER] YouTube: fetched 1 comments for ai_news
2026-03-13 07:23:47,511 engagement.poller INFO YouTube: dispatched 1 comments to Dramatiq
2026-03-13 07:28:48,028 genlab_core.engagement.poller INFO [POLLER] YouTube: fetched 1 comments for ai_news
2026-03-13 07:28:48,034 engagement.poller INFO YouTube: dispatched 1 comments to Dramatiq
2026-03-13 07:33:48,440 genlab_core.engagement.poller INFO [POLLER] YouTube: fetched 1 comments for ai_news
2026-03-13 07:33:48,446 engagement.poller INFO YouTube: dispatched 1 comments to Dramatiq
2026-03-13 07:38:48,976 genlab_core.engagement.poller INFO [POLLER] YouTube: fetched 1 comments for ai_news
2026-03-13 07:38:48,987 engagement.poller INFO YouTube: dispatched 1 comments to Dramatiq
2026-03-13 07:43:49,415 genlab_core.engagement.poller INFO [POLLER] YouTube: fetched 1 comments for ai_news
2026-03-13 07:43:49,426 engagement.poller INFO YouTube: dispatched 1 comments to Dramatiq
2026-03-13 09:01:01,339 genlab_core.engagement.poller WARNING [POLLER] YouTube poll failed for ai_news: HTTPSConnectionPool(host='oauth2.googleapis.com', port=443): Max retries exceeded with url: /token (Caused by NameResolutionError("HTTPSConnection(host='oauth2.googleapis.com', port=443): Failed to resolve 'oauth2.googleapis.com' ([Errno 8] nodename nor servname provided, or not known)"))
2026-03-13 10:38:35,957 genlab_core.engagement.poller INFO [POLLER] YouTube: fetched 1 comments for ai_news
2026-03-13 10:38:35,964 engagement.poller INFO YouTube: dispatched 1 comments to Dramatiq
2026-03-13 11:57:36,937 genlab_core.engagement.poller INFO [POLLER] YouTube: fetched 1 comments for ai_news
2026-03-13 11:57:36,968 engagement.poller INFO YouTube: dispatched 1 comments to Dramatiq
2026-03-13 12:02:37,522 genlab_core.engagement.poller INFO [POLLER] YouTube: fetched 1 comments for ai_news
2026-03-13 12:02:37,529 engagement.poller INFO YouTube: dispatched 1 comments to Dramatiq
2026-03-13 12:07:38,186 genlab_core.engagement.poller INFO [POLLER] YouTube: fetched 1 comments for ai_news
2026-03-13 12:07:38,195 engagement.poller INFO YouTube: dispatched 1 comments to Dramatiq
2026-03-13 12:12:38,708 genlab_core.engagement.poller INFO [POLLER] YouTube: fetched 1 comments for ai_news
2026-03-13 12:12:38,716 engagement.poller INFO YouTube: dispatched 1 comments to Dramatiq
2026-03-13 12:17:39,228 genlab_core.engagement.poller INFO [POLLER] YouTube: fetched 1 comments for ai_news
2026-03-13 12:17:39,252 engagement.poller INFO YouTube: dispatched 1 comments to Dramatiq
2026-03-13 12:22:39,898 genlab_core.engagement.poller INFO [POLLER] YouTube: fetched 1 comments for ai_news
2026-03-13 12:22:39,905 engagement.poller INFO YouTube: dispatched 1 comments to Dramatiq
2026-03-13 12:27:40,794 genlab_core.engagement.poller INFO [POLLER] YouTube: fetched 1 comments for ai_news
2026-03-13 12:27:40,800 engagement.poller INFO YouTube: dispatched 1 comments to Dramatiq
2026-03-13 12:32:41,456 genlab_core.engagement.poller INFO [POLLER] YouTube: fetched 1 comments for ai_news
2026-03-13 12:32:41,461 engagement.poller INFO YouTube: dispatched 1 comments to Dramatiq
2026-03-13 12:37:42,011 genlab_core.engagement.poller INFO [POLLER] YouTube: fetched 1 comments for ai_news
2026-03-13 12:37:42,018 engagement.poller INFO YouTube: dispatched 1 comments to Dramatiq
2026-03-13 12:42:42,690 genlab_core.engagement.poller INFO [POLLER] YouTube: fetched 1 comments for ai_news
2026-03-13 12:42:42,698 engagement.poller INFO YouTube: dispatched 1 comments to Dramatiq
2026-03-13 12:47:43,304 genlab_core.engagement.poller INFO [POLLER] YouTube: fetched 1 comments for ai_news
2026-03-13 12:47:43,316 engagement.poller INFO YouTube: dispatched 1 comments to Dramatiq
2026-03-13 12:52:43,866 genlab_core.engagement.poller INFO [POLLER] YouTube: fetched 1 comments for ai_news
2026-03-13 12:52:43,874 engagement.poller INFO YouTube: dispatched 1 comments to Dramatiq
2026-03-13 12:57:44,580 genlab_core.engagement.poller INFO [POLLER] YouTube: fetched 1 comments for ai_news
2026-03-13 12:57:44,585 engagement.poller INFO YouTube: dispatched 1 comments to Dramatiq
2026-03-13 13:02:45,226 genlab_core.engagement.poller INFO [POLLER] YouTube: fetched 1 comments for ai_news
2026-03-13 13:02:45,234 engagement.poller INFO YouTube: dispatched 1 comments to Dramatiq
2026-03-13 13:07:45,691 genlab_core.engagement.poller INFO [POLLER] YouTube: fetched 1 comments for ai_news
2026-03-13 13:07:45,701 engagement.poller INFO YouTube: dispatched 1 comments to Dramatiq
2026-03-13 13:12:46,208 genlab_core.engagement.poller INFO [POLLER] YouTube: fetched 1 comments for ai_news
2026-03-13 13:12:46,213 engagement.poller INFO YouTube: dispatched 1 comments to Dramatiq
2026-03-13 13:17:46,797 genlab_core.engagement.poller INFO [POLLER] YouTube: fetched 1 comments for ai_news
2026-03-13 13:17:46,801 engagement.poller INFO YouTube: dispatched 1 comments to Dramatiq
2026-03-13 13:22:47,253 genlab_core.engagement.poller INFO [POLLER] YouTube: fetched 1 comments for ai_news
2026-03-13 13:22:47,257 engagement.poller INFO YouTube: dispatched 1 comments to Dramatiq
2026-03-13 13:27:47,822 genlab_core.engagement.poller INFO [POLLER] YouTube: fetched 1 comments for ai_news
2026-03-13 13:27:47,827 engagement.poller INFO YouTube: dispatched 1 comments to Dramatiq
2026-03-13 13:32:48,317 genlab_core.engagement.poller INFO [POLLER] YouTube: fetched 1 comments for ai_news
2026-03-13 13:32:48,326 engagement.poller INFO YouTube: dispatched 1 comments to Dramatiq
2026-03-13 13:37:48,806 genlab_core.engagement.poller INFO [POLLER] YouTube: fetched 1 comments for ai_news
2026-03-13 13:37:48,810 engagement.poller INFO YouTube: dispatched 1 comments to Dramatiq
2026-03-13 13:42:49,322 genlab_core.engagement.poller INFO [POLLER] YouTube: fetched 1 comments for ai_news
2026-03-13 13:42:49,331 engagement.poller INFO YouTube: dispatched 1 comments to Dramatiq
2026-03-13 13:47:49,856 genlab_core.engagement.poller INFO [POLLER] YouTube: fetched 1 comments for ai_news
2026-03-13 13:47:49,868 engagement.poller INFO YouTube: dispatched 1 comments to Dramatiq
2026-03-13 13:52:50,318 genlab_core.engagement.poller INFO [POLLER] YouTube: fetched 1 comments for ai_news
2026-03-13 13:52:50,328 engagement.poller INFO YouTube: dispatched 1 comments to Dramatiq
2026-03-13 13:57:50,851 genlab_core.engagement.poller INFO [POLLER] YouTube: fetched 1 comments for ai_news
2026-03-13 13:57:50,857 engagement.poller INFO YouTube: dispatched 1 comments to Dramatiq
2026-03-13 14:02:51,399 genlab_core.engagement.poller INFO [POLLER] YouTube: fetched 1 comments for ai_news
2026-03-13 14:02:51,407 engagement.poller INFO YouTube: dispatched 1 comments to Dramatiq
2026-03-13 14:07:51,880 genlab_core.engagement.poller INFO [POLLER] YouTube: fetched 1 comments for ai_news
2026-03-13 14:07:51,886 engagement.poller INFO YouTube: dispatched 1 comments to Dramatiq
2026-03-13 14:12:52,556 genlab_core.engagement.poller INFO [POLLER] YouTube: fetched 1 comments for ai_news
2026-03-13 14:12:52,564 engagement.poller INFO YouTube: dispatched 1 comments to Dramatiq
2026-03-13 14:17:53,102 genlab_core.engagement.poller INFO [POLLER] YouTube: fetched 1 comments for ai_news
2026-03-13 14:17:53,110 engagement.poller INFO YouTube: dispatched 1 comments to Dramatiq
2026-03-13 14:22:53,646 genlab_core.engagement.poller INFO [POLLER] YouTube: fetched 1 comments for ai_news
2026-03-13 14:22:53,654 engagement.poller INFO YouTube: dispatched 1 comments to Dramatiq
2026-03-13 14:27:54,171 genlab_core.engagement.poller INFO [POLLER] YouTube: fetched 1 comments for ai_news
2026-03-13 14:27:54,180 engagement.poller INFO YouTube: dispatched 1 comments to Dramatiq
2026-03-13 14:32:54,719 genlab_core.engagement.poller INFO [POLLER] YouTube: fetched 1 comments for ai_news
2026-03-13 14:32:54,728 engagement.poller INFO YouTube: dispatched 1 comments to Dramatiq
2026-03-13 14:37:55,342 genlab_core.engagement.poller INFO [POLLER] YouTube: fetched 1 comments for ai_news
2026-03-13 14:37:55,350 engagement.poller INFO YouTube: dispatched 1 comments to Dramatiq
2026-03-13 14:42:55,961 genlab_core.engagement.poller INFO [POLLER] YouTube: fetched 1 comments for ai_news
2026-03-13 14:42:55,969 engagement.poller INFO YouTube: dispatched 1 comments to Dramatiq
2026-03-13 14:47:56,506 genlab_core.engagement.poller INFO [POLLER] YouTube: fetched 1 comments for ai_news
2026-03-13 14:47:56,515 engagement.poller INFO YouTube: dispatched 1 comments to Dramatiq
2026-03-13 14:52:57,115 genlab_core.engagement.poller INFO [POLLER] YouTube: fetched 1 comments for ai_news
2026-03-13 14:52:57,210 engagement.poller INFO YouTube: dispatched 1 comments to Dramatiq
2026-03-13 14:57:57,712 genlab_core.engagement.poller INFO [POLLER] YouTube: fetched 1 comments for ai_news
2026-03-13 14:57:57,718 engagement.poller INFO YouTube: dispatched 1 comments to Dramatiq
2026-03-13 15:02:58,483 genlab_core.engagement.poller INFO [POLLER] YouTube: fetched 1 comments for ai_news
2026-03-13 15:02:58,490 engagement.poller INFO YouTube: dispatched 1 comments to Dramatiq
2026-03-13 15:07:59,070 genlab_core.engagement.poller INFO [POLLER] YouTube: fetched 1 comments for ai_news
2026-03-13 15:07:59,081 engagement.poller INFO YouTube: dispatched 1 comments to Dramatiq
2026-03-13 15:12:59,608 genlab_core.engagement.poller INFO [POLLER] YouTube: fetched 1 comments for ai_news
2026-03-13 15:12:59,616 engagement.poller INFO YouTube: dispatched 1 comments to Dramatiq
2026-03-13 15:18:00,159 genlab_core.engagement.poller INFO [POLLER] YouTube: fetched 1 comments for ai_news
2026-03-13 15:18:00,165 engagement.poller INFO YouTube: dispatched 1 comments to Dramatiq
2026-03-13 15:23:00,859 genlab_core.engagement.poller INFO [POLLER] YouTube: fetched 1 comments for ai_news
2026-03-13 15:23:00,868 engagement.poller INFO YouTube: dispatched 1 comments to Dramatiq
2026-03-13 15:28:01,375 genlab_core.engagement.poller INFO [POLLER] YouTube: fetched 1 comments for ai_news
2026-03-13 15:28:01,379 engagement.poller INFO YouTube: dispatched 1 comments to Dramatiq
2026-03-13 15:33:01,787 genlab_core.engagement.poller INFO [POLLER] YouTube: fetched 1 comments for ai_news
2026-03-13 15:33:01,793 engagement.poller INFO YouTube: dispatched 1 comments to Dramatiq
2026-03-13 15:38:02,272 genlab_core.engagement.poller INFO [POLLER] YouTube: fetched 1 comments for ai_news
2026-03-13 15:38:02,280 engagement.poller INFO YouTube: dispatched 1 comments to Dramatiq
2026-03-13 15:43:02,738 genlab_core.engagement.poller INFO [POLLER] YouTube: fetched 1 comments for ai_news
2026-03-13 15:43:02,772 engagement.poller INFO YouTube: dispatched 1 comments to Dramatiq
2026-03-13 15:48:03,343 genlab_core.engagement.poller INFO [POLLER] YouTube: fetched 1 comments for ai_news
2026-03-13 15:48:03,348 engagement.poller INFO YouTube: dispatched 1 comments to Dramatiq
2026-03-13 15:53:03,943 genlab_core.engagement.poller INFO [POLLER] YouTube: fetched 1 comments for ai_news
2026-03-13 15:53:03,951 engagement.poller INFO YouTube: dispatched 1 comments to Dramatiq
2026-03-13 15:58:04,421 genlab_core.engagement.poller INFO [POLLER] YouTube: fetched 1 comments for ai_news
2026-03-13 15:58:04,438 engagement.poller INFO YouTube: dispatched 1 comments to Dramatiq
2026-03-13 16:03:04,979 genlab_core.engagement.poller INFO [POLLER] YouTube: fetched 1 comments for ai_news
2026-03-13 16:03:04,985 engagement.poller INFO YouTube: dispatched 1 comments to Dramatiq
2026-03-13 16:08:05,450 genlab_core.engagement.poller INFO [POLLER] YouTube: fetched 1 comments for ai_news
2026-03-13 16:08:05,459 engagement.poller INFO YouTube: dispatched 1 comments to Dramatiq
2026-03-13 16:13:06,030 genlab_core.engagement.poller INFO [POLLER] YouTube: fetched 1 comments for ai_news
2026-03-13 16:13:06,035 engagement.poller INFO YouTube: dispatched 1 comments to Dramatiq
2026-03-13 16:18:06,512 genlab_core.engagement.poller INFO [POLLER] YouTube: fetched 1 comments for ai_news
2026-03-13 16:18:06,523 engagement.poller INFO YouTube: dispatched 1 comments to Dramatiq
2026-03-13 16:23:07,039 genlab_core.engagement.poller INFO [POLLER] YouTube: fetched 1 comments for ai_news
2026-03-13 16:23:07,049 engagement.poller INFO YouTube: dispatched 1 comments to Dramatiq
2026-03-13 16:28:07,527 genlab_core.engagement.poller INFO [POLLER] YouTube: fetched 1 comments for ai_news
2026-03-13 16:28:07,537 engagement.poller INFO YouTube: dispatched 1 comments to Dramatiq
2026-03-13 16:33:08,079 genlab_core.engagement.poller INFO [POLLER] YouTube: fetched 1 comments for ai_news
2026-03-13 16:33:08,091 engagement.poller INFO YouTube: dispatched 1 comments to Dramatiq
2026-03-13 16:38:08,641 genlab_core.engagement.poller INFO [POLLER] YouTube: fetched 1 comments for ai_news
2026-03-13 16:38:08,645 engagement.poller INFO YouTube: dispatched 1 comments to Dramatiq
2026-03-13 16:43:09,111 genlab_core.engagement.poller INFO [POLLER] YouTube: fetched 1 comments for ai_news
2026-03-13 16:43:09,129 engagement.poller INFO YouTube: dispatched 1 comments to Dramatiq
2026-03-13 16:48:09,640 genlab_core.engagement.poller INFO [POLLER] YouTube: fetched 1 comments for ai_news
2026-03-13 16:48:09,652 engagement.poller INFO YouTube: dispatched 1 comments to Dramatiq
2026-03-13 16:53:10,110 genlab_core.engagement.poller INFO [POLLER] YouTube: fetched 1 comments for ai_news
2026-03-13 16:53:10,118 engagement.poller INFO YouTube: dispatched 1 comments to Dramatiq
2026-03-13 16:58:10,655 genlab_core.engagement.poller INFO [POLLER] YouTube: fetched 1 comments for ai_news
2026-03-13 16:58:10,661 engagement.poller INFO YouTube: dispatched 1 comments to Dramatiq
2026-03-13 17:03:11,113 genlab_core.engagement.poller INFO [POLLER] YouTube: fetched 1 comments for ai_news
2026-03-13 17:03:11,121 engagement.poller INFO YouTube: dispatched 1 comments to Dramatiq
2026-03-13 17:08:11,589 genlab_core.engagement.poller INFO [POLLER] YouTube: fetched 1 comments for ai_news
2026-03-13 17:08:11,593 engagement.poller INFO YouTube: dispatched 1 comments to Dramatiq
2026-03-13 17:13:12,031 genlab_core.engagement.poller INFO [POLLER] YouTube: fetched 1 comments for ai_news
2026-03-13 17:13:12,037 engagement.poller INFO YouTube: dispatched 1 comments to Dramatiq
2026-03-13 17:18:12,520 genlab_core.engagement.poller INFO [POLLER] YouTube: fetched 1 comments for ai_news
2026-03-13 17:18:12,528 engagement.poller INFO YouTube: dispatched 1 comments to Dramatiq
2026-03-13 17:23:13,005 genlab_core.engagement.poller INFO [POLLER] YouTube: fetched 1 comments for ai_news
2026-03-13 17:23:13,012 engagement.poller INFO YouTube: dispatched 1 comments to Dramatiq
2026-03-13 17:28:13,782 genlab_core.engagement.poller INFO [POLLER] YouTube: fetched 1 comments for ai_news
2026-03-13 17:28:13,789 engagement.poller INFO YouTube: dispatched 1 comments to Dramatiq
2026-03-13 17:33:14,231 genlab_core.engagement.poller INFO [POLLER] YouTube: fetched 1 comments for ai_news
2026-03-13 17:33:14,238 engagement.poller INFO YouTube: dispatched 1 comments to Dramatiq
2026-03-13 17:38:14,780 genlab_core.engagement.poller INFO [POLLER] YouTube: fetched 1 comments for ai_news
2026-03-13 17:38:14,793 engagement.poller INFO YouTube: dispatched 1 comments to Dramatiq
2026-03-13 17:43:15,281 genlab_core.engagement.poller INFO [POLLER] YouTube: fetched 1 comments for ai_news
2026-03-13 17:43:15,286 engagement.poller INFO YouTube: dispatched 1 comments to Dramatiq
2026-03-13 17:48:15,732 genlab_core.engagement.poller INFO [POLLER] YouTube: fetched 1 comments for ai_news
2026-03-13 17:48:15,736 engagement.poller INFO YouTube: dispatched 1 comments to Dramatiq
2026-03-13 17:53:16,205 genlab_core.engagement.poller INFO [POLLER] YouTube: fetched 1 comments for ai_news
2026-03-13 17:53:16,212 engagement.poller INFO YouTube: dispatched 1 comments to Dramatiq
2026-03-13 17:58:16,729 genlab_core.engagement.poller INFO [POLLER] YouTube: fetched 1 comments for ai_news
2026-03-13 17:58:16,738 engagement.poller INFO YouTube: dispatched 1 comments to Dramatiq
2026-03-13 18:03:17,212 genlab_core.engagement.poller INFO [POLLER] YouTube: fetched 1 comments for ai_news
2026-03-13 18:03:17,220 engagement.poller INFO YouTube: dispatched 1 comments to Dramatiq
2026-03-13 18:08:17,678 genlab_core.engagement.poller INFO [POLLER] YouTube: fetched 1 comments for ai_news
2026-03-13 18:08:17,685 engagement.poller INFO YouTube: dispatched 1 comments to Dramatiq
2026-03-13 18:13:18,223 genlab_core.engagement.poller INFO [POLLER] YouTube: fetched 1 comments for ai_news
2026-03-13 18:13:18,230 engagement.poller INFO YouTube: dispatched 1 comments to Dramatiq
2026-03-13 18:18:18,739 genlab_core.engagement.poller INFO [POLLER] YouTube: fetched 1 comments for ai_news
2026-03-13 18:18:18,745 engagement.poller INFO YouTube: dispatched 1 comments to Dramatiq
2026-03-13 18:23:19,221 genlab_core.engagement.poller INFO [POLLER] YouTube: fetched 1 comments for ai_news
2026-03-13 18:23:19,232 engagement.poller INFO YouTube: dispatched 1 comments to Dramatiq
2026-03-13 18:28:19,738 genlab_core.engagement.poller INFO [POLLER] YouTube: fetched 1 comments for ai_news
2026-03-13 18:28:19,744 engagement.poller INFO YouTube: dispatched 1 comments to Dramatiq
2026-03-13 18:33:20,147 genlab_core.engagement.poller INFO [POLLER] YouTube: fetched 1 comments for ai_news
2026-03-13 18:33:20,153 engagement.poller INFO YouTube: dispatched 1 comments to Dramatiq
2026-03-13 18:38:20,722 genlab_core.engagement.poller INFO [POLLER] YouTube: fetched 1 comments for ai_news
2026-03-13 18:38:20,727 engagement.poller INFO YouTube: dispatched 1 comments to Dramatiq
2026-03-13 18:43:21,352 genlab_core.engagement.poller INFO [POLLER] YouTube: fetched 1 comments for ai_news
2026-03-13 18:43:21,361 engagement.poller INFO YouTube: dispatched 1 comments to Dramatiq
2026-03-13 18:48:21,944 genlab_core.engagement.poller INFO [POLLER] YouTube: fetched 1 comments for ai_news
2026-03-13 18:48:21,950 engagement.poller INFO YouTube: dispatched 1 comments to Dramatiq
2026-03-13 18:53:22,612 genlab_core.engagement.poller INFO [POLLER] YouTube: fetched 1 comments for ai_news
2026-03-13 18:53:22,631 engagement.poller INFO YouTube: dispatched 1 comments to Dramatiq
2026-03-13 18:58:23,248 genlab_core.engagement.poller INFO [POLLER] YouTube: fetched 1 comments for ai_news
2026-03-13 18:58:23,256 engagement.poller INFO YouTube: dispatched 1 comments to Dramatiq
2026-03-13 19:03:25,840 genlab_core.engagement.poller INFO [POLLER] YouTube: fetched 1 comments for ai_news
2026-03-13 19:03:25,847 engagement.poller INFO YouTube: dispatched 1 comments to Dramatiq
2026-03-13 19:08:28,453 genlab_core.engagement.poller INFO [POLLER] YouTube: fetched 1 comments for ai_news
2026-03-13 19:08:28,461 engagement.poller INFO YouTube: dispatched 1 comments to Dramatiq
2026-03-13 19:13:31,372 genlab_core.engagement.poller INFO [POLLER] YouTube: fetched 1 comments for ai_news
2026-03-13 19:13:31,380 engagement.poller INFO YouTube: dispatched 1 comments to Dramatiq
2026-03-13 19:18:34,034 genlab_core.engagement.poller INFO [POLLER] YouTube: fetched 1 comments for ai_news
2026-03-13 19:18:34,044 engagement.poller INFO YouTube: dispatched 1 comments to Dramatiq
2026-03-13 19:23:36,847 genlab_core.engagement.poller INFO [POLLER] YouTube: fetched 1 comments for ai_news
2026-03-13 19:23:36,854 engagement.poller INFO YouTube: dispatched 1 comments to Dramatiq
2026-03-13 19:28:39,444 genlab_core.engagement.poller INFO [POLLER] YouTube: fetched 1 comments for ai_news
2026-03-13 19:28:39,451 engagement.poller INFO YouTube: dispatched 1 comments to Dramatiq
2026-03-13 19:33:41,810 genlab_core.engagement.poller INFO [POLLER] YouTube: fetched 1 comments for ai_news
2026-03-13 19:33:41,822 engagement.poller INFO YouTube: dispatched 1 comments to Dramatiq
2026-03-13 19:38:44,256 genlab_core.engagement.poller INFO [POLLER] YouTube: fetched 1 comments for ai_news
2026-03-13 19:38:44,264 engagement.poller INFO YouTube: dispatched 1 comments to Dramatiq
2026-03-13 19:43:46,986 genlab_core.engagement.poller INFO [POLLER] YouTube: fetched 1 comments for ai_news
2026-03-13 19:43:46,992 engagement.poller INFO YouTube: dispatched 1 comments to Dramatiq
2026-03-13 19:48:47,570 genlab_core.engagement.poller INFO [POLLER] YouTube: fetched 1 comments for ai_news
2026-03-13 19:48:47,588 engagement.poller INFO YouTube: dispatched 1 comments to Dramatiq
2026-03-13 19:53:49,824 genlab_core.engagement.poller INFO [POLLER] YouTube: fetched 1 comments for ai_news
2026-03-13 19:53:49,830 engagement.poller INFO YouTube: dispatched 1 comments to Dramatiq
2026-03-13 19:58:50,353 genlab_core.engagement.poller INFO [POLLER] YouTube: fetched 1 comments for ai_news
2026-03-13 19:58:50,357 engagement.poller INFO YouTube: dispatched 1 comments to Dramatiq
2026-03-13 20:03:50,828 genlab_core.engagement.poller INFO [POLLER] YouTube: fetched 1 comments for ai_news
2026-03-13 20:03:50,832 engagement.poller INFO YouTube: dispatched 1 comments to Dramatiq
2026-03-13 20:08:51,417 genlab_core.engagement.poller INFO [POLLER] YouTube: fetched 1 comments for ai_news
2026-03-13 20:08:51,420 engagement.poller INFO YouTube: dispatched 1 comments to Dramatiq
2026-03-13 20:13:52,020 genlab_core.engagement.poller INFO [POLLER] YouTube: fetched 1 comments for ai_news
2026-03-13 20:13:52,023 engagement.poller INFO YouTube: dispatched 1 comments to Dramatiq
2026-03-13 20:18:52,875 genlab_core.engagement.poller INFO [POLLER] YouTube: fetched 1 comments for ai_news
2026-03-13 20:18:52,879 engagement.poller INFO YouTube: dispatched 1 comments to Dramatiq
2026-03-13 20:23:53,680 genlab_core.engagement.poller INFO [POLLER] YouTube: fetched 1 comments for ai_news
2026-03-13 20:23:53,685 engagement.poller INFO YouTube: dispatched 1 comments to Dramatiq
2026-03-13 20:28:54,244 genlab_core.engagement.poller INFO [POLLER] YouTube: fetched 1 comments for ai_news
2026-03-13 20:28:54,249 engagement.poller INFO YouTube: dispatched 1 comments to Dramatiq
2026-03-13 20:33:54,946 genlab_core.engagement.poller INFO [POLLER] YouTube: fetched 1 comments for ai_news
2026-03-13 20:33:54,949 engagement.poller INFO YouTube: dispatched 1 comments to Dramatiq
2026-03-13 20:38:55,440 genlab_core.engagement.poller INFO [POLLER] YouTube: fetched 1 comments for ai_news
2026-03-13 20:38:55,467 engagement.poller INFO YouTube: dispatched 1 comments to Dramatiq
2026-03-13 20:43:55,965 genlab_core.engagement.poller INFO [POLLER] YouTube: fetched 1 comments for ai_news
2026-03-13 20:43:55,975 engagement.poller INFO YouTube: dispatched 1 comments to Dramatiq
2026-03-13 20:48:56,479 genlab_core.engagement.poller INFO [POLLER] YouTube: fetched 1 comments for ai_news
2026-03-13 20:48:56,492 engagement.poller INFO YouTube: dispatched 1 comments to Dramatiq
2026-03-13 20:53:56,964 genlab_core.engagement.poller INFO [POLLER] YouTube: fetched 1 comments for ai_news
2026-03-13 20:53:56,969 engagement.poller INFO YouTube: dispatched 1 comments to Dramatiq
2026-03-13 20:58:57,512 genlab_core.engagement.poller INFO [POLLER] YouTube: fetched 1 comments for ai_news
2026-03-13 20:58:57,520 engagement.poller INFO YouTube: dispatched 1 comments to Dramatiq
2026-03-13 21:03:58,071 genlab_core.engagement.poller INFO [POLLER] YouTube: fetched 1 comments for ai_news
2026-03-13 21:03:58,078 engagement.poller INFO YouTube: dispatched 1 comments to Dramatiq
2026-03-13 21:08:58,566 genlab_core.engagement.poller INFO [POLLER] YouTube: fetched 1 comments for ai_news
2026-03-13 21:08:58,574 engagement.poller INFO YouTube: dispatched 1 comments to Dramatiq
2026-03-13 21:14:02,564 genlab_core.engagement.poller INFO [POLLER] YouTube: fetched 1 comments for ai_news
2026-03-13 21:14:02,570 engagement.poller INFO YouTube: dispatched 1 comments to Dramatiq
2026-03-13 21:19:03,057 genlab_core.engagement.poller INFO [POLLER] YouTube: fetched 1 comments for ai_news
2026-03-13 21:19:03,066 engagement.poller INFO YouTube: dispatched 1 comments to Dramatiq
2026-03-13 21:24:03,497 genlab_core.engagement.poller INFO [POLLER] YouTube: fetched 1 comments for ai_news
2026-03-13 21:24:03,503 engagement.poller INFO YouTube: dispatched 1 comments to Dramatiq
2026-03-13 21:29:04,045 genlab_core.engagement.poller INFO [POLLER] YouTube: fetched 1 comments for ai_news
2026-03-13 21:29:04,054 engagement.poller INFO YouTube: dispatched 1 comments to Dramatiq
2026-03-13 21:34:04,809 genlab_core.engagement.poller INFO [POLLER] YouTube: fetched 1 comments for ai_news
2026-03-13 21:34:04,814 engagement.poller INFO YouTube: dispatched 1 comments to Dramatiq
2026-03-13 21:39:05,261 genlab_core.engagement.poller INFO [POLLER] YouTube: fetched 1 comments for ai_news
2026-03-13 21:39:05,272 engagement.poller INFO YouTube: dispatched 1 comments to Dramatiq
2026-03-13 21:44:05,723 genlab_core.engagement.poller INFO [POLLER] YouTube: fetched 1 comments for ai_news
2026-03-13 21:44:05,731 engagement.poller INFO YouTube: dispatched 1 comments to Dramatiq
2026-03-13 21:49:06,140 genlab_core.engagement.poller INFO [POLLER] YouTube: fetched 1 comments for ai_news
2026-03-13 21:49:06,146 engagement.poller INFO YouTube: dispatched 1 comments to Dramatiq
2026-03-13 21:54:06,642 genlab_core.engagement.poller INFO [POLLER] YouTube: fetched 1 comments for ai_news
2026-03-13 21:54:06,650 engagement.poller INFO YouTube: dispatched 1 comments to Dramatiq
2026-03-13 21:59:08,304 genlab_core.engagement.poller INFO [POLLER] YouTube: fetched 1 comments for ai_news
2026-03-13 21:59:08,333 engagement.poller INFO YouTube: dispatched 1 comments to Dramatiq
2026-03-13 22:04:08,785 genlab_core.engagement.poller INFO [POLLER] YouTube: fetched 1 comments for ai_news
2026-03-13 22:04:08,794 engagement.poller INFO YouTube: dispatched 1 comments to Dramatiq
2026-03-13 22:09:09,231 genlab_core.engagement.poller INFO [POLLER] YouTube: fetched 1 comments for ai_news
2026-03-13 22:09:09,239 engagement.poller INFO YouTube: dispatched 1 comments to Dramatiq
2026-03-13 22:14:09,796 genlab_core.engagement.poller INFO [POLLER] YouTube: fetched 1 comments for ai_news
2026-03-13 22:14:09,805 engagement.poller INFO YouTube: dispatched 1 comments to Dramatiq
2026-03-13 22:19:10,697 genlab_core.engagement.poller INFO [POLLER] YouTube: fetched 1 comments for ai_news
2026-03-13 22:19:10,746 engagement.poller INFO YouTube: dispatched 1 comments to Dramatiq
2026-03-13 22:24:11,186 genlab_core.engagement.poller INFO [POLLER] YouTube: fetched 1 comments for ai_news
2026-03-13 22:24:11,193 engagement.poller INFO YouTube: dispatched 1 comments to Dramatiq
2026-03-13 22:29:11,596 genlab_core.engagement.poller INFO [POLLER] YouTube: fetched 1 comments for ai_news
2026-03-13 22:29:11,604 engagement.poller INFO YouTube: dispatched 1 comments to Dramatiq
2026-03-13 22:34:12,056 genlab_core.engagement.poller INFO [POLLER] YouTube: fetched 1 comments for ai_news
2026-03-13 22:34:12,061 engagement.poller INFO YouTube: dispatched 1 comments to Dramatiq
2026-03-13 22:39:14,190 genlab_core.engagement.poller INFO [POLLER] YouTube: fetched 1 comments for ai_news
2026-03-13 22:39:14,200 engagement.poller INFO YouTube: dispatched 1 comments to Dramatiq
2026-03-13 22:44:14,673 genlab_core.engagement.poller INFO [POLLER] YouTube: fetched 1 comments for ai_news
2026-03-13 22:44:14,685 engagement.poller INFO YouTube: dispatched 1 comments to Dramatiq
2026-03-13 22:49:15,072 genlab_core.engagement.poller INFO [POLLER] YouTube: fetched 1 comments for ai_news
2026-03-13 22:49:15,077 engagement.poller INFO YouTube: dispatched 1 comments to Dramatiq
2026-03-13 22:54:15,590 genlab_core.engagement.poller INFO [POLLER] YouTube: fetched 1 comments for ai_news
2026-03-13 22:54:15,600 engagement.poller INFO YouTube: dispatched 1 comments to Dramatiq
2026-03-13 22:59:16,023 genlab_core.engagement.poller INFO [POLLER] YouTube: fetched 1 comments for ai_news
2026-03-13 22:59:16,033 engagement.poller INFO YouTube: dispatched 1 comments to Dramatiq
2026-03-13 23:04:16,478 genlab_core.engagement.poller INFO [POLLER] YouTube: fetched 1 comments for ai_news
2026-03-13 23:04:16,485 engagement.poller INFO YouTube: dispatched 1 comments to Dramatiq
2026-03-13 23:09:16,911 genlab_core.engagement.poller INFO [POLLER] YouTube: fetched 1 comments for ai_news
2026-03-13 23:09:16,920 engagement.poller INFO YouTube: dispatched 1 comments to Dramatiq
2026-03-13 23:14:17,327 genlab_core.engagement.poller INFO [POLLER] YouTube: fetched 1 comments for ai_news
2026-03-13 23:14:17,332 engagement.poller INFO YouTube: dispatched 1 comments to Dramatiq
2026-03-13 23:19:17,794 genlab_core.engagement.poller INFO [POLLER] YouTube: fetched 1 comments for ai_news
2026-03-13 23:19:17,804 engagement.poller INFO YouTube: dispatched 1 comments to Dramatiq
2026-03-13 23:24:18,253 genlab_core.engagement.poller INFO [POLLER] YouTube: fetched 1 comments for ai_news
2026-03-13 23:24:18,262 engagement.poller INFO YouTube: dispatched 1 comments to Dramatiq
2026-03-13 23:29:18,681 genlab_core.engagement.poller INFO [POLLER] YouTube: fetched 1 comments for ai_news
2026-03-13 23:29:18,688 engagement.poller INFO YouTube: dispatched 1 comments to Dramatiq
2026-03-13 23:34:19,256 genlab_core.engagement.poller INFO [POLLER] YouTube: fetched 1 comments for ai_news
2026-03-13 23:34:19,266 engagement.poller INFO YouTube: dispatched 1 comments to Dramatiq
2026-03-13 23:39:19,715 genlab_core.engagement.poller INFO [POLLER] YouTube: fetched 1 comments for ai_news
2026-03-13 23:39:19,722 engagement.poller INFO YouTube: dispatched 1 comments to Dramatiq
2026-03-13 23:44:20,106 genlab_core.engagement.poller INFO [POLLER] YouTube: fetched 1 comments for ai_news
2026-03-13 23:44:20,110 engagement.poller INFO YouTube: dispatched 1 comments to Dramatiq
2026-03-13 23:49:20,508 genlab_core.engagement.poller INFO [POLLER] YouTube: fetched 1 comments for ai_news
2026-03-13 23:49:20,513 engagement.poller INFO YouTube: dispatched 1 comments to Dramatiq
2026-03-13 23:54:20,893 genlab_core.engagement.poller INFO [POLLER] YouTube: fetched 1 comments for ai_news
2026-03-13 23:54:20,901 engagement.poller INFO YouTube: dispatched 1 comments to Dramatiq
2026-03-13 23:59:21,306 genlab_core.engagement.poller INFO [POLLER] YouTube: fetched 1 comments for ai_news
2026-03-13 23:59:21,314 engagement.poller INFO YouTube: dispatched 1 comments to Dramatiq
2026-03-14 00:04:21,723 genlab_core.engagement.poller INFO [POLLER] YouTube: fetched 1 comments for ai_news
2026-03-14 00:04:21,730 engagement.poller INFO YouTube: dispatched 1 comments to Dramatiq
2026-03-14 00:09:22,150 genlab_core.engagement.poller INFO [POLLER] YouTube: fetched 1 comments for ai_news
2026-03-14 00:09:22,157 engagement.poller INFO YouTube: dispatched 1 comments to Dramatiq
2026-03-14 00:14:22,566 genlab_core.engagement.poller INFO [POLLER] YouTube: fetched 1 comments for ai_news
2026-03-14 00:14:22,573 engagement.poller INFO YouTube: dispatched 1 comments to Dramatiq
2026-03-14 00:19:22,965 genlab_core.engagement.poller INFO [POLLER] YouTube: fetched 1 comments for ai_news
2026-03-14 00:19:22,974 engagement.poller INFO YouTube: dispatched 1 comments to Dramatiq
2026-03-14 00:24:23,396 genlab_core.engagement.poller INFO [POLLER] YouTube: fetched 1 comments for ai_news
2026-03-14 00:24:23,404 engagement.poller INFO YouTube: dispatched 1 comments to Dramatiq
2026-03-14 00:29:23,811 genlab_core.engagement.poller INFO [POLLER] YouTube: fetched 1 comments for ai_news
2026-03-14 00:29:23,817 engagement.poller INFO YouTube: dispatched 1 comments to Dramatiq
2026-03-14 00:34:34,301 genlab_core.engagement.poller INFO [POLLER] YouTube: fetched 1 comments for ai_news
2026-03-14 00:34:34,312 engagement.poller INFO YouTube: dispatched 1 comments to Dramatiq
2026-03-14 00:39:34,823 genlab_core.engagement.poller INFO [POLLER] YouTube: fetched 1 comments for ai_news
2026-03-14 00:39:34,836 engagement.poller INFO YouTube: dispatched 1 comments to Dramatiq
2026-03-14 00:44:35,447 genlab_core.engagement.poller INFO [POLLER] YouTube: fetched 1 comments for ai_news
2026-03-14 00:44:35,460 engagement.poller INFO YouTube: dispatched 1 comments to Dramatiq
2026-03-14 00:49:36,122 genlab_core.engagement.poller INFO [POLLER] YouTube: fetched 1 comments for ai_news
2026-03-14 00:49:36,130 engagement.poller INFO YouTube: dispatched 1 comments to Dramatiq
2026-03-14 00:54:36,523 genlab_core.engagement.poller INFO [POLLER] YouTube: fetched 1 comments for ai_news
2026-03-14 00:54:36,533 engagement.poller INFO YouTube: dispatched 1 comments to Dramatiq
2026-03-14 00:59:37,102 genlab_core.engagement.poller INFO [POLLER] YouTube: fetched 1 comments for ai_news
2026-03-14 00:59:37,113 engagement.poller INFO YouTube: dispatched 1 comments to Dramatiq
2026-03-14 01:04:37,531 genlab_core.engagement.poller INFO [POLLER] YouTube: fetched 1 comments for ai_news
2026-03-14 01:04:37,546 engagement.poller INFO YouTube: dispatched 1 comments to Dramatiq
2026-03-14 01:09:38,157 genlab_core.engagement.poller INFO [POLLER] YouTube: fetched 1 comments for ai_news
2026-03-14 01:09:38,164 engagement.poller INFO YouTube: dispatched 1 comments to Dramatiq
2026-03-14 01:14:38,554 genlab_core.engagement.poller INFO [POLLER] YouTube: fetched 1 comments for ai_news
2026-03-14 01:14:38,563 engagement.poller INFO YouTube: dispatched 1 comments to Dramatiq
2026-03-14 01:19:39,183 genlab_core.engagement.poller INFO [POLLER] YouTube: fetched 1 comments for ai_news
2026-03-14 01:19:39,192 engagement.poller INFO YouTube: dispatched 1 comments to Dramatiq
2026-03-14 01:24:39,594 genlab_core.engagement.poller INFO [POLLER] YouTube: fetched 1 comments for ai_news
2026-03-14 01:24:39,599 engagement.poller INFO YouTube: dispatched 1 comments to Dramatiq
2026-03-14 01:30:05,059 genlab_core.engagement.poller INFO [POLLER] YouTube: fetched 1 comments for ai_news
2026-03-14 01:30:05,067 engagement.poller INFO YouTube: dispatched 1 comments to Dramatiq
2026-03-14 01:35:05,498 genlab_core.engagement.poller INFO [POLLER] YouTube: fetched 1 comments for ai_news
2026-03-14 01:35:05,509 engagement.poller INFO YouTube: dispatched 1 comments to Dramatiq
2026-03-14 01:40:05,927 genlab_core.engagement.poller INFO [POLLER] YouTube: fetched 1 comments for ai_news
2026-03-14 01:40:05,941 engagement.poller INFO YouTube: dispatched 1 comments to Dramatiq
2026-03-14 01:45:06,381 genlab_core.engagement.poller INFO [POLLER] YouTube: fetched 1 comments for ai_news
2026-03-14 01:45:06,389 engagement.poller INFO YouTube: dispatched 1 comments to Dramatiq
2026-03-14 01:50:06,850 genlab_core.engagement.poller INFO [POLLER] YouTube: fetched 1 comments for ai_news
2026-03-14 01:50:06,856 engagement.poller INFO YouTube: dispatched 1 comments to Dramatiq
2026-03-14 01:55:08,178 genlab_core.engagement.poller INFO [POLLER] YouTube: fetched 1 comments for ai_news
2026-03-14 01:55:08,186 engagement.poller INFO YouTube: dispatched 1 comments to Dramatiq
2026-03-14 02:00:08,601 genlab_core.engagement.poller INFO [POLLER] YouTube: fetched 1 comments for ai_news
2026-03-14 02:00:08,605 engagement.poller INFO YouTube: dispatched 1 comments to Dramatiq
2026-03-14 02:05:09,070 genlab_core.engagement.poller INFO [POLLER] YouTube: fetched 1 comments for ai_news
2026-03-14 02:05:09,077 engagement.poller INFO YouTube: dispatched 1 comments to Dramatiq
2026-03-14 02:10:09,494 genlab_core.engagement.poller INFO [POLLER] YouTube: fetched 1 comments for ai_news
2026-03-14 02:10:09,501 engagement.poller INFO YouTube: dispatched 1 comments to Dramatiq
2026-03-14 02:15:10,020 genlab_core.engagement.poller INFO [POLLER] YouTube: fetched 1 comments for ai_news
2026-03-14 02:15:10,030 engagement.poller INFO YouTube: dispatched 1 comments to Dramatiq
2026-03-14 02:20:10,447 genlab_core.engagement.poller INFO [POLLER] YouTube: fetched 1 comments for ai_news
2026-03-14 02:20:10,462 engagement.poller INFO YouTube: dispatched 1 comments to Dramatiq
2026-03-14 02:25:10,885 genlab_core.engagement.poller INFO [POLLER] YouTube: fetched 1 comments for ai_news
2026-03-14 02:25:10,894 engagement.poller INFO YouTube: dispatched 1 comments to Dramatiq
2026-03-14 02:30:11,328 genlab_core.engagement.poller INFO [POLLER] YouTube: fetched 1 comments for ai_news
2026-03-14 02:30:11,335 engagement.poller INFO YouTube: dispatched 1 comments to Dramatiq
2026-03-14 02:35:11,760 genlab_core.engagement.poller INFO [POLLER] YouTube: fetched 1 comments for ai_news
2026-03-14 02:35:11,763 engagement.poller INFO YouTube: dispatched 1 comments to Dramatiq
2026-03-14 02:40:12,198 genlab_core.engagement.poller INFO [POLLER] YouTube: fetched 1 comments for ai_news
2026-03-14 02:40:12,206 engagement.poller INFO YouTube: dispatched 1 comments to Dramatiq
2026-03-14 02:45:12,625 genlab_core.engagement.poller INFO [POLLER] YouTube: fetched 1 comments for ai_news
2026-03-14 02:45:12,635 engagement.poller INFO YouTube: dispatched 1 comments to Dramatiq
2026-03-14 02:50:13,061 genlab_core.engagement.poller INFO [POLLER] YouTube: fetched 1 comments for ai_news
2026-03-14 02:50:13,072 engagement.poller INFO YouTube: dispatched 1 comments to Dramatiq
2026-03-14 02:55:13,486 genlab_core.engagement.poller INFO [POLLER] YouTube: fetched 1 comments for ai_news
2026-03-14 02:55:13,493 engagement.poller INFO YouTube: dispatched 1 comments to Dramatiq
2026-03-14 03:00:13,935 genlab_core.engagement.poller INFO [POLLER] YouTube: fetched 1 comments for ai_news
2026-03-14 03:00:13,945 engagement.poller INFO YouTube: dispatched 1 comments to Dramatiq
2026-03-14 03:05:14,389 genlab_core.engagement.poller INFO [POLLER] YouTube: fetched 1 comments for ai_news
2026-03-14 03:05:14,396 engagement.poller INFO YouTube: dispatched 1 comments to Dramatiq
2026-03-14 03:10:14,813 genlab_core.engagement.poller INFO [POLLER] YouTube: fetched 1 comments for ai_news
2026-03-14 03:10:14,822 engagement.poller INFO YouTube: dispatched 1 comments to Dramatiq
2026-03-14 03:15:15,649 genlab_core.engagement.poller INFO [POLLER] YouTube: fetched 1 comments for ai_news
2026-03-14 03:15:15,659 engagement.poller INFO YouTube: dispatched 1 comments to Dramatiq
2026-03-14 03:20:16,426 genlab_core.engagement.poller INFO [POLLER] YouTube: fetched 1 comments for ai_news
2026-03-14 03:20:16,434 engagement.poller INFO YouTube: dispatched 1 comments to Dramatiq
2026-03-14 03:25:17,225 genlab_core.engagement.poller INFO [POLLER] YouTube: fetched 1 comments for ai_news
2026-03-14 03:25:17,234 engagement.poller INFO YouTube: dispatched 1 comments to Dramatiq
2026-03-14 03:30:18,012 genlab_core.engagement.poller INFO [POLLER] YouTube: fetched 1 comments for ai_news
2026-03-14 03:30:18,020 engagement.poller INFO YouTube: dispatched 1 comments to Dramatiq
2026-03-14 03:35:18,833 genlab_core.engagement.poller INFO [POLLER] YouTube: fetched 1 comments for ai_news
2026-03-14 03:35:18,842 engagement.poller INFO YouTube: dispatched 1 comments to Dramatiq
2026-03-14 03:40:19,727 genlab_core.engagement.poller INFO [POLLER] YouTube: fetched 1 comments for ai_news
2026-03-14 03:40:19,734 engagement.poller INFO YouTube: dispatched 1 comments to Dramatiq
2026-03-14 03:45:20,159 genlab_core.engagement.poller INFO [POLLER] YouTube: fetched 1 comments for ai_news
2026-03-14 03:45:20,167 engagement.poller INFO YouTube: dispatched 1 comments to Dramatiq
2026-03-14 03:50:20,596 genlab_core.engagement.poller INFO [POLLER] YouTube: fetched 1 comments for ai_news
2026-03-14 03:50:20,600 engagement.poller INFO YouTube: dispatched 1 comments to Dramatiq
2026-03-14 03:55:21,137 genlab_core.engagement.poller INFO [POLLER] YouTube: fetched 1 comments for ai_news
2026-03-14 03:55:21,143 engagement.poller INFO YouTube: dispatched 1 comments to Dramatiq
2026-03-14 04:00:21,528 genlab_core.engagement.poller INFO [POLLER] YouTube: fetched 1 comments for ai_news
2026-03-14 04:00:21,537 engagement.poller INFO YouTube: dispatched 1 comments to Dramatiq
2026-03-14 04:05:21,951 genlab_core.engagement.poller INFO [POLLER] YouTube: fetched 1 comments for ai_news
2026-03-14 04:05:21,960 engagement.poller INFO YouTube: dispatched 1 comments to Dramatiq
2026-03-14 04:10:22,404 genlab_core.engagement.poller INFO [POLLER] YouTube: fetched 1 comments for ai_news
2026-03-14 04:10:22,413 engagement.poller INFO YouTube: dispatched 1 comments to Dramatiq
2026-03-14 04:15:22,830 genlab_core.engagement.poller INFO [POLLER] YouTube: fetched 1 comments for ai_news
2026-03-14 04:15:22,838 engagement.poller INFO YouTube: dispatched 1 comments to Dramatiq
2026-03-14 04:20:24,233 genlab_core.engagement.poller INFO [POLLER] YouTube: fetched 1 comments for ai_news
2026-03-14 04:20:24,243 engagement.poller INFO YouTube: dispatched 1 comments to Dramatiq
2026-03-14 04:25:24,658 genlab_core.engagement.poller INFO [POLLER] YouTube: fetched 1 comments for ai_news
2026-03-14 04:25:24,666 engagement.poller INFO YouTube: dispatched 1 comments to Dramatiq
2026-03-14 04:30:25,143 genlab_core.engagement.poller INFO [POLLER] YouTube: fetched 1 comments for ai_news
2026-03-14 04:30:25,156 engagement.poller INFO YouTube: dispatched 1 comments to Dramatiq
2026-03-14 04:35:25,552 genlab_core.engagement.poller INFO [POLLER] YouTube: fetched 1 comments for ai_news
2026-03-14 04:35:25,561 engagement.poller INFO YouTube: dispatched 1 comments to Dramatiq
2026-03-14 04:40:25,968 genlab_core.engagement.poller INFO [POLLER] YouTube: fetched 1 comments for ai_news
2026-03-14 04:40:25,977 engagement.poller INFO YouTube: dispatched 1 comments to Dramatiq
2026-03-14 04:45:26,437 genlab_core.engagement.poller INFO [POLLER] YouTube: fetched 1 comments for ai_news
2026-03-14 04:45:26,453 engagement.poller INFO YouTube: dispatched 1 comments to Dramatiq
2026-03-14 04:50:26,849 genlab_core.engagement.poller INFO [POLLER] YouTube: fetched 1 comments for ai_news
2026-03-14 04:50:26,857 engagement.poller INFO YouTube: dispatched 1 comments to Dramatiq
2026-03-14 04:55:27,272 genlab_core.engagement.poller INFO [POLLER] YouTube: fetched 1 comments for ai_news
2026-03-14 04:55:27,280 engagement.poller INFO YouTube: dispatched 1 comments to Dramatiq
2026-03-14 05:00:27,693 genlab_core.engagement.poller INFO [POLLER] YouTube: fetched 1 comments for ai_news
2026-03-14 05:00:27,702 engagement.poller INFO YouTube: dispatched 1 comments to Dramatiq
2026-03-14 05:05:28,130 genlab_core.engagement.poller INFO [POLLER] YouTube: fetched 1 comments for ai_news
2026-03-14 05:05:28,139 engagement.poller INFO YouTube: dispatched 1 comments to Dramatiq
2026-03-14 05:10:28,528 genlab_core.engagement.poller INFO [POLLER] YouTube: fetched 1 comments for ai_news
2026-03-14 05:10:28,537 engagement.poller INFO YouTube: dispatched 1 comments to Dramatiq
2026-03-14 05:15:28,969 genlab_core.engagement.poller INFO [POLLER] YouTube: fetched 1 comments for ai_news
2026-03-14 05:15:28,976 engagement.poller INFO YouTube: dispatched 1 comments to Dramatiq
2026-03-14 05:20:29,389 genlab_core.engagement.poller INFO [POLLER] YouTube: fetched 1 comments for ai_news
2026-03-14 05:20:29,396 engagement.poller INFO YouTube: dispatched 1 comments to Dramatiq
2026-03-14 05:25:29,860 genlab_core.engagement.poller INFO [POLLER] YouTube: fetched 1 comments for ai_news
2026-03-14 05:25:29,870 engagement.poller INFO YouTube: dispatched 1 comments to Dramatiq
2026-03-14 05:30:30,287 genlab_core.engagement.poller INFO [POLLER] YouTube: fetched 1 comments for ai_news
2026-03-14 05:30:30,295 engagement.poller INFO YouTube: dispatched 1 comments to Dramatiq
2026-03-14 05:35:30,738 genlab_core.engagement.poller INFO [POLLER] YouTube: fetched 1 comments for ai_news
2026-03-14 05:35:30,754 engagement.poller INFO YouTube: dispatched 1 comments to Dramatiq
2026-03-14 05:40:31,538 genlab_core.engagement.poller INFO [POLLER] YouTube: fetched 1 comments for ai_news
2026-03-14 05:40:31,547 engagement.poller INFO YouTube: dispatched 1 comments to Dramatiq
2026-03-14 05:45:31,931 genlab_core.engagement.poller INFO [POLLER] YouTube: fetched 1 comments for ai_news
2026-03-14 05:45:31,939 engagement.poller INFO YouTube: dispatched 1 comments to Dramatiq
2026-03-14 05:50:32,356 genlab_core.engagement.poller INFO [POLLER] YouTube: fetched 1 comments for ai_news
2026-03-14 05:50:32,361 engagement.poller INFO YouTube: dispatched 1 comments to Dramatiq
2026-03-14 05:55:32,791 genlab_core.engagement.poller INFO [POLLER] YouTube: fetched 1 comments for ai_news
2026-03-14 05:55:32,796 engagement.poller INFO YouTube: dispatched 1 comments to Dramatiq
2026-03-14 06:00:33,220 genlab_core.engagement.poller INFO [POLLER] YouTube: fetched 1 comments for ai_news
2026-03-14 06:00:33,227 engagement.poller INFO YouTube: dispatched 1 comments to Dramatiq
2026-03-14 06:05:33,615 genlab_core.engagement.poller INFO [POLLER] YouTube: fetched 1 comments for ai_news
2026-03-14 06:05:33,621 engagement.poller INFO YouTube: dispatched 1 comments to Dramatiq
2026-03-14 06:10:34,019 genlab_core.engagement.poller INFO [POLLER] YouTube: fetched 1 comments for ai_news
2026-03-14 06:10:34,024 engagement.poller INFO YouTube: dispatched 1 comments to Dramatiq
2026-03-14 06:12:40,585 engagement.poller INFO Engagement poller starting — mode=DISPATCH niche=ai_creators platform=youtube
2026-03-14 06:12:40,592 engagement.poller INFO Starting YouTube poller for niche=ai_creators channel=UC3GCipF_BTgjaxu-iSuBZ-g interval=300s
2026-03-14 06:12:41,223 genlab_core.engagement.poller WARNING [POLLER] YouTube poll failed for ai_creators: 403 Client Error: Forbidden for url: https://www.googleapis.com/youtube/v3/commentThreads?allThreadsRelatedToChannelId=UC3GCipF_BTgjaxu-iSuBZ-g&part=snippet&order=time&maxResults=50
2026-03-14 06:17:41,762 genlab_core.engagement.poller WARNING [POLLER] YouTube poll failed for ai_creators: 403 Client Error: Forbidden for url: https://www.googleapis.com/youtube/v3/commentThreads?allThreadsRelatedToChannelId=UC3GCipF_BTgjaxu-iSuBZ-g&part=snippet&order=time&maxResults=50
2026-03-14 06:22:42,239 genlab_core.engagement.poller WARNING [POLLER] YouTube poll failed for ai_creators: 403 Client Error: Forbidden for url: https://www.googleapis.com/youtube/v3/commentThreads?allThreadsRelatedToChannelId=UC3GCipF_BTgjaxu-iSuBZ-g&part=snippet&order=time&maxResults=50
2026-03-14 06:27:42,755 genlab_core.engagement.poller WARNING [POLLER] YouTube poll failed for ai_creators: 403 Client Error: Forbidden for url: https://www.googleapis.com/youtube/v3/commentThreads?allThreadsRelatedToChannelId=UC3GCipF_BTgjaxu-iSuBZ-g&part=snippet&order=time&maxResults=50
2026-03-14 06:32:43,166 genlab_core.engagement.poller WARNING [POLLER] YouTube poll failed for ai_creators: 403 Client Error: Forbidden for url: https://www.googleapis.com/youtube/v3/commentThreads?allThreadsRelatedToChannelId=UC3GCipF_BTgjaxu-iSuBZ-g&part=snippet&order=time&maxResults=50
2026-03-14 06:37:43,739 genlab_core.engagement.poller WARNING [POLLER] YouTube poll failed for ai_creators: 403 Client Error: Forbidden for url: https://www.googleapis.com/youtube/v3/commentThreads?allThreadsRelatedToChannelId=UC3GCipF_BTgjaxu-iSuBZ-g&part=snippet&order=time&maxResults=50
2026-03-14 06:42:44,151 genlab_core.engagement.poller WARNING [POLLER] YouTube poll failed for ai_creators: 403 Client Error: Forbidden for url: https://www.googleapis.com/youtube/v3/commentThreads?allThreadsRelatedToChannelId=UC3GCipF_BTgjaxu-iSuBZ-g&part=snippet&order=time&maxResults=50
2026-03-14 06:47:44,586 genlab_core.engagement.poller WARNING [POLLER] YouTube poll failed for ai_creators: 403 Client Error: Forbidden for url: https://www.googleapis.com/youtube/v3/commentThreads?allThreadsRelatedToChannelId=UC3GCipF_BTgjaxu-iSuBZ-g&part=snippet&order=time&maxResults=50
2026-03-14 06:52:44,997 genlab_core.engagement.poller WARNING [POLLER] YouTube poll failed for ai_creators: 403 Client Error: Forbidden for url: https://www.googleapis.com/youtube/v3/commentThreads?allThreadsRelatedToChannelId=UC3GCipF_BTgjaxu-iSuBZ-g&part=snippet&order=time&maxResults=50
2026-03-14 06:57:45,670 genlab_core.engagement.poller WARNING [POLLER] YouTube poll failed for ai_creators: 403 Client Error: Forbidden for url: https://www.googleapis.com/youtube/v3/commentThreads?allThreadsRelatedToChannelId=UC3GCipF_BTgjaxu-iSuBZ-g&part=snippet&order=time&maxResults=50
2026-03-14 07:02:46,030 genlab_core.engagement.poller WARNING [POLLER] YouTube poll failed for ai_creators: 403 Client Error: Forbidden for url: https://www.googleapis.com/youtube/v3/commentThreads?allThreadsRelatedToChannelId=UC3GCipF_BTgjaxu-iSuBZ-g&part=snippet&order=time&maxResults=50
2026-03-14 07:07:46,583 genlab_core.engagement.poller WARNING [POLLER] YouTube poll failed for ai_creators: 403 Client Error: Forbidden for url: https://www.googleapis.com/youtube/v3/commentThreads?allThreadsRelatedToChannelId=UC3GCipF_BTgjaxu-iSuBZ-g&part=snippet&order=time&maxResults=50
2026-03-14 07:12:47,103 genlab_core.engagement.poller WARNING [POLLER] YouTube poll failed for ai_creators: 403 Client Error: Forbidden for url: https://www.googleapis.com/youtube/v3/commentThreads?allThreadsRelatedToChannelId=UC3GCipF_BTgjaxu-iSuBZ-g&part=snippet&order=time&maxResults=50
2026-03-14 07:17:47,455 genlab_core.engagement.poller WARNING [POLLER] YouTube poll failed for ai_creators: 403 Client Error: Forbidden for url: https://www.googleapis.com/youtube/v3/commentThreads?allThreadsRelatedToChannelId=UC3GCipF_BTgjaxu-iSuBZ-g&part=snippet&order=time&maxResults=50
2026-03-14 07:22:47,962 genlab_core.engagement.poller WARNING [POLLER] YouTube poll failed for ai_creators: 403 Client Error: Forbidden for url: https://www.googleapis.com/youtube/v3/commentThreads?allThreadsRelatedToChannelId=UC3GCipF_BTgjaxu-iSuBZ-g&part=snippet&order=time&maxResults=50
2026-03-14 07:27:48,496 genlab_core.engagement.poller WARNING [POLLER] YouTube poll failed for ai_creators: 403 Client Error: Forbidden for url: https://www.googleapis.com/youtube/v3/commentThreads?allThreadsRelatedToChannelId=UC3GCipF_BTgjaxu-iSuBZ-g&part=snippet&order=time&maxResults=50
2026-03-14 07:32:48,847 genlab_core.engagement.poller WARNING [POLLER] YouTube poll failed for ai_creators: 403 Client Error: Forbidden for url: https://www.googleapis.com/youtube/v3/commentThreads?allThreadsRelatedToChannelId=UC3GCipF_BTgjaxu-iSuBZ-g&part=snippet&order=time&maxResults=50
2026-03-14 07:37:49,245 genlab_core.engagement.poller WARNING [POLLER] YouTube poll failed for ai_creators: 403 Client Error: Forbidden for url: https://www.googleapis.com/youtube/v3/commentThreads?allThreadsRelatedToChannelId=UC3GCipF_BTgjaxu-iSuBZ-g&part=snippet&order=time&maxResults=50
2026-03-14 07:42:49,783 genlab_core.engagement.poller WARNING [POLLER] YouTube poll failed for ai_creators: 403 Client Error: Forbidden for url: https://www.googleapis.com/youtube/v3/commentThreads?allThreadsRelatedToChannelId=UC3GCipF_BTgjaxu-iSuBZ-g&part=snippet&order=time&maxResults=50
2026-03-16 13:47:16,054 engagement.poller INFO Engagement poller starting — mode=DISPATCH niche=ai_creators platform=youtube
2026-03-16 13:47:16,080 engagement.poller INFO Starting YouTube poller for niche=ai_creators channel=UC3GCipF_BTgjaxu-iSuBZ-g interval=300s
2026-03-16 13:47:18,593 genlab_core.engagement.poller WARNING [POLLER] YouTube poll failed for ai_creators: 403 Client Error: Forbidden for url: https://www.googleapis.com/youtube/v3/commentThreads?allThreadsRelatedToChannelId=UC3GCipF_BTgjaxu-iSuBZ-g&part=snippet&order=time&maxResults=50
2026-03-16 13:52:18,979 genlab_core.engagement.poller WARNING [POLLER] YouTube poll failed for ai_creators: 403 Client Error: Forbidden for url: https://www.googleapis.com/youtube/v3/commentThreads?allThreadsRelatedToChannelId=UC3GCipF_BTgjaxu-iSuBZ-g&part=snippet&order=time&maxResults=50
2026-03-16 13:57:19,506 genlab_core.engagement.poller WARNING [POLLER] YouTube poll failed for ai_creators: 403 Client Error: Forbidden for url: https://www.googleapis.com/youtube/v3/commentThreads?allThreadsRelatedToChannelId=UC3GCipF_BTgjaxu-iSuBZ-g&part=snippet&order=time&maxResults=50
2026-03-16 14:02:19,926 genlab_core.engagement.poller WARNING [POLLER] YouTube poll failed for ai_creators: 403 Client Error: Forbidden for url: https://www.googleapis.com/youtube/v3/commentThreads?allThreadsRelatedToChannelId=UC3GCipF_BTgjaxu-iSuBZ-g&part=snippet&order=time&maxResults=50
2026-03-16 14:07:20,470 genlab_core.engagement.poller WARNING [POLLER] YouTube poll failed for ai_creators: 403 Client Error: Forbidden for url: https://www.googleapis.com/youtube/v3/commentThreads?allThreadsRelatedToChannelId=UC3GCipF_BTgjaxu-iSuBZ-g&part=snippet&order=time&maxResults=50
2026-03-16 14:12:20,992 genlab_core.engagement.poller WARNING [POLLER] YouTube poll failed for ai_creators: 403 Client Error: Forbidden for url: https://www.googleapis.com/youtube/v3/commentThreads?allThreadsRelatedToChannelId=UC3GCipF_BTgjaxu-iSuBZ-g&part=snippet&order=time&maxResults=50
2026-03-16 14:17:21,368 genlab_core.engagement.poller WARNING [POLLER] YouTube poll failed for ai_creators: 403 Client Error: Forbidden for url: https://www.googleapis.com/youtube/v3/commentThreads?allThreadsRelatedToChannelId=UC3GCipF_BTgjaxu-iSuBZ-g&part=snippet&order=time&maxResults=50
2026-03-16 14:22:21,793 genlab_core.engagement.poller WARNING [POLLER] YouTube poll failed for ai_creators: 403 Client Error: Forbidden for url: https://www.googleapis.com/youtube/v3/commentThreads?allThreadsRelatedToChannelId=UC3GCipF_BTgjaxu-iSuBZ-g&part=snippet&order=time&maxResults=50
2026-03-16 14:27:22,206 genlab_core.engagement.poller WARNING [POLLER] YouTube poll failed for ai_creators: 403 Client Error: Forbidden for url: https://www.googleapis.com/youtube/v3/commentThreads?allThreadsRelatedToChannelId=UC3GCipF_BTgjaxu-iSuBZ-g&part=snippet&order=time&maxResults=50
2026-03-16 14:32:22,608 genlab_core.engagement.poller WARNING [POLLER] YouTube poll failed for ai_creators: 403 Client Error: Forbidden for url: https://www.googleapis.com/youtube/v3/commentThreads?allThreadsRelatedToChannelId=UC3GCipF_BTgjaxu-iSuBZ-g&part=snippet&order=time&maxResults=50
2026-03-16 14:37:23,106 genlab_core.engagement.poller WARNING [POLLER] YouTube poll failed for ai_creators: 403 Client Error: Forbidden for url: https://www.googleapis.com/youtube/v3/commentThreads?allThreadsRelatedToChannelId=UC3GCipF_BTgjaxu-iSuBZ-g&part=snippet&order=time&maxResults=50
2026-03-16 14:42:23,469 genlab_core.engagement.poller WARNING [POLLER] YouTube poll failed for ai_creators: 403 Client Error: Forbidden for url: https://www.googleapis.com/youtube/v3/commentThreads?allThreadsRelatedToChannelId=UC3GCipF_BTgjaxu-iSuBZ-g&part=snippet&order=time&maxResults=50
2026-03-16 14:47:23,847 genlab_core.engagement.poller WARNING [POLLER] YouTube poll failed for ai_creators: 403 Client Error: Forbidden for url: https://www.googleapis.com/youtube/v3/commentThreads?allThreadsRelatedToChannelId=UC3GCipF_BTgjaxu-iSuBZ-g&part=snippet&order=time&maxResults=50
2026-03-16 14:52:24,253 genlab_core.engagement.poller WARNING [POLLER] YouTube poll failed for ai_creators: 403 Client Error: Forbidden for url: https://www.googleapis.com/youtube/v3/commentThreads?allThreadsRelatedToChannelId=UC3GCipF_BTgjaxu-iSuBZ-g&part=snippet&order=time&maxResults=50
2026-03-16 14:57:24,274 genlab_core.engagement.poller WARNING [POLLER] YouTube poll failed for ai_creators: HTTPSConnectionPool(host='oauth2.googleapis.com', port=443): Max retries exceeded with url: /token (Caused by NameResolutionError("HTTPSConnection(host='oauth2.googleapis.com', port=443): Failed to resolve 'oauth2.googleapis.com' ([Errno 8] nodename nor servname provided, or not known)"))
2026-03-16 15:02:24,836 genlab_core.engagement.poller WARNING [POLLER] YouTube poll failed for ai_creators: 403 Client Error: Forbidden for url: https://www.googleapis.com/youtube/v3/commentThreads?allThreadsRelatedToChannelId=UC3GCipF_BTgjaxu-iSuBZ-g&part=snippet&order=time&maxResults=50
2026-03-16 15:07:25,596 genlab_core.engagement.poller WARNING [POLLER] YouTube poll failed for ai_creators: 403 Client Error: Forbidden for url: https://www.googleapis.com/youtube/v3/commentThreads?allThreadsRelatedToChannelId=UC3GCipF_BTgjaxu-iSuBZ-g&part=snippet&order=time&maxResults=50
2026-03-16 15:12:26,015 genlab_core.engagement.poller WARNING [POLLER] YouTube poll failed for ai_creators: 403 Client Error: Forbidden for url: https://www.googleapis.com/youtube/v3/commentThreads?allThreadsRelatedToChannelId=UC3GCipF_BTgjaxu-iSuBZ-g&part=snippet&order=time&maxResults=50
2026-03-16 15:17:26,431 genlab_core.engagement.poller WARNING [POLLER] YouTube poll failed for ai_creators: 403 Client Error: Forbidden for url: https://www.googleapis.com/youtube/v3/commentThreads?allThreadsRelatedToChannelId=UC3GCipF_BTgjaxu-iSuBZ-g&part=snippet&order=time&maxResults=50
2026-03-16 15:22:26,838 genlab_core.engagement.poller WARNING [POLLER] YouTube poll failed for ai_creators: 403 Client Error: Forbidden for url: https://www.googleapis.com/youtube/v3/commentThreads?allThreadsRelatedToChannelId=UC3GCipF_BTgjaxu-iSuBZ-g&part=snippet&order=time&maxResults=50
2026-03-16 15:27:27,310 genlab_core.engagement.poller WARNING [POLLER] YouTube poll failed for ai_creators: 403 Client Error: Forbidden for url: https://www.googleapis.com/youtube/v3/commentThreads?allThreadsRelatedToChannelId=UC3GCipF_BTgjaxu-iSuBZ-g&part=snippet&order=time&maxResults=50
2026-03-16 15:32:27,763 genlab_core.engagement.poller WARNING [POLLER] YouTube poll failed for ai_creators: 403 Client Error: Forbidden for url: https://www.googleapis.com/youtube/v3/commentThreads?allThreadsRelatedToChannelId=UC3GCipF_BTgjaxu-iSuBZ-g&part=snippet&order=time&maxResults=50
2026-03-16 15:37:28,346 genlab_core.engagement.poller WARNING [POLLER] YouTube poll failed for ai_creators: 403 Client Error: Forbidden for url: https://www.googleapis.com/youtube/v3/commentThreads?allThreadsRelatedToChannelId=UC3GCipF_BTgjaxu-iSuBZ-g&part=snippet&order=time&maxResults=50
2026-03-16 19:16:23,143 engagement.poller INFO Engagement poller starting — mode=DISPATCH niche=ai_creators platform=youtube
2026-03-16 19:16:23,148 engagement.poller INFO Starting YouTube poller for niche=ai_creators channel=UC3GCipF_BTgjaxu-iSuBZ-g interval=300s
2026-03-16 19:16:23,618 genlab_core.engagement.poller WARNING [POLLER] YouTube poll failed for ai_creators: 403 Client Error: Forbidden for url: https://www.googleapis.com/youtube/v3/playlistItems?playlistId=UU3GCipF_BTgjaxu-iSuBZ-g&part=contentDetails&maxResults=10
2026-03-16 19:21:24,340 genlab_core.engagement.poller WARNING [POLLER] YouTube poll failed for ai_creators: 403 Client Error: Forbidden for url: https://www.googleapis.com/youtube/v3/playlistItems?playlistId=UU3GCipF_BTgjaxu-iSuBZ-g&part=contentDetails&maxResults=10
2026-03-16 19:23:59,142 engagement.poller INFO Engagement poller starting — mode=DISPATCH niche=ai_creators platform=youtube
2026-03-16 19:23:59,146 engagement.poller INFO Starting YouTube poller for niche=ai_creators channel=UC3GCipF_BTgjaxu-iSuBZ-g interval=300s
2026-03-16 19:24:02,045 genlab_core.engagement.poller INFO [POLLER] YouTube: fetched 0 comments across 10 videos for ai_creators
2026-03-16 19:29:04,442 genlab_core.engagement.poller INFO [POLLER] YouTube: fetched 0 comments across 10 videos for ai_creators
2026-03-16 19:34:06,632 genlab_core.engagement.poller INFO [POLLER] YouTube: fetched 0 comments across 10 videos for ai_creators
2026-03-16 19:39:09,217 genlab_core.engagement.poller INFO [POLLER] YouTube: fetched 0 comments across 10 videos for ai_creators
2026-03-16 19:44:12,056 genlab_core.engagement.poller INFO [POLLER] YouTube: fetched 0 comments across 10 videos for ai_creators
2026-03-16 19:49:14,629 genlab_core.engagement.poller INFO [POLLER] YouTube: fetched 0 comments across 10 videos for ai_creators
2026-03-16 19:54:17,110 genlab_core.engagement.poller INFO [POLLER] YouTube: fetched 0 comments across 10 videos for ai_creators
2026-03-16 19:59:19,938 genlab_core.engagement.poller INFO [POLLER] YouTube: fetched 0 comments across 10 videos for ai_creators
2026-03-16 20:04:22,304 genlab_core.engagement.poller INFO [POLLER] YouTube: fetched 0 comments across 10 videos for ai_creators
2026-03-16 20:09:23,259 genlab_core.engagement.poller WARNING [POLLER] YouTube poll failed for ai_creators: HTTPSConnectionPool(host='www.googleapis.com', port=443): Max retries exceeded with url: /youtube/v3/playlistItems?playlistId=UU3GCipF_BTgjaxu-iSuBZ-g&part=contentDetails&maxResults=10&key=REDACTED (Caused by NewConnectionError("HTTPSConnection(host='www.googleapis.com', port=443): Failed to establish a new connection: [Errno 51] Network is unreachable"))
2026-03-16 20:14:25,672 genlab_core.engagement.poller INFO [POLLER] YouTube: fetched 0 comments across 10 videos for ai_creators
2026-03-16 20:19:28,096 genlab_core.engagement.poller INFO [POLLER] YouTube: fetched 0 comments across 10 videos for ai_creators
2026-03-17 09:15:16,984 engagement.poller INFO Engagement poller starting — mode=DISPATCH niche=ai_creators platform=youtube
2026-03-17 09:15:16,991 engagement.poller INFO Starting YouTube poller for niche=ai_creators channel=UC3GCipF_BTgjaxu-iSuBZ-g interval=1800s
2026-03-17 09:15:17,236 genlab_core.engagement.poller WARNING [POLLER] YouTube quota exceeded for ai_creators — skipping until reset
2026-03-17 09:45:17,422 genlab_core.engagement.poller WARNING [POLLER] YouTube quota exceeded for ai_creators — skipping until reset
2026-03-17 10:15:18,170 genlab_core.engagement.poller WARNING [POLLER] YouTube quota exceeded for ai_creators — skipping until reset
