2026-03-11 00:15:56,714 engagement.poller ERROR ENGAGEMENT_DISPATCH is not set to 'true'. Set ENGAGEMENT_DISPATCH=true in the launchd plist to enable polling.
2026-03-11 00:16:06,897 engagement.poller ERROR ENGAGEMENT_DISPATCH is not set to 'true'. Set ENGAGEMENT_DISPATCH=true in the launchd plist to enable polling.
2026-03-11 00:16:17,086 engagement.poller ERROR ENGAGEMENT_DISPATCH is not set to 'true'. Set ENGAGEMENT_DISPATCH=true in the launchd plist to enable polling.
2026-03-11 00:16:27,310 engagement.poller ERROR ENGAGEMENT_DISPATCH is not set to 'true'. Set ENGAGEMENT_DISPATCH=true in the launchd plist to enable polling.
2026-03-11 00:16:37,509 engagement.poller ERROR ENGAGEMENT_DISPATCH is not set to 'true'. Set ENGAGEMENT_DISPATCH=true in the launchd plist to enable polling.
2026-03-11 00:16:47,730 engagement.poller ERROR ENGAGEMENT_DISPATCH is not set to 'true'. Set ENGAGEMENT_DISPATCH=true in the launchd plist to enable polling.
2026-03-11 00:16:58,196 engagement.poller ERROR ENGAGEMENT_DISPATCH is not set to 'true'. Set ENGAGEMENT_DISPATCH=true in the launchd plist to enable polling.
2026-03-11 00:17:08,384 engagement.poller ERROR ENGAGEMENT_DISPATCH is not set to 'true'. Set ENGAGEMENT_DISPATCH=true in the launchd plist to enable polling.
2026-03-11 00:17:18,650 engagement.poller ERROR ENGAGEMENT_DISPATCH is not set to 'true'. Set ENGAGEMENT_DISPATCH=true in the launchd plist to enable polling.
2026-03-11 00:17:28,810 engagement.poller ERROR ENGAGEMENT_DISPATCH is not set to 'true'. Set ENGAGEMENT_DISPATCH=true in the launchd plist to enable polling.
Traceback (most recent call last):
  File "/Users/anarchistsid/GenLab/genlab-core/scripts/run_engagement_poller.py", line 149, in <module>
    main()
    ~~~~^^
  File "/Users/anarchistsid/GenLab/genlab-core/scripts/run_engagement_poller.py", line 133, in main
    _check_gate()
    ^^^^^^^^^^^
NameError: name '_check_gate' is not defined
Traceback (most recent call last):
  File "/Users/anarchistsid/GenLab/genlab-core/scripts/run_engagement_poller.py", line 164, in <module>
    main()
    ~~~~^^
  File "/Users/anarchistsid/GenLab/genlab-core/scripts/run_engagement_poller.py", line 148, in main
    _check_gate()
    ^^^^^^^^^^^
NameError: name '_check_gate' is not defined
2026-03-11 00:17:59,523 engagement.poller INFO Engagement poller starting — mode=OBSERVE niche=gaming platform=youtube
2026-03-11 00:17:59,532 engagement.poller INFO Starting YouTube poller for niche=gaming channel=UCW20NL2FiCO5F90IuCGwtTw interval=300s
2026-03-11 00:18:00,099 genlab_core.engagement.poller INFO [POLLER] YouTube: fetched 0 comments for gaming
2026-03-11 00:21:48,793 engagement.poller INFO Engagement poller starting — mode=OBSERVE niche=gaming platform=youtube
2026-03-11 00:21:48,796 engagement.poller INFO Starting YouTube poller for niche=gaming channel=UCW20NL2FiCO5F90IuCGwtTw interval=300s
2026-03-11 00:21:49,324 genlab_core.engagement.poller INFO [POLLER] YouTube: fetched 0 comments for gaming
2026-03-11 00:26:49,736 genlab_core.engagement.poller INFO [POLLER] YouTube: fetched 0 comments for gaming
2026-03-11 00:31:50,270 genlab_core.engagement.poller INFO [POLLER] YouTube: fetched 0 comments for gaming
2026-03-11 00:36:50,780 genlab_core.engagement.poller INFO [POLLER] YouTube: fetched 0 comments for gaming
2026-03-11 00:38:23,194 engagement.poller INFO Engagement poller starting — mode=OBSERVE niche=gaming platform=youtube
2026-03-11 00:38:23,199 engagement.poller INFO Starting YouTube poller for niche=gaming channel=UCW20NL2FiCO5F90IuCGwtTw interval=300s
2026-03-11 00:38:23,804 genlab_core.engagement.poller INFO [POLLER] YouTube: fetched 0 comments for gaming
2026-03-11 00:40:00,868 engagement.poller INFO Engagement poller starting — mode=DISPATCH niche=gaming platform=youtube
2026-03-11 00:40:00,873 engagement.poller INFO Starting YouTube poller for niche=gaming channel=UCW20NL2FiCO5F90IuCGwtTw interval=300s
2026-03-11 00:40:01,399 genlab_core.engagement.poller INFO [POLLER] YouTube: fetched 0 comments for gaming
2026-03-11 00:45:01,888 genlab_core.engagement.poller INFO [POLLER] YouTube: fetched 0 comments for gaming
2026-03-11 00:50:02,299 genlab_core.engagement.poller INFO [POLLER] YouTube: fetched 0 comments for gaming
2026-03-11 00:55:02,970 genlab_core.engagement.poller INFO [POLLER] YouTube: fetched 0 comments for gaming
2026-03-11 01:00:03,418 genlab_core.engagement.poller INFO [POLLER] YouTube: fetched 0 comments for gaming
2026-03-11 01:05:03,955 genlab_core.engagement.poller INFO [POLLER] YouTube: fetched 0 comments for gaming
2026-03-11 01:10:04,499 genlab_core.engagement.poller INFO [POLLER] YouTube: fetched 0 comments for gaming
2026-03-11 01:15:05,115 genlab_core.engagement.poller INFO [POLLER] YouTube: fetched 0 comments for gaming
2026-03-11 01:20:05,650 genlab_core.engagement.poller INFO [POLLER] YouTube: fetched 0 comments for gaming
2026-03-11 01:25:06,222 genlab_core.engagement.poller INFO [POLLER] YouTube: fetched 0 comments for gaming
2026-03-11 01:30:06,801 genlab_core.engagement.poller INFO [POLLER] YouTube: fetched 0 comments for gaming
2026-03-11 01:35:07,367 genlab_core.engagement.poller INFO [POLLER] YouTube: fetched 0 comments for gaming
2026-03-11 01:40:07,973 genlab_core.engagement.poller INFO [POLLER] YouTube: fetched 0 comments for gaming
2026-03-11 01:45:08,470 genlab_core.engagement.poller INFO [POLLER] YouTube: fetched 0 comments for gaming
2026-03-11 01:50:09,135 genlab_core.engagement.poller INFO [POLLER] YouTube: fetched 0 comments for gaming
2026-03-11 01:55:09,667 genlab_core.engagement.poller INFO [POLLER] YouTube: fetched 0 comments for gaming
2026-03-11 02:00:10,153 genlab_core.engagement.poller INFO [POLLER] YouTube: fetched 0 comments for gaming
2026-03-11 02:05:10,832 genlab_core.engagement.poller INFO [POLLER] YouTube: fetched 0 comments for gaming
2026-03-11 02:10:11,283 genlab_core.engagement.poller INFO [POLLER] YouTube: fetched 0 comments for gaming
2026-03-11 02:15:11,907 genlab_core.engagement.poller INFO [POLLER] YouTube: fetched 0 comments for gaming
2026-03-11 02:20:12,440 genlab_core.engagement.poller INFO [POLLER] YouTube: fetched 0 comments for gaming
2026-03-11 02:25:12,991 genlab_core.engagement.poller INFO [POLLER] YouTube: fetched 0 comments for gaming
2026-03-11 02:30:13,708 genlab_core.engagement.poller INFO [POLLER] YouTube: fetched 0 comments for gaming
2026-03-11 02:35:14,295 genlab_core.engagement.poller INFO [POLLER] YouTube: fetched 0 comments for gaming
2026-03-11 02:40:14,764 genlab_core.engagement.poller INFO [POLLER] YouTube: fetched 0 comments for gaming
2026-03-11 02:45:15,417 genlab_core.engagement.poller INFO [POLLER] YouTube: fetched 0 comments for gaming
2026-03-11 02:50:15,891 genlab_core.engagement.poller INFO [POLLER] YouTube: fetched 0 comments for gaming
2026-03-11 02:55:16,534 genlab_core.engagement.poller INFO [POLLER] YouTube: fetched 0 comments for gaming
2026-03-11 03:00:16,981 genlab_core.engagement.poller INFO [POLLER] YouTube: fetched 0 comments for gaming
2026-03-11 03:05:17,553 genlab_core.engagement.poller INFO [POLLER] YouTube: fetched 0 comments for gaming
2026-03-11 03:10:18,131 genlab_core.engagement.poller INFO [POLLER] YouTube: fetched 0 comments for gaming
2026-03-11 03:15:18,804 genlab_core.engagement.poller INFO [POLLER] YouTube: fetched 0 comments for gaming
2026-03-11 03:20:19,325 genlab_core.engagement.poller INFO [POLLER] YouTube: fetched 0 comments for gaming
2026-03-11 03:25:19,849 genlab_core.engagement.poller INFO [POLLER] YouTube: fetched 0 comments for gaming
2026-03-11 03:30:20,453 genlab_core.engagement.poller INFO [POLLER] YouTube: fetched 0 comments for gaming
2026-03-11 03:35:21,049 genlab_core.engagement.poller INFO [POLLER] YouTube: fetched 0 comments for gaming
2026-03-11 03:40:21,926 genlab_core.engagement.poller INFO [POLLER] YouTube: fetched 0 comments for gaming
2026-03-11 03:45:22,333 genlab_core.engagement.poller INFO [POLLER] YouTube: fetched 0 comments for gaming
2026-03-11 03:50:22,892 genlab_core.engagement.poller INFO [POLLER] YouTube: fetched 0 comments for gaming
2026-03-11 03:55:23,453 genlab_core.engagement.poller INFO [POLLER] YouTube: fetched 0 comments for gaming
2026-03-11 04:00:24,740 genlab_core.engagement.poller INFO [POLLER] YouTube: fetched 0 comments for gaming
2026-03-11 04:05:25,687 genlab_core.engagement.poller INFO [POLLER] YouTube: fetched 0 comments for gaming
2026-03-11 04:10:26,409 genlab_core.engagement.poller INFO [POLLER] YouTube: fetched 0 comments for gaming
2026-03-11 04:15:27,176 genlab_core.engagement.poller INFO [POLLER] YouTube: fetched 0 comments for gaming
2026-03-11 04:20:27,815 genlab_core.engagement.poller INFO [POLLER] YouTube: fetched 0 comments for gaming
2026-03-11 04:25:28,922 genlab_core.engagement.poller INFO [POLLER] YouTube: fetched 0 comments for gaming
2026-03-11 04:30:29,929 genlab_core.engagement.poller INFO [POLLER] YouTube: fetched 0 comments for gaming
2026-03-11 04:35:30,458 genlab_core.engagement.poller INFO [POLLER] YouTube: fetched 0 comments for gaming
2026-03-11 06:31:16,938 genlab_core.engagement.poller INFO [POLLER] YouTube: fetched 0 comments for gaming
2026-03-11 06:36:17,476 genlab_core.engagement.poller INFO [POLLER] YouTube: fetched 0 comments for gaming
2026-03-11 06:41:17,861 genlab_core.engagement.poller INFO [POLLER] YouTube: fetched 0 comments for gaming
2026-03-11 06:46:18,447 genlab_core.engagement.poller INFO [POLLER] YouTube: fetched 0 comments for gaming
2026-03-11 06:51:18,860 genlab_core.engagement.poller INFO [POLLER] YouTube: fetched 0 comments for gaming
2026-03-11 06:56:19,456 genlab_core.engagement.poller INFO [POLLER] YouTube: fetched 0 comments for gaming
2026-03-11 07:01:19,878 genlab_core.engagement.poller INFO [POLLER] YouTube: fetched 0 comments for gaming
2026-03-11 07:06:20,367 genlab_core.engagement.poller INFO [POLLER] YouTube: fetched 0 comments for gaming
2026-03-11 07:11:20,822 genlab_core.engagement.poller INFO [POLLER] YouTube: fetched 0 comments for gaming
2026-03-11 07:16:21,291 genlab_core.engagement.poller INFO [POLLER] YouTube: fetched 0 comments for gaming
2026-03-11 07:21:21,686 genlab_core.engagement.poller INFO [POLLER] YouTube: fetched 0 comments for gaming
2026-03-11 07:26:22,302 genlab_core.engagement.poller INFO [POLLER] YouTube: fetched 0 comments for gaming
2026-03-11 07:31:22,776 genlab_core.engagement.poller INFO [POLLER] YouTube: fetched 0 comments for gaming
2026-03-11 07:36:23,283 genlab_core.engagement.poller INFO [POLLER] YouTube: fetched 0 comments for gaming
2026-03-11 07:41:23,879 genlab_core.engagement.poller INFO [POLLER] YouTube: fetched 0 comments for gaming
2026-03-11 07:46:24,484 genlab_core.engagement.poller INFO [POLLER] YouTube: fetched 0 comments for gaming
2026-03-11 07:51:24,878 genlab_core.engagement.poller INFO [POLLER] YouTube: fetched 0 comments for gaming
2026-03-11 07:56:25,624 genlab_core.engagement.poller INFO [POLLER] YouTube: fetched 0 comments for gaming
2026-03-11 08:01:26,033 genlab_core.engagement.poller INFO [POLLER] YouTube: fetched 0 comments for gaming
2026-03-11 08:06:26,467 genlab_core.engagement.poller INFO [POLLER] YouTube: fetched 0 comments for gaming
2026-03-11 08:11:26,914 genlab_core.engagement.poller INFO [POLLER] YouTube: fetched 0 comments for gaming
2026-03-11 08:16:27,326 genlab_core.engagement.poller INFO [POLLER] YouTube: fetched 0 comments for gaming
2026-03-11 08:21:27,750 genlab_core.engagement.poller INFO [POLLER] YouTube: fetched 0 comments for gaming
2026-03-11 08:26:28,235 genlab_core.engagement.poller INFO [POLLER] YouTube: fetched 0 comments for gaming
2026-03-11 08:31:28,687 genlab_core.engagement.poller INFO [POLLER] YouTube: fetched 0 comments for gaming
2026-03-11 08:36:29,122 genlab_core.engagement.poller INFO [POLLER] YouTube: fetched 0 comments for gaming
2026-03-11 08:41:29,534 genlab_core.engagement.poller INFO [POLLER] YouTube: fetched 0 comments for gaming
2026-03-11 08:46:30,448 genlab_core.engagement.poller INFO [POLLER] YouTube: fetched 0 comments for gaming
2026-03-11 08:51:30,864 genlab_core.engagement.poller INFO [POLLER] YouTube: fetched 0 comments for gaming
2026-03-11 08:56:31,861 genlab_core.engagement.poller INFO [POLLER] YouTube: fetched 0 comments for gaming
2026-03-11 09:01:32,361 genlab_core.engagement.poller INFO [POLLER] YouTube: fetched 0 comments for gaming
2026-03-11 09:06:32,932 genlab_core.engagement.poller INFO [POLLER] YouTube: fetched 0 comments for gaming
2026-03-11 09:11:33,437 genlab_core.engagement.poller INFO [POLLER] YouTube: fetched 0 comments for gaming
2026-03-11 09:16:34,038 genlab_core.engagement.poller INFO [POLLER] YouTube: fetched 0 comments for gaming
2026-03-11 09:21:34,464 genlab_core.engagement.poller INFO [POLLER] YouTube: fetched 0 comments for gaming
2026-03-11 09:26:35,033 genlab_core.engagement.poller INFO [POLLER] YouTube: fetched 0 comments for gaming
2026-03-11 09:31:35,453 genlab_core.engagement.poller INFO [POLLER] YouTube: fetched 0 comments for gaming
2026-03-11 09:36:35,974 genlab_core.engagement.poller INFO [POLLER] YouTube: fetched 0 comments for gaming
2026-03-11 09:41:36,579 genlab_core.engagement.poller INFO [POLLER] YouTube: fetched 0 comments for gaming
2026-03-11 09:46:37,002 genlab_core.engagement.poller INFO [POLLER] YouTube: fetched 0 comments for gaming
2026-03-11 09:51:37,596 genlab_core.engagement.poller INFO [POLLER] YouTube: fetched 0 comments for gaming
2026-03-11 09:56:38,002 genlab_core.engagement.poller INFO [POLLER] YouTube: fetched 0 comments for gaming
2026-03-11 10:01:38,395 genlab_core.engagement.poller INFO [POLLER] YouTube: fetched 0 comments for gaming
2026-03-11 10:06:38,917 genlab_core.engagement.poller INFO [POLLER] YouTube: fetched 0 comments for gaming
2026-03-11 10:11:39,323 genlab_core.engagement.poller INFO [POLLER] YouTube: fetched 0 comments for gaming
2026-03-11 10:16:39,790 genlab_core.engagement.poller INFO [POLLER] YouTube: fetched 0 comments for gaming
2026-03-11 10:21:40,238 genlab_core.engagement.poller INFO [POLLER] YouTube: fetched 0 comments for gaming
2026-03-11 10:26:40,840 genlab_core.engagement.poller INFO [POLLER] YouTube: fetched 0 comments for gaming
2026-03-11 10:31:41,335 genlab_core.engagement.poller INFO [POLLER] YouTube: fetched 0 comments for gaming
2026-03-11 10:36:42,897 genlab_core.engagement.poller INFO [POLLER] YouTube: fetched 0 comments for gaming
2026-03-11 10:41:43,485 genlab_core.engagement.poller INFO [POLLER] YouTube: fetched 0 comments for gaming
2026-03-11 10:46:44,003 genlab_core.engagement.poller INFO [POLLER] YouTube: fetched 0 comments for gaming
2026-03-11 10:51:44,547 genlab_core.engagement.poller INFO [POLLER] YouTube: fetched 0 comments for gaming
2026-03-11 10:56:45,391 genlab_core.engagement.poller INFO [POLLER] YouTube: fetched 0 comments for gaming
2026-03-11 11:02:00,431 genlab_core.engagement.poller WARNING [POLLER] YouTube poll failed for gaming: HTTPSConnectionPool(host='oauth2.googleapis.com', port=443): Max retries exceeded with url: /token (Caused by ConnectTimeoutError(<HTTPSConnection(host='oauth2.googleapis.com', port=443) at 0x10666e0d0>, 'Connection to oauth2.googleapis.com timed out. (connect timeout=10)'))
2026-03-11 11:07:00,981 genlab_core.engagement.poller INFO [POLLER] YouTube: fetched 0 comments for gaming
2026-03-11 11:12:01,650 genlab_core.engagement.poller INFO [POLLER] YouTube: fetched 0 comments for gaming
2026-03-11 11:17:02,179 genlab_core.engagement.poller INFO [POLLER] YouTube: fetched 0 comments for gaming
2026-03-11 11:22:02,725 genlab_core.engagement.poller INFO [POLLER] YouTube: fetched 0 comments for gaming
2026-03-11 11:27:03,311 genlab_core.engagement.poller INFO [POLLER] YouTube: fetched 0 comments for gaming
2026-03-11 11:32:03,878 genlab_core.engagement.poller INFO [POLLER] YouTube: fetched 0 comments for gaming
2026-03-11 11:37:04,415 genlab_core.engagement.poller INFO [POLLER] YouTube: fetched 0 comments for gaming
2026-03-11 11:42:04,948 genlab_core.engagement.poller INFO [POLLER] YouTube: fetched 0 comments for gaming
2026-03-11 11:47:05,449 genlab_core.engagement.poller INFO [POLLER] YouTube: fetched 0 comments for gaming
2026-03-11 11:52:05,908 genlab_core.engagement.poller INFO [POLLER] YouTube: fetched 0 comments for gaming
2026-03-11 11:57:06,428 genlab_core.engagement.poller INFO [POLLER] YouTube: fetched 0 comments for gaming
2026-03-11 12:02:06,957 genlab_core.engagement.poller INFO [POLLER] YouTube: fetched 0 comments for gaming
2026-03-11 12:07:07,654 genlab_core.engagement.poller INFO [POLLER] YouTube: fetched 0 comments for gaming
2026-03-11 12:12:08,108 genlab_core.engagement.poller INFO [POLLER] YouTube: fetched 0 comments for gaming
2026-03-11 12:17:08,744 genlab_core.engagement.poller INFO [POLLER] YouTube: fetched 0 comments for gaming
2026-03-11 12:22:10,005 genlab_core.engagement.poller INFO [POLLER] YouTube: fetched 0 comments for gaming
2026-03-11 12:27:10,473 genlab_core.engagement.poller INFO [POLLER] YouTube: fetched 0 comments for gaming
2026-03-11 12:32:11,176 genlab_core.engagement.poller INFO [POLLER] YouTube: fetched 0 comments for gaming
2026-03-11 12:37:11,665 genlab_core.engagement.poller INFO [POLLER] YouTube: fetched 0 comments for gaming
2026-03-11 12:42:12,153 genlab_core.engagement.poller INFO [POLLER] YouTube: fetched 0 comments for gaming
2026-03-11 12:47:12,641 genlab_core.engagement.poller INFO [POLLER] YouTube: fetched 0 comments for gaming
2026-03-11 12:52:13,577 genlab_core.engagement.poller INFO [POLLER] YouTube: fetched 0 comments for gaming
2026-03-11 12:57:14,047 genlab_core.engagement.poller INFO [POLLER] YouTube: fetched 0 comments for gaming
2026-03-11 13:02:14,501 genlab_core.engagement.poller INFO [POLLER] YouTube: fetched 0 comments for gaming
2026-03-11 13:07:15,685 genlab_core.engagement.poller INFO [POLLER] YouTube: fetched 0 comments for gaming
2026-03-11 13:12:16,121 genlab_core.engagement.poller INFO [POLLER] YouTube: fetched 0 comments for gaming
2026-03-11 13:17:16,604 genlab_core.engagement.poller INFO [POLLER] YouTube: fetched 0 comments for gaming
2026-03-11 13:22:17,021 genlab_core.engagement.poller INFO [POLLER] YouTube: fetched 0 comments for gaming
2026-03-11 13:27:17,471 genlab_core.engagement.poller INFO [POLLER] YouTube: fetched 0 comments for gaming
2026-03-11 13:32:17,956 genlab_core.engagement.poller INFO [POLLER] YouTube: fetched 0 comments for gaming
2026-03-11 13:37:18,441 genlab_core.engagement.poller INFO [POLLER] YouTube: fetched 0 comments for gaming
2026-03-11 13:42:18,987 genlab_core.engagement.poller INFO [POLLER] YouTube: fetched 0 comments for gaming
2026-03-11 13:47:19,531 genlab_core.engagement.poller INFO [POLLER] YouTube: fetched 0 comments for gaming
2026-03-11 13:52:20,002 genlab_core.engagement.poller INFO [POLLER] YouTube: fetched 0 comments for gaming
2026-03-11 13:57:21,004 genlab_core.engagement.poller INFO [POLLER] YouTube: fetched 0 comments for gaming
2026-03-11 14:02:21,447 genlab_core.engagement.poller INFO [POLLER] YouTube: fetched 0 comments for gaming
2026-03-11 14:07:22,430 genlab_core.engagement.poller INFO [POLLER] YouTube: fetched 0 comments for gaming
2026-03-11 14:12:23,157 genlab_core.engagement.poller INFO [POLLER] YouTube: fetched 0 comments for gaming
2026-03-11 14:17:23,701 genlab_core.engagement.poller INFO [POLLER] YouTube: fetched 0 comments for gaming
2026-03-11 14:22:24,230 genlab_core.engagement.poller INFO [POLLER] YouTube: fetched 0 comments for gaming
2026-03-11 14:27:24,865 genlab_core.engagement.poller INFO [POLLER] YouTube: fetched 0 comments for gaming
2026-03-11 14:32:25,555 genlab_core.engagement.poller INFO [POLLER] YouTube: fetched 0 comments for gaming
2026-03-11 14:37:26,032 genlab_core.engagement.poller INFO [POLLER] YouTube: fetched 0 comments for gaming
2026-03-11 14:42:26,562 genlab_core.engagement.poller INFO [POLLER] YouTube: fetched 0 comments for gaming
2026-03-11 14:47:27,152 genlab_core.engagement.poller INFO [POLLER] YouTube: fetched 0 comments for gaming
2026-03-11 14:52:28,166 genlab_core.engagement.poller INFO [POLLER] YouTube: fetched 0 comments for gaming
2026-03-11 14:57:28,891 genlab_core.engagement.poller INFO [POLLER] YouTube: fetched 0 comments for gaming
2026-03-11 15:02:29,515 genlab_core.engagement.poller INFO [POLLER] YouTube: fetched 0 comments for gaming
2026-03-11 15:07:30,176 genlab_core.engagement.poller INFO [POLLER] YouTube: fetched 0 comments for gaming
2026-03-11 15:12:30,837 genlab_core.engagement.poller INFO [POLLER] YouTube: fetched 0 comments for gaming
2026-03-11 15:17:31,532 genlab_core.engagement.poller INFO [POLLER] YouTube: fetched 0 comments for gaming
2026-03-11 15:22:32,065 genlab_core.engagement.poller INFO [POLLER] YouTube: fetched 0 comments for gaming
2026-03-11 15:27:32,626 genlab_core.engagement.poller INFO [POLLER] YouTube: fetched 0 comments for gaming
2026-03-11 15:32:33,092 genlab_core.engagement.poller INFO [POLLER] YouTube: fetched 0 comments for gaming
2026-03-11 15:37:33,522 genlab_core.engagement.poller INFO [POLLER] YouTube: fetched 0 comments for gaming
2026-03-11 15:42:34,091 genlab_core.engagement.poller INFO [POLLER] YouTube: fetched 0 comments for gaming
2026-03-11 15:47:34,564 genlab_core.engagement.poller INFO [POLLER] YouTube: fetched 0 comments for gaming
2026-03-11 15:52:35,081 genlab_core.engagement.poller INFO [POLLER] YouTube: fetched 0 comments for gaming
2026-03-11 15:57:35,506 genlab_core.engagement.poller INFO [POLLER] YouTube: fetched 0 comments for gaming
2026-03-11 16:02:35,964 genlab_core.engagement.poller INFO [POLLER] YouTube: fetched 0 comments for gaming
2026-03-11 16:07:36,616 genlab_core.engagement.poller INFO [POLLER] YouTube: fetched 0 comments for gaming
2026-03-11 16:12:37,014 genlab_core.engagement.poller INFO [POLLER] YouTube: fetched 0 comments for gaming
2026-03-11 16:17:37,589 genlab_core.engagement.poller INFO [POLLER] YouTube: fetched 0 comments for gaming
2026-03-11 16:22:38,019 genlab_core.engagement.poller INFO [POLLER] YouTube: fetched 0 comments for gaming
2026-03-11 16:27:38,495 genlab_core.engagement.poller INFO [POLLER] YouTube: fetched 0 comments for gaming
2026-03-11 16:32:38,955 genlab_core.engagement.poller INFO [POLLER] YouTube: fetched 0 comments for gaming
2026-03-11 16:37:39,409 genlab_core.engagement.poller INFO [POLLER] YouTube: fetched 0 comments for gaming
2026-03-11 16:42:39,852 genlab_core.engagement.poller INFO [POLLER] YouTube: fetched 0 comments for gaming
2026-03-11 16:47:40,298 genlab_core.engagement.poller INFO [POLLER] YouTube: fetched 0 comments for gaming
2026-03-11 16:52:40,782 genlab_core.engagement.poller INFO [POLLER] YouTube: fetched 0 comments for gaming
2026-03-11 16:57:41,222 genlab_core.engagement.poller INFO [POLLER] YouTube: fetched 0 comments for gaming
2026-03-11 17:02:41,697 genlab_core.engagement.poller INFO [POLLER] YouTube: fetched 0 comments for gaming
2026-03-11 17:07:43,466 genlab_core.engagement.poller INFO [POLLER] YouTube: fetched 0 comments for gaming
2026-03-11 17:12:44,000 genlab_core.engagement.poller INFO [POLLER] YouTube: fetched 0 comments for gaming
2026-03-11 17:17:44,595 genlab_core.engagement.poller INFO [POLLER] YouTube: fetched 0 comments for gaming
2026-03-11 17:22:45,027 genlab_core.engagement.poller INFO [POLLER] YouTube: fetched 0 comments for gaming
2026-03-11 17:27:45,603 genlab_core.engagement.poller INFO [POLLER] YouTube: fetched 0 comments for gaming
2026-03-11 17:32:46,147 genlab_core.engagement.poller INFO [POLLER] YouTube: fetched 0 comments for gaming
2026-03-11 17:37:46,614 genlab_core.engagement.poller INFO [POLLER] YouTube: fetched 0 comments for gaming
2026-03-11 17:42:47,033 genlab_core.engagement.poller INFO [POLLER] YouTube: fetched 0 comments for gaming
2026-03-11 17:47:47,530 genlab_core.engagement.poller INFO [POLLER] YouTube: fetched 0 comments for gaming
2026-03-11 17:52:48,013 genlab_core.engagement.poller INFO [POLLER] YouTube: fetched 0 comments for gaming
2026-03-11 17:57:48,635 genlab_core.engagement.poller INFO [POLLER] YouTube: fetched 0 comments for gaming
2026-03-11 18:02:49,075 genlab_core.engagement.poller INFO [POLLER] YouTube: fetched 0 comments for gaming
2026-03-11 18:07:49,700 genlab_core.engagement.poller INFO [POLLER] YouTube: fetched 0 comments for gaming
2026-03-11 18:12:50,220 genlab_core.engagement.poller INFO [POLLER] YouTube: fetched 0 comments for gaming
2026-03-11 18:17:50,852 genlab_core.engagement.poller INFO [POLLER] YouTube: fetched 0 comments for gaming
2026-03-11 18:22:54,244 genlab_core.engagement.poller INFO [POLLER] YouTube: fetched 0 comments for gaming
2026-03-11 18:27:54,844 genlab_core.engagement.poller INFO [POLLER] YouTube: fetched 0 comments for gaming
2026-03-11 18:32:55,407 genlab_core.engagement.poller INFO [POLLER] YouTube: fetched 0 comments for gaming
2026-03-11 18:37:55,944 genlab_core.engagement.poller INFO [POLLER] YouTube: fetched 0 comments for gaming
2026-03-11 18:42:56,417 genlab_core.engagement.poller INFO [POLLER] YouTube: fetched 0 comments for gaming
2026-03-11 18:47:57,066 genlab_core.engagement.poller INFO [POLLER] YouTube: fetched 0 comments for gaming
2026-03-11 18:52:57,679 genlab_core.engagement.poller INFO [POLLER] YouTube: fetched 0 comments for gaming
2026-03-11 18:57:58,191 genlab_core.engagement.poller INFO [POLLER] YouTube: fetched 0 comments for gaming
2026-03-11 19:02:58,666 genlab_core.engagement.poller INFO [POLLER] YouTube: fetched 0 comments for gaming
2026-03-11 19:07:59,103 genlab_core.engagement.poller INFO [POLLER] YouTube: fetched 0 comments for gaming
2026-03-11 19:12:59,939 genlab_core.engagement.poller INFO [POLLER] YouTube: fetched 0 comments for gaming
2026-03-11 19:18:00,541 genlab_core.engagement.poller INFO [POLLER] YouTube: fetched 0 comments for gaming
2026-03-11 19:23:00,998 genlab_core.engagement.poller INFO [POLLER] YouTube: fetched 0 comments for gaming
2026-03-11 19:28:01,662 genlab_core.engagement.poller INFO [POLLER] YouTube: fetched 0 comments for gaming
2026-03-11 19:33:02,365 genlab_core.engagement.poller INFO [POLLER] YouTube: fetched 0 comments for gaming
2026-03-11 19:38:03,039 genlab_core.engagement.poller INFO [POLLER] YouTube: fetched 0 comments for gaming
2026-03-11 19:43:03,735 genlab_core.engagement.poller INFO [POLLER] YouTube: fetched 0 comments for gaming
2026-03-11 19:48:04,271 genlab_core.engagement.poller INFO [POLLER] YouTube: fetched 0 comments for gaming
2026-03-11 19:53:04,774 genlab_core.engagement.poller INFO [POLLER] YouTube: fetched 0 comments for gaming
2026-03-11 19:58:05,277 genlab_core.engagement.poller INFO [POLLER] YouTube: fetched 0 comments for gaming
2026-03-11 20:03:06,129 genlab_core.engagement.poller INFO [POLLER] YouTube: fetched 0 comments for gaming
2026-03-11 20:08:08,346 genlab_core.engagement.poller INFO [POLLER] YouTube: fetched 0 comments for gaming
2026-03-11 20:13:10,709 genlab_core.engagement.poller INFO [POLLER] YouTube: fetched 0 comments for gaming
2026-03-11 20:18:11,167 genlab_core.engagement.poller INFO [POLLER] YouTube: fetched 0 comments for gaming
2026-03-11 20:23:12,031 genlab_core.engagement.poller INFO [POLLER] YouTube: fetched 0 comments for gaming
2026-03-11 20:28:12,608 genlab_core.engagement.poller INFO [POLLER] YouTube: fetched 0 comments for gaming
2026-03-11 20:33:13,313 genlab_core.engagement.poller INFO [POLLER] YouTube: fetched 0 comments for gaming
2026-03-11 20:43:58,051 engagement.poller INFO Engagement poller starting — mode=DISPATCH niche=gaming platform=youtube
2026-03-11 20:43:58,078 engagement.poller INFO Starting YouTube poller for niche=gaming channel=UCW20NL2FiCO5F90IuCGwtTw interval=300s
2026-03-11 20:43:59,177 genlab_core.engagement.poller INFO [POLLER] YouTube: fetched 0 comments for gaming
2026-03-11 20:48:59,649 genlab_core.engagement.poller INFO [POLLER] YouTube: fetched 0 comments for gaming
2026-03-11 20:54:00,280 genlab_core.engagement.poller INFO [POLLER] YouTube: fetched 0 comments for gaming
2026-03-11 20:59:00,911 genlab_core.engagement.poller INFO [POLLER] YouTube: fetched 0 comments for gaming
2026-03-11 21:04:01,373 genlab_core.engagement.poller INFO [POLLER] YouTube: fetched 0 comments for gaming
2026-03-11 21:09:01,880 genlab_core.engagement.poller INFO [POLLER] YouTube: fetched 0 comments for gaming
2026-03-11 21:14:02,358 genlab_core.engagement.poller INFO [POLLER] YouTube: fetched 0 comments for gaming
2026-03-11 21:19:02,941 genlab_core.engagement.poller INFO [POLLER] YouTube: fetched 0 comments for gaming
2026-03-11 21:24:03,350 genlab_core.engagement.poller INFO [POLLER] YouTube: fetched 0 comments for gaming
2026-03-11 21:29:04,031 genlab_core.engagement.poller INFO [POLLER] YouTube: fetched 0 comments for gaming
2026-03-11 21:34:04,526 genlab_core.engagement.poller INFO [POLLER] YouTube: fetched 0 comments for gaming
2026-03-11 21:46:57,610 genlab_core.engagement.poller INFO [POLLER] YouTube: fetched 0 comments for gaming
2026-03-11 21:51:58,212 genlab_core.engagement.poller INFO [POLLER] YouTube: fetched 0 comments for gaming
2026-03-11 21:56:58,783 genlab_core.engagement.poller INFO [POLLER] YouTube: fetched 0 comments for gaming
2026-03-11 22:01:59,195 genlab_core.engagement.poller INFO [POLLER] YouTube: fetched 0 comments for gaming
2026-03-11 22:07:00,101 genlab_core.engagement.poller INFO [POLLER] YouTube: fetched 0 comments for gaming
2026-03-11 22:12:00,492 genlab_core.engagement.poller INFO [POLLER] YouTube: fetched 0 comments for gaming
2026-03-11 22:17:01,023 genlab_core.engagement.poller INFO [POLLER] YouTube: fetched 0 comments for gaming
2026-03-11 22:22:01,465 genlab_core.engagement.poller INFO [POLLER] YouTube: fetched 0 comments for gaming
2026-03-11 22:27:01,870 genlab_core.engagement.poller INFO [POLLER] YouTube: fetched 0 comments for gaming
2026-03-11 22:32:02,272 genlab_core.engagement.poller INFO [POLLER] YouTube: fetched 0 comments for gaming
2026-03-11 22:37:02,748 genlab_core.engagement.poller INFO [POLLER] YouTube: fetched 0 comments for gaming
2026-03-11 22:42:05,334 genlab_core.engagement.poller INFO [POLLER] YouTube: fetched 0 comments for gaming
2026-03-11 22:47:07,927 genlab_core.engagement.poller INFO [POLLER] YouTube: fetched 0 comments for gaming
2026-03-11 22:52:10,303 genlab_core.engagement.poller INFO [POLLER] YouTube: fetched 0 comments for gaming
2026-03-11 22:57:10,792 genlab_core.engagement.poller INFO [POLLER] YouTube: fetched 0 comments for gaming
2026-03-11 23:02:11,466 genlab_core.engagement.poller INFO [POLLER] YouTube: fetched 0 comments for gaming
2026-03-11 23:07:12,076 genlab_core.engagement.poller INFO [POLLER] YouTube: fetched 0 comments for gaming
2026-03-11 23:12:12,563 genlab_core.engagement.poller INFO [POLLER] YouTube: fetched 0 comments for gaming
2026-03-11 23:17:12,967 genlab_core.engagement.poller INFO [POLLER] YouTube: fetched 0 comments for gaming
2026-03-11 23:22:13,365 genlab_core.engagement.poller INFO [POLLER] YouTube: fetched 0 comments for gaming
2026-03-11 23:27:13,945 genlab_core.engagement.poller INFO [POLLER] YouTube: fetched 0 comments for gaming
2026-03-11 23:32:14,418 genlab_core.engagement.poller INFO [POLLER] YouTube: fetched 0 comments for gaming
2026-03-11 23:37:14,987 genlab_core.engagement.poller INFO [POLLER] YouTube: fetched 0 comments for gaming
2026-03-11 23:42:15,406 genlab_core.engagement.poller INFO [POLLER] YouTube: fetched 0 comments for gaming
2026-03-11 23:47:16,176 genlab_core.engagement.poller INFO [POLLER] YouTube: fetched 0 comments for gaming
2026-03-11 23:52:16,614 genlab_core.engagement.poller INFO [POLLER] YouTube: fetched 0 comments for gaming
2026-03-11 23:57:17,190 genlab_core.engagement.poller INFO [POLLER] YouTube: fetched 0 comments for gaming
2026-03-12 00:02:17,611 genlab_core.engagement.poller INFO [POLLER] YouTube: fetched 0 comments for gaming
2026-03-12 00:07:18,446 genlab_core.engagement.poller INFO [POLLER] YouTube: fetched 0 comments for gaming
2026-03-12 00:12:18,846 genlab_core.engagement.poller INFO [POLLER] YouTube: fetched 0 comments for gaming
2026-03-12 00:17:19,581 genlab_core.engagement.poller INFO [POLLER] YouTube: fetched 0 comments for gaming
2026-03-12 00:22:19,950 genlab_core.engagement.poller INFO [POLLER] YouTube: fetched 0 comments for gaming
2026-03-12 00:27:20,732 genlab_core.engagement.poller INFO [POLLER] YouTube: fetched 0 comments for gaming
2026-03-12 00:32:21,114 genlab_core.engagement.poller INFO [POLLER] YouTube: fetched 0 comments for gaming
2026-03-12 00:37:21,870 genlab_core.engagement.poller INFO [POLLER] YouTube: fetched 0 comments for gaming
2026-03-12 00:42:22,300 genlab_core.engagement.poller INFO [POLLER] YouTube: fetched 0 comments for gaming
2026-03-12 00:47:22,991 genlab_core.engagement.poller INFO [POLLER] YouTube: fetched 0 comments for gaming
2026-03-12 00:52:23,396 genlab_core.engagement.poller INFO [POLLER] YouTube: fetched 0 comments for gaming
2026-03-12 00:57:24,055 genlab_core.engagement.poller INFO [POLLER] YouTube: fetched 0 comments for gaming
2026-03-12 01:02:24,461 genlab_core.engagement.poller INFO [POLLER] YouTube: fetched 0 comments for gaming
2026-03-12 01:07:25,114 genlab_core.engagement.poller INFO [POLLER] YouTube: fetched 0 comments for gaming
2026-03-12 01:12:25,517 genlab_core.engagement.poller INFO [POLLER] YouTube: fetched 0 comments for gaming
2026-03-12 01:17:26,072 genlab_core.engagement.poller INFO [POLLER] YouTube: fetched 0 comments for gaming
2026-03-12 01:22:26,602 genlab_core.engagement.poller INFO [POLLER] YouTube: fetched 0 comments for gaming
2026-03-12 01:27:27,251 genlab_core.engagement.poller INFO [POLLER] YouTube: fetched 0 comments for gaming
2026-03-12 01:32:27,754 genlab_core.engagement.poller INFO [POLLER] YouTube: fetched 0 comments for gaming
2026-03-12 01:37:28,233 genlab_core.engagement.poller INFO [POLLER] YouTube: fetched 0 comments for gaming
2026-03-12 01:42:28,723 genlab_core.engagement.poller INFO [POLLER] YouTube: fetched 0 comments for gaming
2026-03-12 01:47:29,368 genlab_core.engagement.poller INFO [POLLER] YouTube: fetched 0 comments for gaming
2026-03-12 01:52:29,781 genlab_core.engagement.poller INFO [POLLER] YouTube: fetched 0 comments for gaming
2026-03-12 01:57:30,466 genlab_core.engagement.poller INFO [POLLER] YouTube: fetched 0 comments for gaming
2026-03-12 02:02:30,835 genlab_core.engagement.poller INFO [POLLER] YouTube: fetched 0 comments for gaming
2026-03-12 02:07:31,297 genlab_core.engagement.poller INFO [POLLER] YouTube: fetched 0 comments for gaming
2026-03-12 02:12:31,791 genlab_core.engagement.poller INFO [POLLER] YouTube: fetched 0 comments for gaming
2026-03-12 02:17:32,245 genlab_core.engagement.poller INFO [POLLER] YouTube: fetched 0 comments for gaming
2026-03-12 02:22:32,755 genlab_core.engagement.poller INFO [POLLER] YouTube: fetched 0 comments for gaming
2026-03-12 02:27:33,264 genlab_core.engagement.poller INFO [POLLER] YouTube: fetched 0 comments for gaming
2026-03-12 02:32:33,781 genlab_core.engagement.poller INFO [POLLER] YouTube: fetched 0 comments for gaming
2026-03-12 02:37:34,176 genlab_core.engagement.poller INFO [POLLER] YouTube: fetched 0 comments for gaming
2026-03-12 02:42:34,665 genlab_core.engagement.poller INFO [POLLER] YouTube: fetched 0 comments for gaming
2026-03-12 02:47:35,155 genlab_core.engagement.poller INFO [POLLER] YouTube: fetched 0 comments for gaming
2026-03-12 02:52:35,566 genlab_core.engagement.poller INFO [POLLER] YouTube: fetched 0 comments for gaming
2026-03-12 02:57:36,310 genlab_core.engagement.poller INFO [POLLER] YouTube: fetched 0 comments for gaming
2026-03-12 03:02:36,730 genlab_core.engagement.poller INFO [POLLER] YouTube: fetched 0 comments for gaming
2026-03-12 03:07:37,252 genlab_core.engagement.poller INFO [POLLER] YouTube: fetched 0 comments for gaming
2026-03-12 03:12:37,759 genlab_core.engagement.poller INFO [POLLER] YouTube: fetched 0 comments for gaming
2026-03-12 03:17:38,366 genlab_core.engagement.poller INFO [POLLER] YouTube: fetched 0 comments for gaming
2026-03-12 03:22:38,863 genlab_core.engagement.poller INFO [POLLER] YouTube: fetched 0 comments for gaming
2026-03-12 03:27:39,347 genlab_core.engagement.poller INFO [POLLER] YouTube: fetched 0 comments for gaming
2026-03-12 03:32:39,876 genlab_core.engagement.poller INFO [POLLER] YouTube: fetched 0 comments for gaming
2026-03-12 03:37:40,452 genlab_core.engagement.poller INFO [POLLER] YouTube: fetched 0 comments for gaming
2026-03-12 03:42:40,986 genlab_core.engagement.poller INFO [POLLER] YouTube: fetched 0 comments for gaming
2026-03-12 03:47:41,539 genlab_core.engagement.poller INFO [POLLER] YouTube: fetched 0 comments for gaming
2026-03-12 03:52:42,122 genlab_core.engagement.poller INFO [POLLER] YouTube: fetched 0 comments for gaming
2026-03-12 03:57:42,667 genlab_core.engagement.poller INFO [POLLER] YouTube: fetched 0 comments for gaming
2026-03-12 04:02:43,293 genlab_core.engagement.poller INFO [POLLER] YouTube: fetched 0 comments for gaming
2026-03-12 04:07:44,051 genlab_core.engagement.poller INFO [POLLER] YouTube: fetched 0 comments for gaming
2026-03-12 04:12:44,481 genlab_core.engagement.poller INFO [POLLER] YouTube: fetched 0 comments for gaming
2026-03-12 04:17:45,138 genlab_core.engagement.poller INFO [POLLER] YouTube: fetched 0 comments for gaming
2026-03-12 04:22:45,614 genlab_core.engagement.poller INFO [POLLER] YouTube: fetched 0 comments for gaming
2026-03-12 04:27:46,211 genlab_core.engagement.poller INFO [POLLER] YouTube: fetched 0 comments for gaming
2026-03-12 04:32:46,589 genlab_core.engagement.poller INFO [POLLER] YouTube: fetched 0 comments for gaming
2026-03-12 04:37:47,030 genlab_core.engagement.poller INFO [POLLER] YouTube: fetched 0 comments for gaming
2026-03-12 04:42:47,459 genlab_core.engagement.poller INFO [POLLER] YouTube: fetched 0 comments for gaming
2026-03-12 04:47:48,221 genlab_core.engagement.poller INFO [POLLER] YouTube: fetched 0 comments for gaming
2026-03-12 04:52:48,659 genlab_core.engagement.poller INFO [POLLER] YouTube: fetched 0 comments for gaming
2026-03-12 04:57:49,288 genlab_core.engagement.poller INFO [POLLER] YouTube: fetched 0 comments for gaming
2026-03-12 05:02:49,744 genlab_core.engagement.poller INFO [POLLER] YouTube: fetched 0 comments for gaming
2026-03-12 05:07:50,348 genlab_core.engagement.poller INFO [POLLER] YouTube: fetched 0 comments for gaming
2026-03-12 05:12:50,763 genlab_core.engagement.poller INFO [POLLER] YouTube: fetched 0 comments for gaming
2026-03-12 05:17:51,348 genlab_core.engagement.poller INFO [POLLER] YouTube: fetched 0 comments for gaming
2026-03-12 05:22:51,772 genlab_core.engagement.poller INFO [POLLER] YouTube: fetched 0 comments for gaming
2026-03-12 05:27:52,387 genlab_core.engagement.poller INFO [POLLER] YouTube: fetched 0 comments for gaming
2026-03-12 05:32:52,849 genlab_core.engagement.poller INFO [POLLER] YouTube: fetched 0 comments for gaming
2026-03-12 05:37:53,315 genlab_core.engagement.poller INFO [POLLER] YouTube: fetched 0 comments for gaming
2026-03-12 05:42:53,740 genlab_core.engagement.poller INFO [POLLER] YouTube: fetched 0 comments for gaming
2026-03-12 05:47:54,341 genlab_core.engagement.poller INFO [POLLER] YouTube: fetched 0 comments for gaming
2026-03-12 05:52:54,750 genlab_core.engagement.poller INFO [POLLER] YouTube: fetched 0 comments for gaming
2026-03-12 05:57:55,253 genlab_core.engagement.poller INFO [POLLER] YouTube: fetched 0 comments for gaming
2026-03-12 06:02:55,660 genlab_core.engagement.poller INFO [POLLER] YouTube: fetched 0 comments for gaming
2026-03-12 06:07:56,231 genlab_core.engagement.poller INFO [POLLER] YouTube: fetched 0 comments for gaming
2026-03-12 06:12:56,645 genlab_core.engagement.poller INFO [POLLER] YouTube: fetched 0 comments for gaming
2026-03-12 06:17:57,143 genlab_core.engagement.poller INFO [POLLER] YouTube: fetched 0 comments for gaming
2026-03-12 07:02:02,075 genlab_core.engagement.poller INFO [POLLER] YouTube: fetched 0 comments for gaming
2026-03-12 07:54:50,084 genlab_core.engagement.poller INFO [POLLER] YouTube: fetched 0 comments for gaming
2026-03-12 08:58:48,237 genlab_core.engagement.poller INFO [POLLER] YouTube: fetched 0 comments for gaming
2026-03-12 09:27:02,664 genlab_core.engagement.poller INFO [POLLER] YouTube: fetched 0 comments for gaming
2026-03-12 10:20:24,787 genlab_core.engagement.poller INFO [POLLER] YouTube: fetched 0 comments for gaming
2026-03-12 10:27:23,232 genlab_core.engagement.poller INFO [POLLER] YouTube: fetched 0 comments for gaming
2026-03-12 10:32:23,677 genlab_core.engagement.poller INFO [POLLER] YouTube: fetched 0 comments for gaming
2026-03-12 10:37:24,493 genlab_core.engagement.poller INFO [POLLER] YouTube: fetched 0 comments for gaming
2026-03-12 10:42:24,987 genlab_core.engagement.poller INFO [POLLER] YouTube: fetched 0 comments for gaming
2026-03-12 10:47:25,466 genlab_core.engagement.poller INFO [POLLER] YouTube: fetched 0 comments for gaming
2026-03-12 10:52:26,043 genlab_core.engagement.poller INFO [POLLER] YouTube: fetched 0 comments for gaming
2026-03-12 10:57:26,788 genlab_core.engagement.poller INFO [POLLER] YouTube: fetched 0 comments for gaming
2026-03-12 11:02:27,214 genlab_core.engagement.poller INFO [POLLER] YouTube: fetched 0 comments for gaming
2026-03-12 11:07:28,198 genlab_core.engagement.poller INFO [POLLER] YouTube: fetched 0 comments for gaming
2026-03-12 11:12:32,058 genlab_core.engagement.poller INFO [POLLER] YouTube: fetched 0 comments for gaming
2026-03-12 11:17:32,588 genlab_core.engagement.poller INFO [POLLER] YouTube: fetched 0 comments for gaming
2026-03-12 11:22:33,083 genlab_core.engagement.poller INFO [POLLER] YouTube: fetched 0 comments for gaming
2026-03-12 11:27:33,532 genlab_core.engagement.poller INFO [POLLER] YouTube: fetched 0 comments for gaming
2026-03-12 11:32:33,919 genlab_core.engagement.poller INFO [POLLER] YouTube: fetched 0 comments for gaming
2026-03-12 11:37:34,328 genlab_core.engagement.poller INFO [POLLER] YouTube: fetched 0 comments for gaming
2026-03-12 11:42:34,791 genlab_core.engagement.poller INFO [POLLER] YouTube: fetched 0 comments for gaming
2026-03-12 11:47:35,241 genlab_core.engagement.poller INFO [POLLER] YouTube: fetched 0 comments for gaming
2026-03-12 11:52:35,727 genlab_core.engagement.poller INFO [POLLER] YouTube: fetched 0 comments for gaming
2026-03-12 11:57:36,200 genlab_core.engagement.poller INFO [POLLER] YouTube: fetched 0 comments for gaming
2026-03-12 12:02:36,600 genlab_core.engagement.poller INFO [POLLER] YouTube: fetched 0 comments for gaming
2026-03-12 12:07:37,235 genlab_core.engagement.poller INFO [POLLER] YouTube: fetched 0 comments for gaming
2026-03-12 12:12:37,702 genlab_core.engagement.poller INFO [POLLER] YouTube: fetched 0 comments for gaming
2026-03-12 12:17:38,160 genlab_core.engagement.poller INFO [POLLER] YouTube: fetched 0 comments for gaming
2026-03-12 12:22:38,625 genlab_core.engagement.poller INFO [POLLER] YouTube: fetched 0 comments for gaming
2026-03-12 12:27:39,123 genlab_core.engagement.poller INFO [POLLER] YouTube: fetched 0 comments for gaming
2026-03-12 12:32:39,562 genlab_core.engagement.poller INFO [POLLER] YouTube: fetched 0 comments for gaming
2026-03-12 12:37:39,983 genlab_core.engagement.poller INFO [POLLER] YouTube: fetched 0 comments for gaming
2026-03-12 12:42:40,406 genlab_core.engagement.poller INFO [POLLER] YouTube: fetched 0 comments for gaming
2026-03-12 12:47:40,887 genlab_core.engagement.poller INFO [POLLER] YouTube: fetched 0 comments for gaming
2026-03-12 12:52:41,423 genlab_core.engagement.poller INFO [POLLER] YouTube: fetched 0 comments for gaming
2026-03-12 12:57:42,121 genlab_core.engagement.poller INFO [POLLER] YouTube: fetched 0 comments for gaming
2026-03-12 13:02:42,581 genlab_core.engagement.poller INFO [POLLER] YouTube: fetched 0 comments for gaming
2026-03-12 13:07:43,317 genlab_core.engagement.poller INFO [POLLER] YouTube: fetched 0 comments for gaming
2026-03-12 13:12:44,060 genlab_core.engagement.poller INFO [POLLER] YouTube: fetched 0 comments for gaming
2026-03-12 13:17:44,733 genlab_core.engagement.poller INFO [POLLER] YouTube: fetched 0 comments for gaming
2026-03-12 13:22:45,594 genlab_core.engagement.poller INFO [POLLER] YouTube: fetched 0 comments for gaming
2026-03-12 13:27:46,085 genlab_core.engagement.poller INFO [POLLER] YouTube: fetched 0 comments for gaming
2026-03-12 13:32:50,126 genlab_core.engagement.poller INFO [POLLER] YouTube: fetched 0 comments for gaming
2026-03-12 13:37:50,614 genlab_core.engagement.poller INFO [POLLER] YouTube: fetched 0 comments for gaming
2026-03-12 13:42:51,080 genlab_core.engagement.poller INFO [POLLER] YouTube: fetched 0 comments for gaming
2026-03-12 13:47:51,523 genlab_core.engagement.poller INFO [POLLER] YouTube: fetched 0 comments for gaming
2026-03-12 13:52:51,957 genlab_core.engagement.poller INFO [POLLER] YouTube: fetched 0 comments for gaming
2026-03-12 13:57:52,429 genlab_core.engagement.poller INFO [POLLER] YouTube: fetched 0 comments for gaming
2026-03-12 14:02:52,890 genlab_core.engagement.poller INFO [POLLER] YouTube: fetched 0 comments for gaming
2026-03-12 14:07:53,406 genlab_core.engagement.poller INFO [POLLER] YouTube: fetched 0 comments for gaming
2026-03-12 14:12:53,947 genlab_core.engagement.poller INFO [POLLER] YouTube: fetched 0 comments for gaming
2026-03-12 14:17:54,519 genlab_core.engagement.poller INFO [POLLER] YouTube: fetched 0 comments for gaming
2026-03-12 14:22:55,013 genlab_core.engagement.poller INFO [POLLER] YouTube: fetched 0 comments for gaming
2026-03-12 14:27:55,610 genlab_core.engagement.poller INFO [POLLER] YouTube: fetched 0 comments for gaming
2026-03-12 14:50:10,006 genlab_core.engagement.poller INFO [POLLER] YouTube: fetched 0 comments for gaming
2026-03-12 14:55:22,733 genlab_core.engagement.poller INFO [POLLER] YouTube: fetched 0 comments for gaming
2026-03-12 15:19:11,543 genlab_core.engagement.poller INFO [POLLER] YouTube: fetched 0 comments for gaming
2026-03-12 16:42:33,445 genlab_core.engagement.poller INFO [POLLER] YouTube: fetched 0 comments for gaming
2026-03-12 17:03:50,872 genlab_core.engagement.poller INFO [POLLER] YouTube: fetched 0 comments for gaming
2026-03-12 17:08:51,361 genlab_core.engagement.poller INFO [POLLER] YouTube: fetched 0 comments for gaming
2026-03-12 17:13:51,855 genlab_core.engagement.poller INFO [POLLER] YouTube: fetched 0 comments for gaming
2026-03-12 17:18:52,283 genlab_core.engagement.poller INFO [POLLER] YouTube: fetched 0 comments for gaming
2026-03-12 17:23:54,225 genlab_core.engagement.poller WARNING [POLLER] YouTube poll failed for gaming: 500 Server Error: Internal Server Error for url: https://oauth2.googleapis.com/token
2026-03-12 17:48:59,325 genlab_core.engagement.poller INFO [POLLER] YouTube: fetched 0 comments for gaming
2026-03-12 17:53:59,812 genlab_core.engagement.poller INFO [POLLER] YouTube: fetched 0 comments for gaming
2026-03-12 17:59:00,316 genlab_core.engagement.poller INFO [POLLER] YouTube: fetched 0 comments for gaming
2026-03-12 18:04:00,817 genlab_core.engagement.poller INFO [POLLER] YouTube: fetched 0 comments for gaming
2026-03-12 18:09:01,351 genlab_core.engagement.poller INFO [POLLER] YouTube: fetched 0 comments for gaming
2026-03-12 18:14:02,048 genlab_core.engagement.poller INFO [POLLER] YouTube: fetched 0 comments for gaming
2026-03-12 18:19:02,607 genlab_core.engagement.poller INFO [POLLER] YouTube: fetched 0 comments for gaming
2026-03-12 18:24:03,190 genlab_core.engagement.poller INFO [POLLER] YouTube: fetched 0 comments for gaming
2026-03-12 18:29:03,964 genlab_core.engagement.poller INFO [POLLER] YouTube: fetched 0 comments for gaming
2026-03-12 18:34:04,444 genlab_core.engagement.poller INFO [POLLER] YouTube: fetched 0 comments for gaming
2026-03-12 18:39:05,022 genlab_core.engagement.poller INFO [POLLER] YouTube: fetched 0 comments for gaming
2026-03-12 18:44:05,553 genlab_core.engagement.poller INFO [POLLER] YouTube: fetched 0 comments for gaming
2026-03-12 18:58:16,662 genlab_core.engagement.poller INFO [POLLER] YouTube: fetched 0 comments for gaming
2026-03-12 19:13:23,493 genlab_core.engagement.poller INFO [POLLER] YouTube: fetched 0 comments for gaming
2026-03-12 19:27:06,547 genlab_core.engagement.poller INFO [POLLER] YouTube: fetched 0 comments for gaming
2026-03-12 19:32:07,042 genlab_core.engagement.poller INFO [POLLER] YouTube: fetched 0 comments for gaming
2026-03-12 19:37:07,780 genlab_core.engagement.poller INFO [POLLER] YouTube: fetched 0 comments for gaming
2026-03-12 19:42:08,214 genlab_core.engagement.poller INFO [POLLER] YouTube: fetched 0 comments for gaming
2026-03-12 19:47:08,616 genlab_core.engagement.poller INFO [POLLER] YouTube: fetched 0 comments for gaming
2026-03-12 19:52:09,110 genlab_core.engagement.poller INFO [POLLER] YouTube: fetched 0 comments for gaming
2026-03-12 19:57:09,658 genlab_core.engagement.poller INFO [POLLER] YouTube: fetched 0 comments for gaming
2026-03-12 20:02:10,094 genlab_core.engagement.poller INFO [POLLER] YouTube: fetched 0 comments for gaming
2026-03-12 20:07:10,792 genlab_core.engagement.poller INFO [POLLER] YouTube: fetched 0 comments for gaming
2026-03-12 20:12:11,191 genlab_core.engagement.poller INFO [POLLER] YouTube: fetched 0 comments for gaming
2026-03-12 20:17:11,658 genlab_core.engagement.poller INFO [POLLER] YouTube: fetched 0 comments for gaming
2026-03-12 20:22:12,185 genlab_core.engagement.poller INFO [POLLER] YouTube: fetched 0 comments for gaming
2026-03-12 20:27:12,743 genlab_core.engagement.poller INFO [POLLER] YouTube: fetched 0 comments for gaming
2026-03-12 20:32:14,880 genlab_core.engagement.poller INFO [POLLER] YouTube: fetched 0 comments for gaming
2026-03-12 20:37:17,260 genlab_core.engagement.poller INFO [POLLER] YouTube: fetched 0 comments for gaming
2026-03-12 20:42:19,733 genlab_core.engagement.poller INFO [POLLER] YouTube: fetched 0 comments for gaming
2026-03-12 20:47:21,614 genlab_core.engagement.poller INFO [POLLER] YouTube: fetched 0 comments for gaming
2026-03-12 20:52:23,811 genlab_core.engagement.poller INFO [POLLER] YouTube: fetched 0 comments for gaming
2026-03-12 20:57:26,230 genlab_core.engagement.poller INFO [POLLER] YouTube: fetched 0 comments for gaming
2026-03-12 21:02:26,918 genlab_core.engagement.poller INFO [POLLER] YouTube: fetched 0 comments for gaming
2026-03-12 21:07:27,382 genlab_core.engagement.poller INFO [POLLER] YouTube: fetched 0 comments for gaming
2026-03-12 21:12:28,042 genlab_core.engagement.poller INFO [POLLER] YouTube: fetched 0 comments for gaming
2026-03-12 21:17:28,493 genlab_core.engagement.poller INFO [POLLER] YouTube: fetched 0 comments for gaming
2026-03-12 21:22:29,015 genlab_core.engagement.poller INFO [POLLER] YouTube: fetched 0 comments for gaming
2026-03-12 21:27:29,520 genlab_core.engagement.poller INFO [POLLER] YouTube: fetched 0 comments for gaming
2026-03-12 21:32:30,001 genlab_core.engagement.poller INFO [POLLER] YouTube: fetched 0 comments for gaming
2026-03-12 21:37:30,519 genlab_core.engagement.poller INFO [POLLER] YouTube: fetched 0 comments for gaming
2026-03-12 21:42:30,939 genlab_core.engagement.poller INFO [POLLER] YouTube: fetched 0 comments for gaming
2026-03-12 21:47:31,536 genlab_core.engagement.poller INFO [POLLER] YouTube: fetched 0 comments for gaming
2026-03-12 21:52:32,051 genlab_core.engagement.poller INFO [POLLER] YouTube: fetched 0 comments for gaming
2026-03-12 21:57:32,537 genlab_core.engagement.poller INFO [POLLER] YouTube: fetched 0 comments for gaming
2026-03-12 22:02:32,978 genlab_core.engagement.poller INFO [POLLER] YouTube: fetched 0 comments for gaming
2026-03-12 22:07:33,682 genlab_core.engagement.poller INFO [POLLER] YouTube: fetched 0 comments for gaming
2026-03-12 22:12:34,107 genlab_core.engagement.poller INFO [POLLER] YouTube: fetched 0 comments for gaming
2026-03-12 22:17:34,721 genlab_core.engagement.poller INFO [POLLER] YouTube: fetched 0 comments for gaming
2026-03-12 22:22:35,154 genlab_core.engagement.poller INFO [POLLER] YouTube: fetched 0 comments for gaming
2026-03-12 22:27:35,831 genlab_core.engagement.poller INFO [POLLER] YouTube: fetched 0 comments for gaming
2026-03-12 22:32:36,463 genlab_core.engagement.poller INFO [POLLER] YouTube: fetched 0 comments for gaming
2026-03-12 22:37:37,105 genlab_core.engagement.poller INFO [POLLER] YouTube: fetched 0 comments for gaming
2026-03-12 22:42:37,633 genlab_core.engagement.poller INFO [POLLER] YouTube: fetched 0 comments for gaming
2026-03-12 22:47:38,285 genlab_core.engagement.poller INFO [POLLER] YouTube: fetched 0 comments for gaming
2026-03-12 22:52:38,729 genlab_core.engagement.poller INFO [POLLER] YouTube: fetched 0 comments for gaming
2026-03-12 22:57:39,309 genlab_core.engagement.poller INFO [POLLER] YouTube: fetched 0 comments for gaming
2026-03-12 23:02:39,717 genlab_core.engagement.poller INFO [POLLER] YouTube: fetched 0 comments for gaming
2026-03-12 23:07:40,248 genlab_core.engagement.poller INFO [POLLER] YouTube: fetched 0 comments for gaming
2026-03-12 23:12:40,756 genlab_core.engagement.poller INFO [POLLER] YouTube: fetched 0 comments for gaming
2026-03-12 23:17:41,240 genlab_core.engagement.poller INFO [POLLER] YouTube: fetched 0 comments for gaming
2026-03-12 23:22:41,657 genlab_core.engagement.poller INFO [POLLER] YouTube: fetched 0 comments for gaming
2026-03-12 23:27:42,212 genlab_core.engagement.poller INFO [POLLER] YouTube: fetched 0 comments for gaming
2026-03-12 23:32:42,654 genlab_core.engagement.poller INFO [POLLER] YouTube: fetched 0 comments for gaming
2026-03-12 23:37:43,107 genlab_core.engagement.poller INFO [POLLER] YouTube: fetched 0 comments for gaming
2026-03-12 23:42:45,550 genlab_core.engagement.poller INFO [POLLER] YouTube: fetched 0 comments for gaming
2026-03-12 23:47:48,270 genlab_core.engagement.poller INFO [POLLER] YouTube: fetched 0 comments for gaming
2026-03-12 23:52:50,964 genlab_core.engagement.poller INFO [POLLER] YouTube: fetched 0 comments for gaming
2026-03-12 23:57:53,404 genlab_core.engagement.poller INFO [POLLER] YouTube: fetched 0 comments for gaming
2026-03-13 00:02:56,349 genlab_core.engagement.poller INFO [POLLER] YouTube: fetched 0 comments for gaming
2026-03-13 00:07:59,104 genlab_core.engagement.poller INFO [POLLER] YouTube: fetched 0 comments for gaming
2026-03-13 00:13:01,418 genlab_core.engagement.poller INFO [POLLER] YouTube: fetched 0 comments for gaming
2026-03-13 00:18:04,037 genlab_core.engagement.poller INFO [POLLER] YouTube: fetched 0 comments for gaming
2026-03-13 00:23:04,510 genlab_core.engagement.poller INFO [POLLER] YouTube: fetched 0 comments for gaming
2026-03-13 00:28:04,933 genlab_core.engagement.poller INFO [POLLER] YouTube: fetched 0 comments for gaming
2026-03-13 00:33:05,377 genlab_core.engagement.poller INFO [POLLER] YouTube: fetched 0 comments for gaming
2026-03-13 00:38:05,861 genlab_core.engagement.poller INFO [POLLER] YouTube: fetched 0 comments for gaming
2026-03-13 00:43:06,337 genlab_core.engagement.poller INFO [POLLER] YouTube: fetched 0 comments for gaming
2026-03-13 00:48:06,862 genlab_core.engagement.poller INFO [POLLER] YouTube: fetched 0 comments for gaming
2026-03-13 00:53:07,346 genlab_core.engagement.poller INFO [POLLER] YouTube: fetched 0 comments for gaming
2026-03-13 00:58:07,853 genlab_core.engagement.poller INFO [POLLER] YouTube: fetched 0 comments for gaming
2026-03-13 01:03:08,341 genlab_core.engagement.poller INFO [POLLER] YouTube: fetched 0 comments for gaming
2026-03-13 01:08:08,735 genlab_core.engagement.poller INFO [POLLER] YouTube: fetched 0 comments for gaming
2026-03-13 01:13:09,161 genlab_core.engagement.poller INFO [POLLER] YouTube: fetched 0 comments for gaming
2026-03-13 01:18:09,654 genlab_core.engagement.poller INFO [POLLER] YouTube: fetched 0 comments for gaming
2026-03-13 01:23:10,158 genlab_core.engagement.poller INFO [POLLER] YouTube: fetched 0 comments for gaming
2026-03-13 01:28:10,657 genlab_core.engagement.poller INFO [POLLER] YouTube: fetched 0 comments for gaming
2026-03-13 01:33:11,062 genlab_core.engagement.poller INFO [POLLER] YouTube: fetched 0 comments for gaming
2026-03-13 01:38:11,489 genlab_core.engagement.poller INFO [POLLER] YouTube: fetched 0 comments for gaming
2026-03-13 01:43:11,901 genlab_core.engagement.poller INFO [POLLER] YouTube: fetched 0 comments for gaming
2026-03-13 01:48:12,495 genlab_core.engagement.poller INFO [POLLER] YouTube: fetched 0 comments for gaming
2026-03-13 01:53:12,881 genlab_core.engagement.poller INFO [POLLER] YouTube: fetched 0 comments for gaming
2026-03-13 01:58:13,467 genlab_core.engagement.poller INFO [POLLER] YouTube: fetched 0 comments for gaming
2026-03-13 02:03:13,971 genlab_core.engagement.poller INFO [POLLER] YouTube: fetched 0 comments for gaming
2026-03-13 02:08:14,488 genlab_core.engagement.poller INFO [POLLER] YouTube: fetched 0 comments for gaming
2026-03-13 02:13:14,977 genlab_core.engagement.poller INFO [POLLER] YouTube: fetched 0 comments for gaming
2026-03-13 02:18:15,483 genlab_core.engagement.poller INFO [POLLER] YouTube: fetched 0 comments for gaming
2026-03-13 02:23:15,972 genlab_core.engagement.poller INFO [POLLER] YouTube: fetched 0 comments for gaming
2026-03-13 02:28:16,463 genlab_core.engagement.poller INFO [POLLER] YouTube: fetched 0 comments for gaming
2026-03-13 02:33:16,965 genlab_core.engagement.poller INFO [POLLER] YouTube: fetched 0 comments for gaming
2026-03-13 02:38:17,402 genlab_core.engagement.poller INFO [POLLER] YouTube: fetched 0 comments for gaming
2026-03-13 02:43:17,950 genlab_core.engagement.poller INFO [POLLER] YouTube: fetched 0 comments for gaming
2026-03-13 02:48:18,365 genlab_core.engagement.poller INFO [POLLER] YouTube: fetched 0 comments for gaming
2026-03-13 02:53:18,885 genlab_core.engagement.poller INFO [POLLER] YouTube: fetched 0 comments for gaming
2026-03-13 02:58:19,380 genlab_core.engagement.poller INFO [POLLER] YouTube: fetched 0 comments for gaming
2026-03-13 03:03:19,836 genlab_core.engagement.poller INFO [POLLER] YouTube: fetched 0 comments for gaming
2026-03-13 03:08:20,406 genlab_core.engagement.poller INFO [POLLER] YouTube: fetched 0 comments for gaming
2026-03-13 03:13:20,809 genlab_core.engagement.poller INFO [POLLER] YouTube: fetched 0 comments for gaming
2026-03-13 03:18:21,405 genlab_core.engagement.poller INFO [POLLER] YouTube: fetched 0 comments for gaming
2026-03-13 03:23:22,327 genlab_core.engagement.poller INFO [POLLER] YouTube: fetched 0 comments for gaming
2026-03-13 03:28:22,705 genlab_core.engagement.poller INFO [POLLER] YouTube: fetched 0 comments for gaming
2026-03-13 03:33:23,101 genlab_core.engagement.poller INFO [POLLER] YouTube: fetched 0 comments for gaming
2026-03-13 03:38:23,507 genlab_core.engagement.poller INFO [POLLER] YouTube: fetched 0 comments for gaming
2026-03-13 03:43:23,914 genlab_core.engagement.poller INFO [POLLER] YouTube: fetched 0 comments for gaming
2026-03-13 03:48:24,368 genlab_core.engagement.poller INFO [POLLER] YouTube: fetched 0 comments for gaming
2026-03-13 03:53:24,874 genlab_core.engagement.poller INFO [POLLER] YouTube: fetched 0 comments for gaming
2026-03-13 03:58:25,366 genlab_core.engagement.poller INFO [POLLER] YouTube: fetched 0 comments for gaming
2026-03-13 04:03:25,874 genlab_core.engagement.poller INFO [POLLER] YouTube: fetched 0 comments for gaming
2026-03-13 04:08:26,315 genlab_core.engagement.poller INFO [POLLER] YouTube: fetched 0 comments for gaming
2026-03-13 04:13:26,959 genlab_core.engagement.poller INFO [POLLER] YouTube: fetched 0 comments for gaming
2026-03-13 04:18:27,462 genlab_core.engagement.poller INFO [POLLER] YouTube: fetched 0 comments for gaming
2026-03-13 04:23:27,960 genlab_core.engagement.poller INFO [POLLER] YouTube: fetched 0 comments for gaming
2026-03-13 04:28:28,430 genlab_core.engagement.poller INFO [POLLER] YouTube: fetched 0 comments for gaming
2026-03-13 04:33:28,920 genlab_core.engagement.poller INFO [POLLER] YouTube: fetched 0 comments for gaming
2026-03-13 04:38:29,506 genlab_core.engagement.poller INFO [POLLER] YouTube: fetched 0 comments for gaming
2026-03-13 04:43:30,096 genlab_core.engagement.poller INFO [POLLER] YouTube: fetched 0 comments for gaming
2026-03-13 04:48:30,619 genlab_core.engagement.poller INFO [POLLER] YouTube: fetched 0 comments for gaming
2026-03-13 04:53:31,125 genlab_core.engagement.poller INFO [POLLER] YouTube: fetched 0 comments for gaming
2026-03-13 04:58:31,676 genlab_core.engagement.poller INFO [POLLER] YouTube: fetched 0 comments for gaming
2026-03-13 05:03:32,126 genlab_core.engagement.poller INFO [POLLER] YouTube: fetched 0 comments for gaming
2026-03-13 05:08:32,574 genlab_core.engagement.poller INFO [POLLER] YouTube: fetched 0 comments for gaming
2026-03-13 05:13:33,054 genlab_core.engagement.poller INFO [POLLER] YouTube: fetched 0 comments for gaming
2026-03-13 05:18:33,867 genlab_core.engagement.poller INFO [POLLER] YouTube: fetched 0 comments for gaming
2026-03-13 05:23:34,276 genlab_core.engagement.poller INFO [POLLER] YouTube: fetched 0 comments for gaming
2026-03-13 05:28:34,830 genlab_core.engagement.poller INFO [POLLER] YouTube: fetched 0 comments for gaming
2026-03-13 05:33:35,319 genlab_core.engagement.poller INFO [POLLER] YouTube: fetched 0 comments for gaming
2026-03-13 05:38:35,836 genlab_core.engagement.poller INFO [POLLER] YouTube: fetched 0 comments for gaming
2026-03-13 05:43:36,376 genlab_core.engagement.poller INFO [POLLER] YouTube: fetched 0 comments for gaming
2026-03-13 05:48:36,976 genlab_core.engagement.poller INFO [POLLER] YouTube: fetched 0 comments for gaming
2026-03-13 05:53:37,460 genlab_core.engagement.poller INFO [POLLER] YouTube: fetched 0 comments for gaming
2026-03-13 05:58:38,028 genlab_core.engagement.poller INFO [POLLER] YouTube: fetched 0 comments for gaming
2026-03-13 06:03:38,491 genlab_core.engagement.poller INFO [POLLER] YouTube: fetched 0 comments for gaming
2026-03-13 06:08:39,055 genlab_core.engagement.poller INFO [POLLER] YouTube: fetched 0 comments for gaming
2026-03-13 06:13:39,497 genlab_core.engagement.poller INFO [POLLER] YouTube: fetched 0 comments for gaming
2026-03-13 06:18:40,011 genlab_core.engagement.poller INFO [POLLER] YouTube: fetched 0 comments for gaming
2026-03-13 06:23:40,547 genlab_core.engagement.poller INFO [POLLER] YouTube: fetched 0 comments for gaming
2026-03-13 06:28:41,024 genlab_core.engagement.poller INFO [POLLER] YouTube: fetched 0 comments for gaming
2026-03-13 06:33:41,502 genlab_core.engagement.poller INFO [POLLER] YouTube: fetched 0 comments for gaming
2026-03-13 06:38:42,028 genlab_core.engagement.poller INFO [POLLER] YouTube: fetched 0 comments for gaming
2026-03-13 06:43:42,505 genlab_core.engagement.poller INFO [POLLER] YouTube: fetched 0 comments for gaming
2026-03-13 06:48:43,502 genlab_core.engagement.poller INFO [POLLER] YouTube: fetched 0 comments for gaming
2026-03-13 06:53:44,063 genlab_core.engagement.poller INFO [POLLER] YouTube: fetched 0 comments for gaming
2026-03-13 06:58:44,725 genlab_core.engagement.poller INFO [POLLER] YouTube: fetched 0 comments for gaming
2026-03-13 07:03:45,206 genlab_core.engagement.poller INFO [POLLER] YouTube: fetched 0 comments for gaming
2026-03-13 07:08:45,784 genlab_core.engagement.poller INFO [POLLER] YouTube: fetched 0 comments for gaming
2026-03-13 07:13:46,398 genlab_core.engagement.poller INFO [POLLER] YouTube: fetched 0 comments for gaming
2026-03-13 07:18:46,963 genlab_core.engagement.poller INFO [POLLER] YouTube: fetched 0 comments for gaming
2026-03-13 07:23:47,483 genlab_core.engagement.poller INFO [POLLER] YouTube: fetched 0 comments for gaming
2026-03-13 07:28:47,969 genlab_core.engagement.poller INFO [POLLER] YouTube: fetched 0 comments for gaming
2026-03-13 07:33:48,420 genlab_core.engagement.poller INFO [POLLER] YouTube: fetched 0 comments for gaming
2026-03-13 07:38:48,941 genlab_core.engagement.poller INFO [POLLER] YouTube: fetched 0 comments for gaming
2026-03-13 07:43:49,347 genlab_core.engagement.poller INFO [POLLER] YouTube: fetched 0 comments for gaming
2026-03-13 09:01:01,336 genlab_core.engagement.poller WARNING [POLLER] YouTube poll failed for gaming: HTTPSConnectionPool(host='oauth2.googleapis.com', port=443): Max retries exceeded with url: /token (Caused by NameResolutionError("HTTPSConnection(host='oauth2.googleapis.com', port=443): Failed to resolve 'oauth2.googleapis.com' ([Errno 8] nodename nor servname provided, or not known)"))
2026-03-13 10:38:35,944 genlab_core.engagement.poller INFO [POLLER] YouTube: fetched 0 comments for gaming
2026-03-13 11:57:36,876 genlab_core.engagement.poller INFO [POLLER] YouTube: fetched 0 comments for gaming
2026-03-13 12:02:37,661 genlab_core.engagement.poller INFO [POLLER] YouTube: fetched 0 comments for gaming
2026-03-13 12:07:38,156 genlab_core.engagement.poller INFO [POLLER] YouTube: fetched 0 comments for gaming
2026-03-13 12:12:38,636 genlab_core.engagement.poller INFO [POLLER] YouTube: fetched 0 comments for gaming
2026-03-13 12:17:39,257 genlab_core.engagement.poller INFO [POLLER] YouTube: fetched 0 comments for gaming
2026-03-13 12:22:39,812 genlab_core.engagement.poller INFO [POLLER] YouTube: fetched 0 comments for gaming
2026-03-13 12:27:40,516 genlab_core.engagement.poller INFO [POLLER] YouTube: fetched 0 comments for gaming
2026-03-13 12:32:41,411 genlab_core.engagement.poller INFO [POLLER] YouTube: fetched 0 comments for gaming
2026-03-13 12:37:41,971 genlab_core.engagement.poller INFO [POLLER] YouTube: fetched 0 comments for gaming
2026-03-13 12:42:42,871 genlab_core.engagement.poller INFO [POLLER] YouTube: fetched 0 comments for gaming
2026-03-13 12:47:43,342 genlab_core.engagement.poller INFO [POLLER] YouTube: fetched 0 comments for gaming
2026-03-13 12:52:43,853 genlab_core.engagement.poller INFO [POLLER] YouTube: fetched 0 comments for gaming
2026-03-13 12:57:44,524 genlab_core.engagement.poller INFO [POLLER] YouTube: fetched 0 comments for gaming
2026-03-13 13:02:45,200 genlab_core.engagement.poller INFO [POLLER] YouTube: fetched 0 comments for gaming
2026-03-13 13:07:45,657 genlab_core.engagement.poller INFO [POLLER] YouTube: fetched 0 comments for gaming
2026-03-13 13:12:46,146 genlab_core.engagement.poller INFO [POLLER] YouTube: fetched 0 comments for gaming
2026-03-13 13:17:46,738 genlab_core.engagement.poller INFO [POLLER] YouTube: fetched 0 comments for gaming
2026-03-13 13:22:47,233 genlab_core.engagement.poller INFO [POLLER] YouTube: fetched 0 comments for gaming
2026-03-13 13:27:47,775 genlab_core.engagement.poller INFO [POLLER] YouTube: fetched 0 comments for gaming
2026-03-13 13:32:48,316 genlab_core.engagement.poller INFO [POLLER] YouTube: fetched 0 comments for gaming
2026-03-13 13:37:48,813 genlab_core.engagement.poller INFO [POLLER] YouTube: fetched 0 comments for gaming
2026-03-13 13:42:49,393 genlab_core.engagement.poller INFO [POLLER] YouTube: fetched 0 comments for gaming
2026-03-13 13:47:50,822 genlab_core.engagement.poller INFO [POLLER] YouTube: fetched 0 comments for gaming
2026-03-13 13:52:51,315 genlab_core.engagement.poller INFO [POLLER] YouTube: fetched 0 comments for gaming
2026-03-13 13:57:51,742 genlab_core.engagement.poller INFO [POLLER] YouTube: fetched 0 comments for gaming
2026-03-13 14:02:52,202 genlab_core.engagement.poller INFO [POLLER] YouTube: fetched 0 comments for gaming
2026-03-13 14:07:52,656 genlab_core.engagement.poller INFO [POLLER] YouTube: fetched 0 comments for gaming
2026-03-13 14:12:53,088 genlab_core.engagement.poller INFO [POLLER] YouTube: fetched 0 comments for gaming
2026-03-13 14:17:53,564 genlab_core.engagement.poller INFO [POLLER] YouTube: fetched 0 comments for gaming
2026-03-13 14:22:53,994 genlab_core.engagement.poller INFO [POLLER] YouTube: fetched 0 comments for gaming
2026-03-13 14:27:54,440 genlab_core.engagement.poller INFO [POLLER] YouTube: fetched 0 comments for gaming
2026-03-13 14:32:55,519 genlab_core.engagement.poller INFO [POLLER] YouTube: fetched 0 comments for gaming
2026-03-13 14:37:55,942 genlab_core.engagement.poller INFO [POLLER] YouTube: fetched 0 comments for gaming
2026-03-13 14:42:56,408 genlab_core.engagement.poller INFO [POLLER] YouTube: fetched 0 comments for gaming
2026-03-13 14:47:56,887 genlab_core.engagement.poller INFO [POLLER] YouTube: fetched 0 comments for gaming
2026-03-13 14:52:57,321 genlab_core.engagement.poller INFO [POLLER] YouTube: fetched 0 comments for gaming
2026-03-13 14:57:57,894 genlab_core.engagement.poller INFO [POLLER] YouTube: fetched 0 comments for gaming
2026-03-13 15:02:58,461 genlab_core.engagement.poller INFO [POLLER] YouTube: fetched 0 comments for gaming
2026-03-13 15:07:59,032 genlab_core.engagement.poller INFO [POLLER] YouTube: fetched 0 comments for gaming
2026-03-13 15:12:59,584 genlab_core.engagement.poller INFO [POLLER] YouTube: fetched 0 comments for gaming
2026-03-13 15:18:00,113 genlab_core.engagement.poller INFO [POLLER] YouTube: fetched 0 comments for gaming
2026-03-13 15:23:00,768 genlab_core.engagement.poller INFO [POLLER] YouTube: fetched 0 comments for gaming
2026-03-13 15:28:01,269 genlab_core.engagement.poller INFO [POLLER] YouTube: fetched 0 comments for gaming
2026-03-13 15:33:01,738 genlab_core.engagement.poller INFO [POLLER] YouTube: fetched 0 comments for gaming
2026-03-13 15:38:02,271 genlab_core.engagement.poller INFO [POLLER] YouTube: fetched 0 comments for gaming
2026-03-13 15:43:02,725 genlab_core.engagement.poller INFO [POLLER] YouTube: fetched 0 comments for gaming
2026-03-13 15:48:03,313 genlab_core.engagement.poller INFO [POLLER] YouTube: fetched 0 comments for gaming
2026-03-13 15:53:03,928 genlab_core.engagement.poller INFO [POLLER] YouTube: fetched 0 comments for gaming
2026-03-13 15:58:04,394 genlab_core.engagement.poller INFO [POLLER] YouTube: fetched 0 comments for gaming
2026-03-13 16:03:04,984 genlab_core.engagement.poller INFO [POLLER] YouTube: fetched 0 comments for gaming
2026-03-13 16:08:05,460 genlab_core.engagement.poller INFO [POLLER] YouTube: fetched 0 comments for gaming
2026-03-13 16:13:06,011 genlab_core.engagement.poller INFO [POLLER] YouTube: fetched 0 comments for gaming
2026-03-13 16:18:06,490 genlab_core.engagement.poller INFO [POLLER] YouTube: fetched 0 comments for gaming
2026-03-13 16:23:07,040 genlab_core.engagement.poller INFO [POLLER] YouTube: fetched 0 comments for gaming
2026-03-13 16:28:07,485 genlab_core.engagement.poller INFO [POLLER] YouTube: fetched 0 comments for gaming
2026-03-13 16:33:08,082 genlab_core.engagement.poller INFO [POLLER] YouTube: fetched 0 comments for gaming
2026-03-13 16:38:08,577 genlab_core.engagement.poller INFO [POLLER] YouTube: fetched 0 comments for gaming
2026-03-13 16:43:09,080 genlab_core.engagement.poller INFO [POLLER] YouTube: fetched 0 comments for gaming
2026-03-13 16:48:09,655 genlab_core.engagement.poller INFO [POLLER] YouTube: fetched 0 comments for gaming
2026-03-13 16:53:10,130 genlab_core.engagement.poller INFO [POLLER] YouTube: fetched 0 comments for gaming
2026-03-13 16:58:10,646 genlab_core.engagement.poller INFO [POLLER] YouTube: fetched 0 comments for gaming
2026-03-13 17:03:11,067 genlab_core.engagement.poller INFO [POLLER] YouTube: fetched 0 comments for gaming
2026-03-13 17:08:11,507 genlab_core.engagement.poller INFO [POLLER] YouTube: fetched 0 comments for gaming
2026-03-13 17:13:11,984 genlab_core.engagement.poller INFO [POLLER] YouTube: fetched 0 comments for gaming
2026-03-13 17:18:12,520 genlab_core.engagement.poller INFO [POLLER] YouTube: fetched 0 comments for gaming
2026-03-13 17:23:12,996 genlab_core.engagement.poller INFO [POLLER] YouTube: fetched 0 comments for gaming
2026-03-13 17:28:13,591 genlab_core.engagement.poller INFO [POLLER] YouTube: fetched 0 comments for gaming
2026-03-13 17:33:14,023 genlab_core.engagement.poller INFO [POLLER] YouTube: fetched 0 comments for gaming
2026-03-13 17:38:14,581 genlab_core.engagement.poller INFO [POLLER] YouTube: fetched 0 comments for gaming
2026-03-13 17:43:15,101 genlab_core.engagement.poller INFO [POLLER] YouTube: fetched 0 comments for gaming
2026-03-13 17:48:15,601 genlab_core.engagement.poller INFO [POLLER] YouTube: fetched 0 comments for gaming
2026-03-13 17:53:16,065 genlab_core.engagement.poller INFO [POLLER] YouTube: fetched 0 comments for gaming
2026-03-13 17:58:16,498 genlab_core.engagement.poller INFO [POLLER] YouTube: fetched 0 comments for gaming
2026-03-13 18:03:16,954 genlab_core.engagement.poller INFO [POLLER] YouTube: fetched 0 comments for gaming
2026-03-13 18:08:17,444 genlab_core.engagement.poller INFO [POLLER] YouTube: fetched 0 comments for gaming
2026-03-13 18:13:18,049 genlab_core.engagement.poller INFO [POLLER] YouTube: fetched 0 comments for gaming
2026-03-13 18:18:18,542 genlab_core.engagement.poller INFO [POLLER] YouTube: fetched 0 comments for gaming
2026-03-13 18:23:19,063 genlab_core.engagement.poller INFO [POLLER] YouTube: fetched 0 comments for gaming
2026-03-13 18:28:19,618 genlab_core.engagement.poller INFO [POLLER] YouTube: fetched 0 comments for gaming
2026-03-13 18:33:20,273 genlab_core.engagement.poller INFO [POLLER] YouTube: fetched 0 comments for gaming
2026-03-13 18:38:20,715 genlab_core.engagement.poller INFO [POLLER] YouTube: fetched 0 comments for gaming
2026-03-13 18:43:21,439 genlab_core.engagement.poller INFO [POLLER] YouTube: fetched 0 comments for gaming
2026-03-13 18:48:21,895 genlab_core.engagement.poller INFO [POLLER] YouTube: fetched 0 comments for gaming
2026-03-13 18:53:22,521 genlab_core.engagement.poller INFO [POLLER] YouTube: fetched 0 comments for gaming
2026-03-13 18:58:23,223 genlab_core.engagement.poller INFO [POLLER] YouTube: fetched 0 comments for gaming
2026-03-13 19:03:25,805 genlab_core.engagement.poller INFO [POLLER] YouTube: fetched 0 comments for gaming
2026-03-13 19:08:28,490 genlab_core.engagement.poller INFO [POLLER] YouTube: fetched 0 comments for gaming
2026-03-13 19:13:31,380 genlab_core.engagement.poller INFO [POLLER] YouTube: fetched 0 comments for gaming
2026-03-13 19:18:34,024 genlab_core.engagement.poller INFO [POLLER] YouTube: fetched 0 comments for gaming
2026-03-13 19:23:36,872 genlab_core.engagement.poller INFO [POLLER] YouTube: fetched 0 comments for gaming
2026-03-13 19:28:39,490 genlab_core.engagement.poller INFO [POLLER] YouTube: fetched 0 comments for gaming
2026-03-13 19:33:41,763 genlab_core.engagement.poller INFO [POLLER] YouTube: fetched 0 comments for gaming
2026-03-13 19:38:44,235 genlab_core.engagement.poller INFO [POLLER] YouTube: fetched 0 comments for gaming
2026-03-13 19:43:46,970 genlab_core.engagement.poller INFO [POLLER] YouTube: fetched 0 comments for gaming
2026-03-13 19:48:47,581 genlab_core.engagement.poller INFO [POLLER] YouTube: fetched 0 comments for gaming
2026-03-13 19:53:48,109 genlab_core.engagement.poller INFO [POLLER] YouTube: fetched 0 comments for gaming
2026-03-13 19:58:51,797 genlab_core.engagement.poller INFO [POLLER] YouTube: fetched 0 comments for gaming
2026-03-13 20:03:52,286 genlab_core.engagement.poller INFO [POLLER] YouTube: fetched 0 comments for gaming
2026-03-13 20:08:52,930 genlab_core.engagement.poller INFO [POLLER] YouTube: fetched 0 comments for gaming
2026-03-13 20:13:53,355 genlab_core.engagement.poller INFO [POLLER] YouTube: fetched 0 comments for gaming
2026-03-13 20:18:53,774 genlab_core.engagement.poller INFO [POLLER] YouTube: fetched 0 comments for gaming
2026-03-13 20:23:54,334 genlab_core.engagement.poller INFO [POLLER] YouTube: fetched 0 comments for gaming
2026-03-13 20:28:54,983 genlab_core.engagement.poller INFO [POLLER] YouTube: fetched 0 comments for gaming
2026-03-13 20:33:55,566 genlab_core.engagement.poller INFO [POLLER] YouTube: fetched 0 comments for gaming
2026-03-13 20:38:55,987 genlab_core.engagement.poller INFO [POLLER] YouTube: fetched 0 comments for gaming
2026-03-13 20:43:56,428 genlab_core.engagement.poller INFO [POLLER] YouTube: fetched 0 comments for gaming
2026-03-13 20:48:56,878 genlab_core.engagement.poller INFO [POLLER] YouTube: fetched 0 comments for gaming
2026-03-13 20:53:57,342 genlab_core.engagement.poller INFO [POLLER] YouTube: fetched 0 comments for gaming
2026-03-13 20:58:57,790 genlab_core.engagement.poller INFO [POLLER] YouTube: fetched 0 comments for gaming
2026-03-13 21:03:58,238 genlab_core.engagement.poller INFO [POLLER] YouTube: fetched 0 comments for gaming
2026-03-13 21:08:58,660 genlab_core.engagement.poller INFO [POLLER] YouTube: fetched 0 comments for gaming
2026-03-13 21:13:59,193 genlab_core.engagement.poller INFO [POLLER] YouTube: fetched 0 comments for gaming
2026-03-13 21:18:59,616 genlab_core.engagement.poller INFO [POLLER] YouTube: fetched 0 comments for gaming
2026-03-13 21:24:00,260 genlab_core.engagement.poller INFO [POLLER] YouTube: fetched 0 comments for gaming
2026-03-13 21:29:00,776 genlab_core.engagement.poller INFO [POLLER] YouTube: fetched 0 comments for gaming
2026-03-13 21:34:01,196 genlab_core.engagement.poller INFO [POLLER] YouTube: fetched 0 comments for gaming
2026-03-13 21:39:01,716 genlab_core.engagement.poller INFO [POLLER] YouTube: fetched 0 comments for gaming
2026-03-13 21:44:02,331 genlab_core.engagement.poller INFO [POLLER] YouTube: fetched 0 comments for gaming
2026-03-13 21:49:02,848 genlab_core.engagement.poller INFO [POLLER] YouTube: fetched 0 comments for gaming
2026-03-13 21:54:03,421 genlab_core.engagement.poller INFO [POLLER] YouTube: fetched 0 comments for gaming
2026-03-13 21:59:04,196 genlab_core.engagement.poller INFO [POLLER] YouTube: fetched 0 comments for gaming
2026-03-13 22:04:04,703 genlab_core.engagement.poller INFO [POLLER] YouTube: fetched 0 comments for gaming
2026-03-13 22:09:05,311 genlab_core.engagement.poller INFO [POLLER] YouTube: fetched 0 comments for gaming
2026-03-13 22:14:06,214 genlab_core.engagement.poller INFO [POLLER] YouTube: fetched 0 comments for gaming
2026-03-13 22:19:07,819 genlab_core.engagement.poller INFO [POLLER] YouTube: fetched 0 comments for gaming
2026-03-13 22:24:08,397 genlab_core.engagement.poller INFO [POLLER] YouTube: fetched 0 comments for gaming
2026-03-13 22:29:08,848 genlab_core.engagement.poller INFO [POLLER] YouTube: fetched 0 comments for gaming
2026-03-13 22:34:09,459 genlab_core.engagement.poller INFO [POLLER] YouTube: fetched 0 comments for gaming
2026-03-13 22:39:10,003 genlab_core.engagement.poller INFO [POLLER] YouTube: fetched 0 comments for gaming
2026-03-13 22:44:10,537 genlab_core.engagement.poller INFO [POLLER] YouTube: fetched 0 comments for gaming
2026-03-13 22:49:11,027 genlab_core.engagement.poller INFO [POLLER] YouTube: fetched 0 comments for gaming
2026-03-13 22:54:11,521 genlab_core.engagement.poller INFO [POLLER] YouTube: fetched 0 comments for gaming
2026-03-13 22:59:12,024 genlab_core.engagement.poller INFO [POLLER] YouTube: fetched 0 comments for gaming
2026-03-13 23:04:12,566 genlab_core.engagement.poller INFO [POLLER] YouTube: fetched 0 comments for gaming
2026-03-13 23:09:12,984 genlab_core.engagement.poller INFO [POLLER] YouTube: fetched 0 comments for gaming
2026-03-13 23:14:13,530 genlab_core.engagement.poller INFO [POLLER] YouTube: fetched 0 comments for gaming
2026-03-13 23:19:14,124 genlab_core.engagement.poller INFO [POLLER] YouTube: fetched 0 comments for gaming
2026-03-13 23:24:14,682 genlab_core.engagement.poller INFO [POLLER] YouTube: fetched 0 comments for gaming
2026-03-13 23:29:15,169 genlab_core.engagement.poller INFO [POLLER] YouTube: fetched 0 comments for gaming
2026-03-13 23:34:15,623 genlab_core.engagement.poller INFO [POLLER] YouTube: fetched 0 comments for gaming
2026-03-13 23:39:16,087 genlab_core.engagement.poller INFO [POLLER] YouTube: fetched 0 comments for gaming
2026-03-13 23:44:16,654 genlab_core.engagement.poller INFO [POLLER] YouTube: fetched 0 comments for gaming
2026-03-13 23:49:17,294 genlab_core.engagement.poller INFO [POLLER] YouTube: fetched 0 comments for gaming
2026-03-13 23:54:17,923 genlab_core.engagement.poller INFO [POLLER] YouTube: fetched 0 comments for gaming
2026-03-13 23:59:18,458 genlab_core.engagement.poller INFO [POLLER] YouTube: fetched 0 comments for gaming
2026-03-14 00:04:19,006 genlab_core.engagement.poller INFO [POLLER] YouTube: fetched 0 comments for gaming
2026-03-14 00:09:19,526 genlab_core.engagement.poller INFO [POLLER] YouTube: fetched 0 comments for gaming
2026-03-14 00:14:20,290 genlab_core.engagement.poller INFO [POLLER] YouTube: fetched 0 comments for gaming
2026-03-14 00:19:20,832 genlab_core.engagement.poller INFO [POLLER] YouTube: fetched 0 comments for gaming
2026-03-14 00:24:21,395 genlab_core.engagement.poller INFO [POLLER] YouTube: fetched 0 comments for gaming
2026-03-14 00:29:21,950 genlab_core.engagement.poller INFO [POLLER] YouTube: fetched 0 comments for gaming
2026-03-14 00:34:52,398 genlab_core.engagement.poller INFO [POLLER] YouTube: fetched 0 comments for gaming
2026-03-14 00:39:52,850 genlab_core.engagement.poller INFO [POLLER] YouTube: fetched 0 comments for gaming
2026-03-14 00:44:53,271 genlab_core.engagement.poller INFO [POLLER] YouTube: fetched 0 comments for gaming
2026-03-14 00:49:53,657 genlab_core.engagement.poller INFO [POLLER] YouTube: fetched 0 comments for gaming
2026-03-14 00:54:54,110 genlab_core.engagement.poller INFO [POLLER] YouTube: fetched 0 comments for gaming
2026-03-14 00:59:54,514 genlab_core.engagement.poller INFO [POLLER] YouTube: fetched 0 comments for gaming
2026-03-14 01:04:54,945 genlab_core.engagement.poller INFO [POLLER] YouTube: fetched 0 comments for gaming
2026-03-14 01:09:55,396 genlab_core.engagement.poller INFO [POLLER] YouTube: fetched 0 comments for gaming
2026-03-14 01:14:55,794 genlab_core.engagement.poller INFO [POLLER] YouTube: fetched 0 comments for gaming
2026-03-14 01:19:56,252 genlab_core.engagement.poller INFO [POLLER] YouTube: fetched 0 comments for gaming
2026-03-14 01:24:56,643 genlab_core.engagement.poller INFO [POLLER] YouTube: fetched 0 comments for gaming
2026-03-14 01:29:57,100 genlab_core.engagement.poller INFO [POLLER] YouTube: fetched 0 comments for gaming
2026-03-14 01:34:57,506 genlab_core.engagement.poller INFO [POLLER] YouTube: fetched 0 comments for gaming
2026-03-14 01:39:57,921 genlab_core.engagement.poller INFO [POLLER] YouTube: fetched 0 comments for gaming
2026-03-14 01:44:58,400 genlab_core.engagement.poller INFO [POLLER] YouTube: fetched 0 comments for gaming
2026-03-14 01:49:58,921 genlab_core.engagement.poller INFO [POLLER] YouTube: fetched 0 comments for gaming
2026-03-14 01:54:59,534 genlab_core.engagement.poller INFO [POLLER] YouTube: fetched 0 comments for gaming
2026-03-14 02:00:00,044 genlab_core.engagement.poller INFO [POLLER] YouTube: fetched 0 comments for gaming
2026-03-14 02:05:00,705 genlab_core.engagement.poller INFO [POLLER] YouTube: fetched 0 comments for gaming
2026-03-14 02:10:01,226 genlab_core.engagement.poller INFO [POLLER] YouTube: fetched 0 comments for gaming
2026-03-14 02:15:02,667 genlab_core.engagement.poller INFO [POLLER] YouTube: fetched 0 comments for gaming
2026-03-14 02:20:03,246 genlab_core.engagement.poller INFO [POLLER] YouTube: fetched 0 comments for gaming
2026-03-14 02:25:03,628 genlab_core.engagement.poller INFO [POLLER] YouTube: fetched 0 comments for gaming
2026-03-14 02:30:04,100 genlab_core.engagement.poller INFO [POLLER] YouTube: fetched 0 comments for gaming
2026-03-14 02:35:04,509 genlab_core.engagement.poller INFO [POLLER] YouTube: fetched 0 comments for gaming
2026-03-14 02:40:04,952 genlab_core.engagement.poller INFO [POLLER] YouTube: fetched 0 comments for gaming
2026-03-14 02:45:05,465 genlab_core.engagement.poller INFO [POLLER] YouTube: fetched 0 comments for gaming
2026-03-14 02:50:06,029 genlab_core.engagement.poller INFO [POLLER] YouTube: fetched 0 comments for gaming
2026-03-14 02:55:06,532 genlab_core.engagement.poller INFO [POLLER] YouTube: fetched 0 comments for gaming
2026-03-14 03:00:06,921 genlab_core.engagement.poller INFO [POLLER] YouTube: fetched 0 comments for gaming
2026-03-14 03:05:07,465 genlab_core.engagement.poller INFO [POLLER] YouTube: fetched 0 comments for gaming
2026-03-14 03:10:08,047 genlab_core.engagement.poller INFO [POLLER] YouTube: fetched 0 comments for gaming
2026-03-14 03:15:08,790 genlab_core.engagement.poller INFO [POLLER] YouTube: fetched 0 comments for gaming
2026-03-14 03:20:09,661 genlab_core.engagement.poller INFO [POLLER] YouTube: fetched 0 comments for gaming
2026-03-14 03:25:10,552 genlab_core.engagement.poller INFO [POLLER] YouTube: fetched 0 comments for gaming
2026-03-14 03:30:11,569 genlab_core.engagement.poller INFO [POLLER] YouTube: fetched 0 comments for gaming
2026-03-14 03:35:12,356 genlab_core.engagement.poller INFO [POLLER] YouTube: fetched 0 comments for gaming
2026-03-14 03:40:13,162 genlab_core.engagement.poller INFO [POLLER] YouTube: fetched 0 comments for gaming
2026-03-14 03:45:13,572 genlab_core.engagement.poller INFO [POLLER] YouTube: fetched 0 comments for gaming
2026-03-14 03:50:14,029 genlab_core.engagement.poller INFO [POLLER] YouTube: fetched 0 comments for gaming
2026-03-14 03:55:14,511 genlab_core.engagement.poller INFO [POLLER] YouTube: fetched 0 comments for gaming
2026-03-14 04:00:15,572 genlab_core.engagement.poller INFO [POLLER] YouTube: fetched 0 comments for gaming
2026-03-14 04:05:16,287 genlab_core.engagement.poller INFO [POLLER] YouTube: fetched 0 comments for gaming
2026-03-14 04:10:16,927 genlab_core.engagement.poller INFO [POLLER] YouTube: fetched 0 comments for gaming
2026-03-14 04:15:17,401 genlab_core.engagement.poller INFO [POLLER] YouTube: fetched 0 comments for gaming
2026-03-14 04:20:17,890 genlab_core.engagement.poller INFO [POLLER] YouTube: fetched 0 comments for gaming
2026-03-14 04:25:18,377 genlab_core.engagement.poller INFO [POLLER] YouTube: fetched 0 comments for gaming
2026-03-14 04:30:18,848 genlab_core.engagement.poller INFO [POLLER] YouTube: fetched 0 comments for gaming
2026-03-14 04:35:19,311 genlab_core.engagement.poller INFO [POLLER] YouTube: fetched 0 comments for gaming
2026-03-14 04:40:19,786 genlab_core.engagement.poller INFO [POLLER] YouTube: fetched 0 comments for gaming
2026-03-14 04:45:20,272 genlab_core.engagement.poller INFO [POLLER] YouTube: fetched 0 comments for gaming
2026-03-14 04:50:20,775 genlab_core.engagement.poller INFO [POLLER] YouTube: fetched 0 comments for gaming
2026-03-14 04:55:21,249 genlab_core.engagement.poller INFO [POLLER] YouTube: fetched 0 comments for gaming
2026-03-14 05:00:21,722 genlab_core.engagement.poller INFO [POLLER] YouTube: fetched 0 comments for gaming
2026-03-14 05:05:22,260 genlab_core.engagement.poller INFO [POLLER] YouTube: fetched 0 comments for gaming
2026-03-14 05:10:22,754 genlab_core.engagement.poller INFO [POLLER] YouTube: fetched 0 comments for gaming
2026-03-14 05:15:23,320 genlab_core.engagement.poller INFO [POLLER] YouTube: fetched 0 comments for gaming
2026-03-14 05:20:23,942 genlab_core.engagement.poller INFO [POLLER] YouTube: fetched 0 comments for gaming
2026-03-14 05:25:24,462 genlab_core.engagement.poller INFO [POLLER] YouTube: fetched 0 comments for gaming
2026-03-14 05:30:25,024 genlab_core.engagement.poller INFO [POLLER] YouTube: fetched 0 comments for gaming
2026-03-14 05:35:25,520 genlab_core.engagement.poller INFO [POLLER] YouTube: fetched 0 comments for gaming
2026-03-14 05:40:25,941 genlab_core.engagement.poller INFO [POLLER] YouTube: fetched 0 comments for gaming
2026-03-14 05:45:26,403 genlab_core.engagement.poller INFO [POLLER] YouTube: fetched 0 comments for gaming
2026-03-14 05:50:27,004 genlab_core.engagement.poller INFO [POLLER] YouTube: fetched 0 comments for gaming
2026-03-14 05:55:27,443 genlab_core.engagement.poller INFO [POLLER] YouTube: fetched 0 comments for gaming
2026-03-14 06:00:27,854 genlab_core.engagement.poller INFO [POLLER] YouTube: fetched 0 comments for gaming
2026-03-14 06:05:28,415 genlab_core.engagement.poller INFO [POLLER] YouTube: fetched 0 comments for gaming
2026-03-14 06:10:28,964 genlab_core.engagement.poller INFO [POLLER] YouTube: fetched 0 comments for gaming
2026-03-14 06:15:29,352 genlab_core.engagement.poller INFO [POLLER] YouTube: fetched 0 comments for gaming
2026-03-14 06:20:29,896 genlab_core.engagement.poller INFO [POLLER] YouTube: fetched 0 comments for gaming
2026-03-14 06:25:30,431 genlab_core.engagement.poller INFO [POLLER] YouTube: fetched 0 comments for gaming
2026-03-14 06:30:30,835 genlab_core.engagement.poller INFO [POLLER] YouTube: fetched 0 comments for gaming
2026-03-14 06:35:31,353 genlab_core.engagement.poller INFO [POLLER] YouTube: fetched 0 comments for gaming
2026-03-14 06:40:31,755 genlab_core.engagement.poller INFO [POLLER] YouTube: fetched 0 comments for gaming
2026-03-14 06:45:32,214 genlab_core.engagement.poller INFO [POLLER] YouTube: fetched 0 comments for gaming
2026-03-14 06:50:32,813 genlab_core.engagement.poller INFO [POLLER] YouTube: fetched 0 comments for gaming
2026-03-14 06:55:33,243 genlab_core.engagement.poller INFO [POLLER] YouTube: fetched 0 comments for gaming
2026-03-14 07:00:33,917 genlab_core.engagement.poller INFO [POLLER] YouTube: fetched 0 comments for gaming
2026-03-14 07:05:34,451 genlab_core.engagement.poller INFO [POLLER] YouTube: fetched 0 comments for gaming
2026-03-14 07:10:34,855 genlab_core.engagement.poller INFO [POLLER] YouTube: fetched 0 comments for gaming
2026-03-14 07:15:35,318 genlab_core.engagement.poller INFO [POLLER] YouTube: fetched 0 comments for gaming
2026-03-14 07:20:35,909 genlab_core.engagement.poller INFO [POLLER] YouTube: fetched 0 comments for gaming
2026-03-14 07:25:36,314 genlab_core.engagement.poller INFO [POLLER] YouTube: fetched 0 comments for gaming
2026-03-14 07:30:36,881 genlab_core.engagement.poller INFO [POLLER] YouTube: fetched 0 comments for gaming
2026-03-14 07:35:37,411 genlab_core.engagement.poller INFO [POLLER] YouTube: fetched 0 comments for gaming
2026-03-14 07:40:37,828 genlab_core.engagement.poller INFO [POLLER] YouTube: fetched 0 comments for gaming
2026-03-16 13:47:16,074 engagement.poller INFO Engagement poller starting — mode=DISPATCH niche=gaming platform=youtube
2026-03-16 13:47:16,081 engagement.poller INFO Starting YouTube poller for niche=gaming channel=UCW20NL2FiCO5F90IuCGwtTw interval=300s
2026-03-16 13:47:18,584 genlab_core.engagement.poller WARNING [POLLER] YouTube poll failed for gaming: 403 Client Error: Forbidden for url: https://www.googleapis.com/youtube/v3/commentThreads?allThreadsRelatedToChannelId=UCW20NL2FiCO5F90IuCGwtTw&part=snippet&order=time&maxResults=50
2026-03-16 13:52:18,988 genlab_core.engagement.poller WARNING [POLLER] YouTube poll failed for gaming: 403 Client Error: Forbidden for url: https://www.googleapis.com/youtube/v3/commentThreads?allThreadsRelatedToChannelId=UCW20NL2FiCO5F90IuCGwtTw&part=snippet&order=time&maxResults=50
2026-03-16 13:57:19,556 genlab_core.engagement.poller WARNING [POLLER] YouTube poll failed for gaming: 403 Client Error: Forbidden for url: https://www.googleapis.com/youtube/v3/commentThreads?allThreadsRelatedToChannelId=UCW20NL2FiCO5F90IuCGwtTw&part=snippet&order=time&maxResults=50
2026-03-16 14:02:19,988 genlab_core.engagement.poller WARNING [POLLER] YouTube poll failed for gaming: 403 Client Error: Forbidden for url: https://www.googleapis.com/youtube/v3/commentThreads?allThreadsRelatedToChannelId=UCW20NL2FiCO5F90IuCGwtTw&part=snippet&order=time&maxResults=50
2026-03-16 14:07:20,470 genlab_core.engagement.poller WARNING [POLLER] YouTube poll failed for gaming: 403 Client Error: Forbidden for url: https://www.googleapis.com/youtube/v3/commentThreads?allThreadsRelatedToChannelId=UCW20NL2FiCO5F90IuCGwtTw&part=snippet&order=time&maxResults=50
2026-03-16 14:12:20,980 genlab_core.engagement.poller WARNING [POLLER] YouTube poll failed for gaming: 403 Client Error: Forbidden for url: https://www.googleapis.com/youtube/v3/commentThreads?allThreadsRelatedToChannelId=UCW20NL2FiCO5F90IuCGwtTw&part=snippet&order=time&maxResults=50
2026-03-16 14:17:21,377 genlab_core.engagement.poller WARNING [POLLER] YouTube poll failed for gaming: 403 Client Error: Forbidden for url: https://www.googleapis.com/youtube/v3/commentThreads?allThreadsRelatedToChannelId=UCW20NL2FiCO5F90IuCGwtTw&part=snippet&order=time&maxResults=50
2026-03-16 14:22:21,790 genlab_core.engagement.poller WARNING [POLLER] YouTube poll failed for gaming: 403 Client Error: Forbidden for url: https://www.googleapis.com/youtube/v3/commentThreads?allThreadsRelatedToChannelId=UCW20NL2FiCO5F90IuCGwtTw&part=snippet&order=time&maxResults=50
2026-03-16 14:27:22,167 genlab_core.engagement.poller WARNING [POLLER] YouTube poll failed for gaming: 403 Client Error: Forbidden for url: https://www.googleapis.com/youtube/v3/commentThreads?allThreadsRelatedToChannelId=UCW20NL2FiCO5F90IuCGwtTw&part=snippet&order=time&maxResults=50
2026-03-16 14:32:22,631 genlab_core.engagement.poller WARNING [POLLER] YouTube poll failed for gaming: 403 Client Error: Forbidden for url: https://www.googleapis.com/youtube/v3/commentThreads?allThreadsRelatedToChannelId=UCW20NL2FiCO5F90IuCGwtTw&part=snippet&order=time&maxResults=50
2026-03-16 14:37:23,113 genlab_core.engagement.poller WARNING [POLLER] YouTube poll failed for gaming: 403 Client Error: Forbidden for url: https://www.googleapis.com/youtube/v3/commentThreads?allThreadsRelatedToChannelId=UCW20NL2FiCO5F90IuCGwtTw&part=snippet&order=time&maxResults=50
2026-03-16 14:42:23,487 genlab_core.engagement.poller WARNING [POLLER] YouTube poll failed for gaming: 403 Client Error: Forbidden for url: https://www.googleapis.com/youtube/v3/commentThreads?allThreadsRelatedToChannelId=UCW20NL2FiCO5F90IuCGwtTw&part=snippet&order=time&maxResults=50
2026-03-16 14:47:23,844 genlab_core.engagement.poller WARNING [POLLER] YouTube poll failed for gaming: 403 Client Error: Forbidden for url: https://www.googleapis.com/youtube/v3/commentThreads?allThreadsRelatedToChannelId=UCW20NL2FiCO5F90IuCGwtTw&part=snippet&order=time&maxResults=50
2026-03-16 14:52:24,254 genlab_core.engagement.poller WARNING [POLLER] YouTube poll failed for gaming: 403 Client Error: Forbidden for url: https://www.googleapis.com/youtube/v3/commentThreads?allThreadsRelatedToChannelId=UCW20NL2FiCO5F90IuCGwtTw&part=snippet&order=time&maxResults=50
2026-03-16 14:57:24,274 genlab_core.engagement.poller WARNING [POLLER] YouTube poll failed for gaming: HTTPSConnectionPool(host='oauth2.googleapis.com', port=443): Max retries exceeded with url: /token (Caused by NameResolutionError("HTTPSConnection(host='oauth2.googleapis.com', port=443): Failed to resolve 'oauth2.googleapis.com' ([Errno 8] nodename nor servname provided, or not known)"))
2026-03-16 15:02:24,883 genlab_core.engagement.poller WARNING [POLLER] YouTube poll failed for gaming: 403 Client Error: Forbidden for url: https://www.googleapis.com/youtube/v3/commentThreads?allThreadsRelatedToChannelId=UCW20NL2FiCO5F90IuCGwtTw&part=snippet&order=time&maxResults=50
2026-03-16 15:07:25,491 genlab_core.engagement.poller WARNING [POLLER] YouTube poll failed for gaming: 403 Client Error: Forbidden for url: https://www.googleapis.com/youtube/v3/commentThreads?allThreadsRelatedToChannelId=UCW20NL2FiCO5F90IuCGwtTw&part=snippet&order=time&maxResults=50
2026-03-16 15:12:25,976 genlab_core.engagement.poller WARNING [POLLER] YouTube poll failed for gaming: 403 Client Error: Forbidden for url: https://www.googleapis.com/youtube/v3/commentThreads?allThreadsRelatedToChannelId=UCW20NL2FiCO5F90IuCGwtTw&part=snippet&order=time&maxResults=50
2026-03-16 15:17:26,386 genlab_core.engagement.poller WARNING [POLLER] YouTube poll failed for gaming: 403 Client Error: Forbidden for url: https://www.googleapis.com/youtube/v3/commentThreads?allThreadsRelatedToChannelId=UCW20NL2FiCO5F90IuCGwtTw&part=snippet&order=time&maxResults=50
2026-03-16 15:22:26,869 genlab_core.engagement.poller WARNING [POLLER] YouTube poll failed for gaming: 403 Client Error: Forbidden for url: https://www.googleapis.com/youtube/v3/commentThreads?allThreadsRelatedToChannelId=UCW20NL2FiCO5F90IuCGwtTw&part=snippet&order=time&maxResults=50
2026-03-16 15:27:27,368 genlab_core.engagement.poller WARNING [POLLER] YouTube poll failed for gaming: 403 Client Error: Forbidden for url: https://www.googleapis.com/youtube/v3/commentThreads?allThreadsRelatedToChannelId=UCW20NL2FiCO5F90IuCGwtTw&part=snippet&order=time&maxResults=50
2026-03-16 15:32:27,864 genlab_core.engagement.poller WARNING [POLLER] YouTube poll failed for gaming: 403 Client Error: Forbidden for url: https://www.googleapis.com/youtube/v3/commentThreads?allThreadsRelatedToChannelId=UCW20NL2FiCO5F90IuCGwtTw&part=snippet&order=time&maxResults=50
2026-03-16 15:37:28,346 genlab_core.engagement.poller WARNING [POLLER] YouTube poll failed for gaming: 403 Client Error: Forbidden for url: https://www.googleapis.com/youtube/v3/commentThreads?allThreadsRelatedToChannelId=UCW20NL2FiCO5F90IuCGwtTw&part=snippet&order=time&maxResults=50
2026-03-16 19:16:23,146 engagement.poller INFO Engagement poller starting — mode=DISPATCH niche=gaming platform=youtube
2026-03-16 19:16:23,150 engagement.poller INFO Starting YouTube poller for niche=gaming channel=UCW20NL2FiCO5F90IuCGwtTw interval=300s
2026-03-16 19:16:23,626 genlab_core.engagement.poller WARNING [POLLER] YouTube poll failed for gaming: 403 Client Error: Forbidden for url: https://www.googleapis.com/youtube/v3/playlistItems?playlistId=UUW20NL2FiCO5F90IuCGwtTw&part=contentDetails&maxResults=10
2026-03-16 19:21:24,307 genlab_core.engagement.poller WARNING [POLLER] YouTube poll failed for gaming: 403 Client Error: Forbidden for url: https://www.googleapis.com/youtube/v3/playlistItems?playlistId=UUW20NL2FiCO5F90IuCGwtTw&part=contentDetails&maxResults=10
2026-03-16 19:23:59,157 engagement.poller INFO Engagement poller starting — mode=DISPATCH niche=gaming platform=youtube
2026-03-16 19:23:59,161 engagement.poller INFO Starting YouTube poller for niche=gaming channel=UCW20NL2FiCO5F90IuCGwtTw interval=300s
2026-03-16 19:24:02,279 genlab_core.engagement.poller INFO [POLLER] YouTube: fetched 0 comments across 10 videos for gaming
2026-03-16 19:29:04,699 genlab_core.engagement.poller INFO [POLLER] YouTube: fetched 0 comments across 10 videos for gaming
2026-03-16 19:34:07,017 genlab_core.engagement.poller INFO [POLLER] YouTube: fetched 0 comments across 10 videos for gaming
2026-03-16 19:39:09,676 genlab_core.engagement.poller INFO [POLLER] YouTube: fetched 0 comments across 10 videos for gaming
2026-03-16 19:44:12,072 genlab_core.engagement.poller INFO [POLLER] YouTube: fetched 0 comments across 10 videos for gaming
2026-03-16 19:49:14,563 genlab_core.engagement.poller INFO [POLLER] YouTube: fetched 0 comments across 10 videos for gaming
2026-03-16 19:54:24,160 genlab_core.engagement.poller INFO [POLLER] YouTube: fetched 0 comments across 10 videos for gaming
2026-03-16 19:59:27,191 genlab_core.engagement.poller INFO [POLLER] YouTube: fetched 0 comments across 10 videos for gaming
2026-03-16 20:04:29,752 genlab_core.engagement.poller INFO [POLLER] YouTube: fetched 0 comments across 10 videos for gaming
2026-03-16 20:09:29,776 genlab_core.engagement.poller WARNING [POLLER] YouTube poll failed for gaming: HTTPSConnectionPool(host='www.googleapis.com', port=443): Max retries exceeded with url: /youtube/v3/playlistItems?playlistId=UUW20NL2FiCO5F90IuCGwtTw&part=contentDetails&maxResults=10&key=REDACTED (Caused by NameResolutionError("HTTPSConnection(host='www.googleapis.com', port=443): Failed to resolve 'www.googleapis.com' ([Errno 8] nodename nor servname provided, or not known)"))
2026-03-16 20:14:33,377 genlab_core.engagement.poller INFO [POLLER] YouTube: fetched 0 comments across 10 videos for gaming
2026-03-16 20:19:35,531 genlab_core.engagement.poller INFO [POLLER] YouTube: fetched 0 comments across 10 videos for gaming
2026-03-17 09:15:17,032 engagement.poller INFO Engagement poller starting — mode=DISPATCH niche=gaming platform=youtube
2026-03-17 09:15:17,035 engagement.poller INFO Starting YouTube poller for niche=gaming channel=UCW20NL2FiCO5F90IuCGwtTw interval=1800s
2026-03-17 09:15:17,254 genlab_core.engagement.poller WARNING [POLLER] YouTube quota exceeded for gaming — skipping until reset
2026-03-17 09:45:17,421 genlab_core.engagement.poller WARNING [POLLER] YouTube quota exceeded for gaming — skipping until reset
2026-03-17 10:15:18,004 genlab_core.engagement.poller WARNING [POLLER] YouTube quota exceeded for gaming — skipping until reset
