path,depth,file_count,total_bytes,total_loc,newest_mtime,days_stale
.,0,11004,21979532050,1811209,2026-07-24,0
..bfg-report,1,3,93443,0,2026-04-03,111
..bfg-report/2026-04-03,2,3,93443,0,2026-04-03,111
..bfg-report/2026-04-03/21-58-04,3,3,93443,0,2026-04-03,111
.backups,1,16,16369661,0,2026-04-28,86
.github,1,11,44321,878,2026-07-15,8
.github/ISSUE_TEMPLATE,2,3,690,41,2026-04-06,108
.github/workflows,2,4,36713,806,2026-07-15,8
.hypothesis,1,2155,1817859,0,2026-07-23,0
.hypothesis/constants,2,2130,1767248,0,2026-07-23,0
.hypothesis/examples,2,22,466,0,2026-03-25,121
.hypothesis/examples/04e6b3400353b141,3,2,106,0,2026-03-25,121
.hypothesis/examples/308a88fc9d243d2e,3,1,18,0,2026-03-25,121
.hypothesis/examples/64c36e68d37284d3,3,19,342,0,2026-03-25,121
.hypothesis/unicode_data,2,2,43997,0,2026-05-22,63
.hypothesis/unicode_data/15.1.0,3,1,21735,0,2026-05-22,63
.hypothesis/unicode_data/16.0.0,3,1,22262,0,2026-03-25,121
.import_linter_cache,1,4,78605,2,2026-06-17,36
.logs,1,157,53958143,3706,2026-06-16,38
.media,1,88,2315637478,0,2026-04-03,111
.media/ai_creators,2,3,39592179,0,2026-03-17,129
.media/cdn,2,84,2276039151,0,2026-04-03,112
.playwright-mcp,1,760,23488791,185735,2026-07-23,0
.runtime,1,2,93,5,2026-07-23,0
.serena,1,7,21066,284,2026-07-09,14
.serena/cache,2,0,0,0,n/a,-1
.serena/cache/python,3,0,0,0,n/a,-1
.serena/memories,2,3,4865,111,2026-03-13,133
.superpowers,1,4,1924,0,2026-03-20,125
.superpowers/brainstorm,2,4,1924,0,2026-03-20,125
.superpowers/brainstorm/48802-1774018009,3,2,962,0,2026-03-20,125
.superpowers/brainstorm/48970-1774018024,3,2,962,0,2026-03-20,125
.tmp,1,2221,8649097327,56000,2026-07-24,0
.tmp/backups,2,8,4379496,0,2026-06-16,37
.tmp/cache,2,224,2887907,224,2026-07-23,0
.tmp/cache/cuelinks-campaigns,3,1,149,1,2026-07-23,0
.tmp/cache/cuelinks-convert,3,1,109,1,2026-07-23,0
.tmp/cache/earnkaro,3,0,0,0,n/a,-1
.tmp/locks,2,5,29,0,2026-04-29,86
.tmp/logs,2,133,4278967,0,2026-04-29,86
.tmp/logs/anime,3,18,421411,0,2026-03-22,124
.tmp/logs/clutchwire,3,18,829164,0,2026-04-28,86
.tmp/logs/criticalrush,3,19,520961,0,2026-04-29,86
.tmp/logs/framedrift,3,18,428800,0,2026-04-29,86
.tmp/logs/gaming,3,16,542171,0,2026-03-21,124
.tmp/logs/movies,3,13,385321,0,2026-03-21,124
.tmp/logs/splicereel,3,18,519094,0,2026-04-29,86
.tmp/logs/sports,3,13,632045,0,2026-03-21,124
.tmp/prod_handedits,2,3,17803,631,2026-06-15,38
.tmp/rerender,2,16,427948890,0,2026-03-28,118
.tmp/rerender/1cbf9b59-967,3,2,33886758,0,2026-03-27,118
.tmp/rerender/34c82a0f-5c9,3,0,0,0,n/a,-1
.tmp/rerender/34e82683-366,3,6,192996245,0,2026-03-28,118
.tmp/rerender/35c275d3-4d7,3,0,0,0,n/a,-1
.tmp/rerender/372d106f-11c,3,0,0,0,n/a,-1
.tmp/rerender/3936bc15-5c4,3,2,47702044,0,2026-03-27,118
.tmp/rerender/4e3e410a-760,3,0,0,0,n/a,-1
.tmp/rerender/603249f0-7cc,3,0,0,0,n/a,-1
.tmp/rerender/6d8858f5-301,3,0,0,0,n/a,-1
.tmp/rerender/7dcf76db-7b5,3,2,31901914,0,2026-03-27,118
.tmp/rerender/c1fed0df-105,3,2,58895229,0,2026-03-27,118
.tmp/rerender/e2398c05-ccb,3,2,62566700,0,2026-03-27,118
.tmp/rerender/e879d07e-b56,3,0,0,0,n/a,-1
.tmp/runs,2,1714,8042418977,49638,2026-07-24,0
.tmp/runs/ai_creators_20260405_023303,3,13,258118319,183,2026-04-05,110
.tmp/runs/ai_creators_20260406_023002,3,13,207202259,159,2026-04-06,109
.tmp/runs/ai_creators_20260411_023003,3,13,280957592,240,2026-04-11,104
.tmp/runs/ai_creators_20260427_023003,3,12,188437100,195,2026-04-27,88
.tmp/runs/ai_creators_20260428_023005,3,7,51106695,143,2026-04-28,87
.tmp/runs/ai_creators_20260429_023000,3,13,150160415,236,2026-04-29,86
.tmp/runs/ai_creators_20260613_120120,3,1,516,25,2026-06-13,40
.tmp/runs/ai_creators_20260613_120122,3,1,545,27,2026-06-13,40
.tmp/runs/ai_creators_20260613_120123,3,1,577,30,2026-06-13,40
.tmp/runs/ai_creators_20260613_120125,3,1,607,31,2026-06-13,40
.tmp/runs/ai_creators_20260613_120126,3,1,603,31,2026-06-13,40
.tmp/runs/ai_creators_20260613_120128,3,1,653,34,2026-06-13,40
.tmp/runs/ai_creators_20260613_120130,3,1,654,29,2026-06-13,40
.tmp/runs/ai_creators_20260613_120131,3,1,659,34,2026-06-13,40
.tmp/runs/ai_creators_20260613_120133,3,1,581,29,2026-06-13,40
.tmp/runs/ai_creators_20260613_120135,3,1,516,25,2026-06-13,40
.tmp/runs/ai_creators_20260613_120143,3,1,516,25,2026-06-13,40
.tmp/runs/ai_creators_20260613_120214,3,1,516,25,2026-06-13,40
.tmp/runs/ai_creators_20260613_120216,3,1,545,27,2026-06-13,40
.tmp/runs/ai_creators_20260613_120217,3,1,577,30,2026-06-13,40
.tmp/runs/ai_creators_20260613_120219,3,1,607,31,2026-06-13,40
.tmp/runs/ai_creators_20260613_120221,3,1,603,31,2026-06-13,40
.tmp/runs/ai_creators_20260613_120222,3,1,653,34,2026-06-13,40
.tmp/runs/ai_creators_20260613_120224,3,1,654,29,2026-06-13,40
.tmp/runs/ai_creators_20260613_120226,3,1,659,34,2026-06-13,40
.tmp/runs/ai_creators_20260613_120227,3,1,581,29,2026-06-13,40
.tmp/runs/ai_creators_20260613_120229,3,1,516,25,2026-06-13,40
.tmp/runs/ai_creators_20260613_120245,3,1,516,25,2026-06-13,40
.tmp/runs/ai_creators_20260613_120246,3,1,545,27,2026-06-13,40
.tmp/runs/ai_creators_20260613_120248,3,1,577,30,2026-06-13,40
.tmp/runs/ai_creators_20260613_120250,3,1,607,31,2026-06-13,40
.tmp/runs/ai_creators_20260613_120251,3,1,603,31,2026-06-13,40
.tmp/runs/ai_creators_20260613_120253,3,1,653,34,2026-06-13,40
.tmp/runs/ai_creators_20260613_120254,3,1,654,29,2026-06-13,40
.tmp/runs/ai_creators_20260613_120256,3,1,659,34,2026-06-13,40
.tmp/runs/ai_creators_20260613_120258,3,1,581,29,2026-06-13,40
.tmp/runs/ai_creators_20260613_120259,3,1,516,25,2026-06-13,40
.tmp/runs/ai_creators_20260613_132850,3,1,516,25,2026-06-13,40
.tmp/runs/ai_creators_20260613_132852,3,1,545,27,2026-06-13,40
.tmp/runs/ai_creators_20260613_132854,3,1,577,30,2026-06-13,40
.tmp/runs/ai_creators_20260613_132855,3,1,607,31,2026-06-13,40
.tmp/runs/ai_creators_20260613_132857,3,1,603,31,2026-06-13,40
.tmp/runs/ai_creators_20260613_132859,3,1,653,34,2026-06-13,40
.tmp/runs/ai_creators_20260613_132900,3,1,654,29,2026-06-13,40
.tmp/runs/ai_creators_20260613_132902,3,1,659,34,2026-06-13,40
.tmp/runs/ai_creators_20260613_132904,3,1,581,29,2026-06-13,40
.tmp/runs/ai_creators_20260613_132905,3,1,516,25,2026-06-13,40
.tmp/runs/ai_creators_20260613_133137,3,1,516,25,2026-06-13,40
.tmp/runs/ai_creators_20260613_133138,3,1,545,27,2026-06-13,40
.tmp/runs/ai_creators_20260613_133140,3,1,577,30,2026-06-13,40
.tmp/runs/ai_creators_20260613_133142,3,1,607,31,2026-06-13,40
.tmp/runs/ai_creators_20260613_133143,3,1,603,31,2026-06-13,40
.tmp/runs/ai_creators_20260613_133145,3,1,653,34,2026-06-13,40
.tmp/runs/ai_creators_20260613_133147,3,1,654,29,2026-06-13,40
.tmp/runs/ai_creators_20260613_133148,3,1,659,34,2026-06-13,40
.tmp/runs/ai_creators_20260613_133150,3,1,581,29,2026-06-13,40
.tmp/runs/ai_creators_20260613_133152,3,1,516,25,2026-06-13,40
.tmp/runs/ai_creators_20260613_133504,3,1,516,25,2026-06-13,40
.tmp/runs/ai_creators_20260613_133506,3,1,545,27,2026-06-13,40
.tmp/runs/ai_creators_20260613_133508,3,1,577,30,2026-06-13,40
.tmp/runs/ai_creators_20260613_133510,3,1,607,31,2026-06-13,40
.tmp/runs/ai_creators_20260613_133511,3,1,603,31,2026-06-13,40
.tmp/runs/ai_creators_20260613_133513,3,1,653,34,2026-06-13,40
.tmp/runs/ai_creators_20260613_133515,3,1,654,29,2026-06-13,40
.tmp/runs/ai_creators_20260613_133516,3,1,659,34,2026-06-13,40
.tmp/runs/ai_creators_20260613_133518,3,1,581,29,2026-06-13,40
.tmp/runs/ai_creators_20260613_133519,3,1,516,25,2026-06-13,40
.tmp/runs/ai_creators_20260614_122308,3,1,516,25,2026-06-14,39
.tmp/runs/ai_creators_20260614_122310,3,1,545,27,2026-06-14,39
.tmp/runs/ai_creators_20260614_122312,3,1,577,30,2026-06-14,39
.tmp/runs/ai_creators_20260614_122313,3,1,607,31,2026-06-14,39
.tmp/runs/ai_creators_20260614_122315,3,1,603,31,2026-06-14,39
.tmp/runs/ai_creators_20260614_122317,3,1,653,34,2026-06-14,39
.tmp/runs/ai_creators_20260614_122318,3,1,654,29,2026-06-14,39
.tmp/runs/ai_creators_20260614_122320,3,1,659,34,2026-06-14,39
.tmp/runs/ai_creators_20260614_122321,3,1,581,29,2026-06-14,39
.tmp/runs/ai_creators_20260614_122323,3,1,516,25,2026-06-14,39
.tmp/runs/ai_creators_20260614_125257,3,1,516,25,2026-06-14,39
.tmp/runs/ai_creators_20260614_125259,3,1,545,27,2026-06-14,39
.tmp/runs/ai_creators_20260614_125301,3,1,577,30,2026-06-14,39
.tmp/runs/ai_creators_20260614_125303,3,1,607,31,2026-06-14,39
.tmp/runs/ai_creators_20260614_125304,3,1,603,31,2026-06-14,39
.tmp/runs/ai_creators_20260614_125306,3,1,653,34,2026-06-14,39
.tmp/runs/ai_creators_20260614_125308,3,1,654,29,2026-06-14,39
.tmp/runs/ai_creators_20260614_125310,3,1,659,34,2026-06-14,39
.tmp/runs/ai_creators_20260614_125312,3,1,581,29,2026-06-14,39
.tmp/runs/ai_creators_20260614_125313,3,1,516,25,2026-06-14,39
.tmp/runs/ai_creators_20260614_152721,3,1,516,25,2026-06-14,39
.tmp/runs/ai_creators_20260614_152722,3,1,545,27,2026-06-14,39
.tmp/runs/ai_creators_20260614_152724,3,1,577,30,2026-06-14,39
.tmp/runs/ai_creators_20260614_152725,3,1,607,31,2026-06-14,39
.tmp/runs/ai_creators_20260614_152728,3,1,603,31,2026-06-14,39
.tmp/runs/ai_creators_20260614_152729,3,1,653,34,2026-06-14,39
.tmp/runs/ai_creators_20260614_152731,3,1,654,29,2026-06-14,39
.tmp/runs/ai_creators_20260614_152732,3,1,659,34,2026-06-14,39
.tmp/runs/ai_creators_20260614_152734,3,1,581,29,2026-06-14,39
.tmp/runs/ai_creators_20260614_152736,3,1,516,25,2026-06-14,39
.tmp/runs/ai_creators_20260614_153038,3,1,516,25,2026-06-14,39
.tmp/runs/ai_creators_20260614_153040,3,1,545,27,2026-06-14,39
.tmp/runs/ai_creators_20260614_153042,3,1,577,30,2026-06-14,39
.tmp/runs/ai_creators_20260614_153043,3,1,607,31,2026-06-14,39
.tmp/runs/ai_creators_20260614_153045,3,1,603,31,2026-06-14,39
.tmp/runs/ai_creators_20260614_153047,3,1,653,34,2026-06-14,39
.tmp/runs/ai_creators_20260614_153048,3,1,654,29,2026-06-14,39
.tmp/runs/ai_creators_20260614_153050,3,1,659,34,2026-06-14,39
.tmp/runs/ai_creators_20260614_153051,3,1,581,29,2026-06-14,39
.tmp/runs/ai_creators_20260614_153053,3,1,516,25,2026-06-14,39
.tmp/runs/ai_creators_20260614_153753,3,1,516,25,2026-06-14,39
.tmp/runs/ai_creators_20260614_153754,3,1,545,27,2026-06-14,39
.tmp/runs/ai_creators_20260614_153756,3,1,577,30,2026-06-14,39
.tmp/runs/ai_creators_20260614_153758,3,1,607,31,2026-06-14,39
.tmp/runs/ai_creators_20260614_153759,3,1,603,31,2026-06-14,39
.tmp/runs/ai_creators_20260614_153801,3,1,653,34,2026-06-14,39
.tmp/runs/ai_creators_20260614_153803,3,1,654,29,2026-06-14,39
.tmp/runs/ai_creators_20260614_153804,3,1,659,34,2026-06-14,39
.tmp/runs/ai_creators_20260614_153806,3,1,581,29,2026-06-14,39
.tmp/runs/ai_creators_20260614_153808,3,1,516,25,2026-06-14,39
.tmp/runs/ai_creators_20260614_154133,3,1,516,25,2026-06-14,39
.tmp/runs/ai_creators_20260614_154134,3,1,545,27,2026-06-14,39
.tmp/runs/ai_creators_20260614_154136,3,1,577,30,2026-06-14,39
.tmp/runs/ai_creators_20260614_154138,3,1,607,31,2026-06-14,39
.tmp/runs/ai_creators_20260614_154140,3,1,603,31,2026-06-14,39
.tmp/runs/ai_creators_20260614_154141,3,1,653,34,2026-06-14,39
.tmp/runs/ai_creators_20260614_154143,3,1,654,29,2026-06-14,39
.tmp/runs/ai_creators_20260614_154145,3,1,659,34,2026-06-14,39
.tmp/runs/ai_creators_20260614_154147,3,1,581,29,2026-06-14,39
.tmp/runs/ai_creators_20260614_154148,3,1,516,25,2026-06-14,39
.tmp/runs/ai_creators_20260614_163338,3,1,516,25,2026-06-14,39
.tmp/runs/ai_creators_20260614_163339,3,1,545,27,2026-06-14,39
.tmp/runs/ai_creators_20260614_163341,3,1,577,30,2026-06-14,39
.tmp/runs/ai_creators_20260614_163343,3,1,607,31,2026-06-14,39
.tmp/runs/ai_creators_20260614_163345,3,1,603,31,2026-06-14,39
.tmp/runs/ai_creators_20260614_163347,3,1,653,34,2026-06-14,39
.tmp/runs/ai_creators_20260614_163349,3,1,654,29,2026-06-14,39
.tmp/runs/ai_creators_20260614_163351,3,1,659,34,2026-06-14,39
.tmp/runs/ai_creators_20260614_163352,3,1,581,29,2026-06-14,39
.tmp/runs/ai_creators_20260614_163354,3,1,516,25,2026-06-14,39
.tmp/runs/ai_creators_20260614_163745,3,1,516,25,2026-06-14,39
.tmp/runs/ai_creators_20260614_163748,3,1,545,27,2026-06-14,39
.tmp/runs/ai_creators_20260614_163750,3,1,577,30,2026-06-14,39
.tmp/runs/ai_creators_20260614_163751,3,1,607,31,2026-06-14,39
.tmp/runs/ai_creators_20260614_163753,3,1,603,31,2026-06-14,39
.tmp/runs/ai_creators_20260614_163755,3,1,653,34,2026-06-14,39
.tmp/runs/ai_creators_20260614_163756,3,1,654,29,2026-06-14,39
.tmp/runs/ai_creators_20260614_163758,3,1,659,34,2026-06-14,39
.tmp/runs/ai_creators_20260614_163800,3,1,581,29,2026-06-14,39
.tmp/runs/ai_creators_20260614_163802,3,1,516,25,2026-06-14,39
.tmp/runs/ai_creators_20260617_033205,3,1,516,25,2026-06-17,37
.tmp/runs/ai_creators_20260617_033207,3,1,545,27,2026-06-17,37
.tmp/runs/ai_creators_20260617_033209,3,1,577,30,2026-06-17,37
.tmp/runs/ai_creators_20260617_033211,3,1,607,31,2026-06-17,37
.tmp/runs/ai_creators_20260617_033214,3,1,603,31,2026-06-17,37
.tmp/runs/ai_creators_20260617_033215,3,1,653,34,2026-06-17,37
.tmp/runs/ai_creators_20260617_033217,3,1,654,29,2026-06-17,37
.tmp/runs/ai_creators_20260617_033218,3,1,659,34,2026-06-17,37
.tmp/runs/ai_creators_20260617_033220,3,1,581,29,2026-06-17,37
.tmp/runs/ai_creators_20260617_033221,3,1,516,25,2026-06-17,37
.tmp/runs/ai_creators_20260617_033527,3,1,516,25,2026-06-17,37
.tmp/runs/ai_creators_20260617_033529,3,1,545,27,2026-06-17,37
.tmp/runs/ai_creators_20260617_033531,3,1,577,30,2026-06-17,37
.tmp/runs/ai_creators_20260617_033532,3,1,607,31,2026-06-17,37
.tmp/runs/ai_creators_20260617_033534,3,1,603,31,2026-06-17,37
.tmp/runs/ai_creators_20260617_033535,3,1,653,34,2026-06-17,37
.tmp/runs/ai_creators_20260617_033537,3,1,654,29,2026-06-17,37
.tmp/runs/ai_creators_20260617_033538,3,1,659,34,2026-06-17,37
.tmp/runs/ai_creators_20260617_033540,3,1,581,29,2026-06-17,37
.tmp/runs/ai_creators_20260617_033542,3,1,516,25,2026-06-17,37
.tmp/runs/ai_creators_20260617_175655,3,1,516,25,2026-06-17,36
.tmp/runs/ai_creators_20260617_175657,3,1,545,27,2026-06-17,36
.tmp/runs/ai_creators_20260617_175659,3,1,577,30,2026-06-17,36
.tmp/runs/ai_creators_20260617_175701,3,1,607,31,2026-06-17,36
.tmp/runs/ai_creators_20260617_175702,3,1,603,31,2026-06-17,36
.tmp/runs/ai_creators_20260617_175704,3,1,653,34,2026-06-17,36
.tmp/runs/ai_creators_20260617_175706,3,1,654,29,2026-06-17,36
.tmp/runs/ai_creators_20260617_175709,3,1,659,34,2026-06-17,36
.tmp/runs/ai_creators_20260617_175711,3,1,581,29,2026-06-17,36
.tmp/runs/ai_creators_20260617_175713,3,1,516,25,2026-06-17,36
.tmp/runs/ai_creators_20260617_180941,3,1,516,25,2026-06-17,36
.tmp/runs/ai_creators_20260617_180944,3,1,545,27,2026-06-17,36
.tmp/runs/ai_creators_20260617_180945,3,1,577,30,2026-06-17,36
.tmp/runs/ai_creators_20260617_180947,3,1,607,31,2026-06-17,36
.tmp/runs/ai_creators_20260617_180949,3,1,603,31,2026-06-17,36
.tmp/runs/ai_creators_20260617_180951,3,1,653,34,2026-06-17,36
.tmp/runs/ai_creators_20260617_180953,3,1,654,29,2026-06-17,36
.tmp/runs/ai_creators_20260617_180954,3,1,659,34,2026-06-17,36
.tmp/runs/ai_creators_20260617_180956,3,1,581,29,2026-06-17,36
.tmp/runs/ai_creators_20260617_180958,3,1,516,25,2026-06-17,36
.tmp/runs/ai_creators_20260617_181423,3,1,516,25,2026-06-17,36
.tmp/runs/ai_creators_20260617_181425,3,1,545,27,2026-06-17,36
.tmp/runs/ai_creators_20260617_181426,3,1,577,30,2026-06-17,36
.tmp/runs/ai_creators_20260617_181428,3,1,607,31,2026-06-17,36
.tmp/runs/ai_creators_20260617_181430,3,1,603,31,2026-06-17,36
.tmp/runs/ai_creators_20260617_181432,3,1,653,34,2026-06-17,36
.tmp/runs/ai_creators_20260617_181434,3,1,654,29,2026-06-17,36
.tmp/runs/ai_creators_20260617_181435,3,1,659,34,2026-06-17,36
.tmp/runs/ai_creators_20260617_181437,3,1,581,29,2026-06-17,36
.tmp/runs/ai_creators_20260617_181439,3,1,516,25,2026-06-17,36
.tmp/runs/ai_creators_20260618_131751,3,1,516,25,2026-06-18,35
.tmp/runs/ai_creators_20260618_131753,3,1,545,27,2026-06-18,35
.tmp/runs/ai_creators_20260618_131755,3,1,577,30,2026-06-18,35
.tmp/runs/ai_creators_20260618_131757,3,1,607,31,2026-06-18,35
.tmp/runs/ai_creators_20260618_131758,3,1,603,31,2026-06-18,35
.tmp/runs/ai_creators_20260618_131800,3,1,653,34,2026-06-18,35
.tmp/runs/ai_creators_20260618_131802,3,1,654,29,2026-06-18,35
.tmp/runs/ai_creators_20260618_131803,3,1,659,34,2026-06-18,35
.tmp/runs/ai_creators_20260618_131805,3,1,581,29,2026-06-18,35
.tmp/runs/ai_creators_20260618_131807,3,1,516,25,2026-06-18,35
.tmp/runs/ai_creators_20260618_132614,3,1,516,25,2026-06-18,35
.tmp/runs/ai_creators_20260618_132616,3,1,545,27,2026-06-18,35
.tmp/runs/ai_creators_20260618_132617,3,1,577,30,2026-06-18,35
.tmp/runs/ai_creators_20260618_132619,3,1,607,31,2026-06-18,35
.tmp/runs/ai_creators_20260618_132621,3,1,603,31,2026-06-18,35
.tmp/runs/ai_creators_20260618_132623,3,1,653,34,2026-06-18,35
.tmp/runs/ai_creators_20260618_132624,3,1,654,29,2026-06-18,35
.tmp/runs/ai_creators_20260618_132626,3,1,659,34,2026-06-18,35
.tmp/runs/ai_creators_20260618_132628,3,1,581,29,2026-06-18,35
.tmp/runs/ai_creators_20260618_132631,3,1,516,25,2026-06-18,35
.tmp/runs/ai_creators_20260618_153001,3,1,516,25,2026-06-18,35
.tmp/runs/ai_creators_20260618_153003,3,1,545,27,2026-06-18,35
.tmp/runs/ai_creators_20260618_153006,3,1,577,30,2026-06-18,35
.tmp/runs/ai_creators_20260618_153007,3,1,607,31,2026-06-18,35
.tmp/runs/ai_creators_20260618_153010,3,1,603,31,2026-06-18,35
.tmp/runs/ai_creators_20260618_153011,3,1,653,34,2026-06-18,35
.tmp/runs/ai_creators_20260618_153013,3,1,654,29,2026-06-18,35
.tmp/runs/ai_creators_20260618_153015,3,1,659,34,2026-06-18,35
.tmp/runs/ai_creators_20260618_153017,3,1,581,29,2026-06-18,35
.tmp/runs/ai_creators_20260618_153019,3,1,516,25,2026-06-18,35
.tmp/runs/ai_creators_20260618_153443,3,1,516,25,2026-06-18,35
.tmp/runs/ai_creators_20260618_153444,3,1,545,27,2026-06-18,35
.tmp/runs/ai_creators_20260618_153446,3,1,577,30,2026-06-18,35
.tmp/runs/ai_creators_20260618_153448,3,1,607,31,2026-06-18,35
.tmp/runs/ai_creators_20260618_153450,3,1,603,31,2026-06-18,35
.tmp/runs/ai_creators_20260618_153452,3,1,653,34,2026-06-18,35
.tmp/runs/ai_creators_20260618_153454,3,1,654,29,2026-06-18,35
.tmp/runs/ai_creators_20260618_153456,3,1,659,34,2026-06-18,35
.tmp/runs/ai_creators_20260618_153458,3,1,581,29,2026-06-18,35
.tmp/runs/ai_creators_20260618_153500,3,1,516,25,2026-06-18,35
.tmp/runs/ai_creators_20260618_154131,3,1,516,25,2026-06-18,35
.tmp/runs/ai_creators_20260618_154133,3,1,545,27,2026-06-18,35
.tmp/runs/ai_creators_20260618_154135,3,1,577,30,2026-06-18,35
.tmp/runs/ai_creators_20260618_154137,3,1,607,31,2026-06-18,35
.tmp/runs/ai_creators_20260618_154139,3,1,603,31,2026-06-18,35
.tmp/runs/ai_creators_20260618_154141,3,1,653,34,2026-06-18,35
.tmp/runs/ai_creators_20260618_154143,3,1,654,29,2026-06-18,35
.tmp/runs/ai_creators_20260618_154144,3,1,659,34,2026-06-18,35
.tmp/runs/ai_creators_20260618_154146,3,1,581,29,2026-06-18,35
.tmp/runs/ai_creators_20260618_154148,3,1,516,25,2026-06-18,35
.tmp/runs/ai_creators_20260618_154619,3,1,516,25,2026-06-18,35
.tmp/runs/ai_creators_20260618_154621,3,1,545,27,2026-06-18,35
.tmp/runs/ai_creators_20260618_154623,3,1,577,30,2026-06-18,35
.tmp/runs/ai_creators_20260618_154625,3,1,607,31,2026-06-18,35
.tmp/runs/ai_creators_20260618_154627,3,1,603,31,2026-06-18,35
.tmp/runs/ai_creators_20260618_154629,3,1,653,34,2026-06-18,35
.tmp/runs/ai_creators_20260618_154631,3,1,654,29,2026-06-18,35
.tmp/runs/ai_creators_20260618_154633,3,1,659,34,2026-06-18,35
.tmp/runs/ai_creators_20260618_154635,3,1,581,29,2026-06-18,35
.tmp/runs/ai_creators_20260618_154637,3,1,516,25,2026-06-18,35
.tmp/runs/ai_creators_20260618_155206,3,1,516,25,2026-06-18,35
.tmp/runs/ai_creators_20260618_155208,3,1,545,27,2026-06-18,35
.tmp/runs/ai_creators_20260618_155209,3,1,577,30,2026-06-18,35
.tmp/runs/ai_creators_20260618_155211,3,1,607,31,2026-06-18,35
.tmp/runs/ai_creators_20260618_155213,3,1,603,31,2026-06-18,35
.tmp/runs/ai_creators_20260618_155215,3,1,653,34,2026-06-18,35
.tmp/runs/ai_creators_20260618_155217,3,1,654,29,2026-06-18,35
.tmp/runs/ai_creators_20260618_155218,3,1,659,34,2026-06-18,35
.tmp/runs/ai_creators_20260618_155220,3,1,581,29,2026-06-18,35
.tmp/runs/ai_creators_20260618_155222,3,1,516,25,2026-06-18,35
.tmp/runs/ai_creators_20260618_155642,3,1,516,25,2026-06-18,35
.tmp/runs/ai_creators_20260618_155644,3,1,545,27,2026-06-18,35
.tmp/runs/ai_creators_20260618_155646,3,1,577,30,2026-06-18,35
.tmp/runs/ai_creators_20260618_155648,3,1,607,31,2026-06-18,35
.tmp/runs/ai_creators_20260618_155650,3,1,603,31,2026-06-18,35
.tmp/runs/ai_creators_20260618_155652,3,1,653,34,2026-06-18,35
.tmp/runs/ai_creators_20260618_155654,3,1,654,29,2026-06-18,35
.tmp/runs/ai_creators_20260618_155656,3,1,659,34,2026-06-18,35
.tmp/runs/ai_creators_20260618_155658,3,1,581,29,2026-06-18,35
.tmp/runs/ai_creators_20260618_155700,3,1,516,25,2026-06-18,35
.tmp/runs/ai_creators_20260618_160155,3,1,516,25,2026-06-18,35
.tmp/runs/ai_creators_20260618_160156,3,1,545,27,2026-06-18,35
.tmp/runs/ai_creators_20260618_160158,3,1,577,30,2026-06-18,35
.tmp/runs/ai_creators_20260618_160200,3,1,607,31,2026-06-18,35
.tmp/runs/ai_creators_20260618_160203,3,1,603,31,2026-06-18,35
.tmp/runs/ai_creators_20260618_160206,3,1,653,34,2026-06-18,35
.tmp/runs/ai_creators_20260618_160208,3,1,654,29,2026-06-18,35
.tmp/runs/ai_creators_20260618_160211,3,1,659,34,2026-06-18,35
.tmp/runs/ai_creators_20260618_160214,3,1,581,29,2026-06-18,35
.tmp/runs/ai_creators_20260618_160215,3,1,516,25,2026-06-18,35
.tmp/runs/ai_creators_20260618_160659,3,1,516,25,2026-06-18,35
.tmp/runs/ai_creators_20260618_160701,3,1,545,27,2026-06-18,35
.tmp/runs/ai_creators_20260618_160703,3,1,577,30,2026-06-18,35
.tmp/runs/ai_creators_20260618_160705,3,1,607,31,2026-06-18,35
.tmp/runs/ai_creators_20260618_160707,3,1,603,31,2026-06-18,35
.tmp/runs/ai_creators_20260618_160711,3,1,653,34,2026-06-18,35
.tmp/runs/ai_creators_20260618_160713,3,1,654,29,2026-06-18,35
.tmp/runs/ai_creators_20260618_160716,3,1,659,34,2026-06-18,35
.tmp/runs/ai_creators_20260618_160718,3,1,581,29,2026-06-18,35
.tmp/runs/ai_creators_20260618_160719,3,1,516,25,2026-06-18,35
.tmp/runs/ai_creators_20260618_180320,3,1,516,25,2026-06-18,35
.tmp/runs/ai_creators_20260618_180322,3,1,545,27,2026-06-18,35
.tmp/runs/ai_creators_20260618_180324,3,1,577,30,2026-06-18,35
.tmp/runs/ai_creators_20260618_180326,3,1,607,31,2026-06-18,35
.tmp/runs/ai_creators_20260618_180327,3,1,603,31,2026-06-18,35
.tmp/runs/ai_creators_20260618_180330,3,1,653,34,2026-06-18,35
.tmp/runs/ai_creators_20260618_180332,3,1,654,29,2026-06-18,35
.tmp/runs/ai_creators_20260618_180334,3,1,659,34,2026-06-18,35
.tmp/runs/ai_creators_20260618_180335,3,1,581,29,2026-06-18,35
.tmp/runs/ai_creators_20260618_180337,3,1,516,25,2026-06-18,35
.tmp/runs/ai_creators_20260618_180801,3,1,516,25,2026-06-18,35
.tmp/runs/ai_creators_20260618_180803,3,1,545,27,2026-06-18,35
.tmp/runs/ai_creators_20260618_180806,3,1,577,30,2026-06-18,35
.tmp/runs/ai_creators_20260618_180808,3,1,607,31,2026-06-18,35
.tmp/runs/ai_creators_20260618_180810,3,1,603,31,2026-06-18,35
.tmp/runs/ai_creators_20260618_180812,3,1,653,34,2026-06-18,35
.tmp/runs/ai_creators_20260618_180814,3,1,654,29,2026-06-18,35
.tmp/runs/ai_creators_20260618_180817,3,1,659,34,2026-06-18,35
.tmp/runs/ai_creators_20260618_180819,3,1,581,29,2026-06-18,35
.tmp/runs/ai_creators_20260618_180821,3,1,516,25,2026-06-18,35
.tmp/runs/ai_creators_20260618_181321,3,1,516,25,2026-06-18,35
.tmp/runs/ai_creators_20260618_181323,3,1,545,27,2026-06-18,35
.tmp/runs/ai_creators_20260618_181325,3,1,577,30,2026-06-18,35
.tmp/runs/ai_creators_20260618_181327,3,1,607,31,2026-06-18,35
.tmp/runs/ai_creators_20260618_181328,3,1,603,31,2026-06-18,35
.tmp/runs/ai_creators_20260618_181330,3,1,653,34,2026-06-18,35
.tmp/runs/ai_creators_20260618_181332,3,1,654,29,2026-06-18,35
.tmp/runs/ai_creators_20260618_181334,3,1,659,34,2026-06-18,35
.tmp/runs/ai_creators_20260618_181335,3,1,581,29,2026-06-18,35
.tmp/runs/ai_creators_20260618_181337,3,1,516,25,2026-06-18,35
.tmp/runs/ai_creators_20260618_201831,3,1,516,25,2026-06-18,35
.tmp/runs/ai_creators_20260618_201833,3,1,545,27,2026-06-18,35
.tmp/runs/ai_creators_20260618_201835,3,1,577,30,2026-06-18,35
.tmp/runs/ai_creators_20260618_201837,3,1,607,31,2026-06-18,35
.tmp/runs/ai_creators_20260618_201839,3,1,603,31,2026-06-18,35
.tmp/runs/ai_creators_20260618_201841,3,1,653,34,2026-06-18,35
.tmp/runs/ai_creators_20260618_201843,3,1,654,29,2026-06-18,35
.tmp/runs/ai_creators_20260618_201845,3,1,659,34,2026-06-18,35
.tmp/runs/ai_creators_20260618_201846,3,1,581,29,2026-06-18,35
.tmp/runs/ai_creators_20260618_201848,3,1,516,25,2026-06-18,35
.tmp/runs/ai_creators_20260619_024402,3,1,516,25,2026-06-19,35
.tmp/runs/ai_creators_20260619_024403,3,1,545,27,2026-06-19,35
.tmp/runs/ai_creators_20260619_024405,3,1,577,30,2026-06-19,35
.tmp/runs/ai_creators_20260619_024407,3,1,607,31,2026-06-19,35
.tmp/runs/ai_creators_20260619_024409,3,1,603,31,2026-06-19,35
.tmp/runs/ai_creators_20260619_024411,3,1,653,34,2026-06-19,35
.tmp/runs/ai_creators_20260619_024413,3,1,654,29,2026-06-19,35
.tmp/runs/ai_creators_20260619_024416,3,1,659,34,2026-06-19,35
.tmp/runs/ai_creators_20260619_024418,3,1,581,29,2026-06-19,35
.tmp/runs/ai_creators_20260619_024420,3,1,516,25,2026-06-19,35
.tmp/runs/ai_creators_20260619_024544,3,1,516,25,2026-06-19,35
.tmp/runs/ai_creators_20260619_024546,3,1,545,27,2026-06-19,35
.tmp/runs/ai_creators_20260619_024548,3,1,577,30,2026-06-19,35
.tmp/runs/ai_creators_20260619_024550,3,1,607,31,2026-06-19,35
.tmp/runs/ai_creators_20260619_024552,3,1,603,31,2026-06-19,35
.tmp/runs/ai_creators_20260619_024554,3,1,653,34,2026-06-19,35
.tmp/runs/ai_creators_20260619_024556,3,1,654,29,2026-06-19,35
.tmp/runs/ai_creators_20260619_024558,3,1,659,34,2026-06-19,35
.tmp/runs/ai_creators_20260619_024600,3,1,581,29,2026-06-19,35
.tmp/runs/ai_creators_20260619_024602,3,1,516,25,2026-06-19,35
.tmp/runs/ai_creators_20260619_025042,3,1,516,25,2026-06-19,35
.tmp/runs/ai_creators_20260619_025044,3,1,545,27,2026-06-19,35
.tmp/runs/ai_creators_20260619_025046,3,1,577,30,2026-06-19,35
.tmp/runs/ai_creators_20260619_025049,3,1,607,31,2026-06-19,35
.tmp/runs/ai_creators_20260619_025050,3,1,603,31,2026-06-19,35
.tmp/runs/ai_creators_20260619_025052,3,1,653,34,2026-06-19,35
.tmp/runs/ai_creators_20260619_025054,3,1,654,29,2026-06-19,35
.tmp/runs/ai_creators_20260619_025056,3,1,659,34,2026-06-19,35
.tmp/runs/ai_creators_20260619_025058,3,1,581,29,2026-06-19,35
.tmp/runs/ai_creators_20260619_025100,3,1,516,25,2026-06-19,35
.tmp/runs/ai_creators_20260619_031049,3,1,516,25,2026-06-19,35
.tmp/runs/ai_creators_20260619_031051,3,1,545,27,2026-06-19,35
.tmp/runs/ai_creators_20260619_031054,3,1,577,30,2026-06-19,35
.tmp/runs/ai_creators_20260619_031056,3,1,607,31,2026-06-19,35
.tmp/runs/ai_creators_20260619_031058,3,1,603,31,2026-06-19,35
.tmp/runs/ai_creators_20260619_031100,3,1,653,34,2026-06-19,35
.tmp/runs/ai_creators_20260619_031102,3,1,654,29,2026-06-19,35
.tmp/runs/ai_creators_20260619_031104,3,1,659,34,2026-06-19,35
.tmp/runs/ai_creators_20260619_031107,3,1,581,29,2026-06-19,35
.tmp/runs/ai_creators_20260619_031109,3,1,516,25,2026-06-19,35
.tmp/runs/ai_creators_20260619_031955,3,1,516,25,2026-06-19,35
.tmp/runs/ai_creators_20260619_031956,3,1,545,27,2026-06-19,35
.tmp/runs/ai_creators_20260619_031959,3,1,577,30,2026-06-19,35
.tmp/runs/ai_creators_20260619_032001,3,1,607,31,2026-06-19,35
.tmp/runs/ai_creators_20260619_032003,3,1,603,31,2026-06-19,35
.tmp/runs/ai_creators_20260619_032005,3,1,653,34,2026-06-19,35
.tmp/runs/ai_creators_20260619_032007,3,1,654,29,2026-06-19,35
.tmp/runs/ai_creators_20260619_032010,3,1,659,34,2026-06-19,35
.tmp/runs/ai_creators_20260619_032012,3,1,581,29,2026-06-19,35
.tmp/runs/ai_creators_20260619_032014,3,1,516,25,2026-06-19,35
.tmp/runs/ai_creators_20260619_032603,3,1,516,25,2026-06-19,35
.tmp/runs/ai_creators_20260619_032605,3,1,545,27,2026-06-19,35
.tmp/runs/ai_creators_20260619_032607,3,1,577,30,2026-06-19,35
.tmp/runs/ai_creators_20260619_032609,3,1,607,31,2026-06-19,35
.tmp/runs/ai_creators_20260619_032610,3,1,603,31,2026-06-19,35
.tmp/runs/ai_creators_20260619_032613,3,1,653,34,2026-06-19,35
.tmp/runs/ai_creators_20260619_032615,3,1,654,29,2026-06-19,35
.tmp/runs/ai_creators_20260619_032618,3,1,659,34,2026-06-19,35
.tmp/runs/ai_creators_20260619_032620,3,1,581,29,2026-06-19,35
.tmp/runs/ai_creators_20260619_032622,3,1,516,25,2026-06-19,35
.tmp/runs/ai_creators_20260619_033822,3,1,516,25,2026-06-19,35
.tmp/runs/ai_creators_20260619_033825,3,1,545,27,2026-06-19,35
.tmp/runs/ai_creators_20260619_033827,3,1,577,30,2026-06-19,35
.tmp/runs/ai_creators_20260619_033830,3,1,607,31,2026-06-19,35
.tmp/runs/ai_creators_20260619_033833,3,1,603,31,2026-06-19,35
.tmp/runs/ai_creators_20260619_033835,3,1,653,34,2026-06-19,35
.tmp/runs/ai_creators_20260619_033837,3,1,654,29,2026-06-19,35
.tmp/runs/ai_creators_20260619_033839,3,1,659,34,2026-06-19,35
.tmp/runs/ai_creators_20260619_033841,3,1,581,29,2026-06-19,35
.tmp/runs/ai_creators_20260619_033843,3,1,516,25,2026-06-19,35
.tmp/runs/ai_creators_20260619_122002,3,1,516,25,2026-06-19,34
.tmp/runs/ai_creators_20260619_122004,3,1,545,27,2026-06-19,34
.tmp/runs/ai_creators_20260619_122005,3,1,577,30,2026-06-19,34
.tmp/runs/ai_creators_20260619_122007,3,1,607,31,2026-06-19,34
.tmp/runs/ai_creators_20260619_122009,3,1,603,31,2026-06-19,34
.tmp/runs/ai_creators_20260619_122011,3,1,653,34,2026-06-19,34
.tmp/runs/ai_creators_20260619_122013,3,1,654,29,2026-06-19,34
.tmp/runs/ai_creators_20260619_122015,3,1,659,34,2026-06-19,34
.tmp/runs/ai_creators_20260619_122017,3,1,581,29,2026-06-19,34
.tmp/runs/ai_creators_20260619_122019,3,1,516,25,2026-06-19,34
.tmp/runs/ai_creators_20260619_122201,3,1,516,25,2026-06-19,34
.tmp/runs/ai_creators_20260619_122203,3,1,545,27,2026-06-19,34
.tmp/runs/ai_creators_20260619_122205,3,1,577,30,2026-06-19,34
.tmp/runs/ai_creators_20260619_122206,3,1,607,31,2026-06-19,34
.tmp/runs/ai_creators_20260619_122208,3,1,603,31,2026-06-19,34
.tmp/runs/ai_creators_20260619_122210,3,1,653,34,2026-06-19,34
.tmp/runs/ai_creators_20260619_122212,3,1,654,29,2026-06-19,34
.tmp/runs/ai_creators_20260619_122215,3,1,659,34,2026-06-19,34
.tmp/runs/ai_creators_20260619_122217,3,1,581,29,2026-06-19,34
.tmp/runs/ai_creators_20260619_122219,3,1,516,25,2026-06-19,34
.tmp/runs/ai_creators_20260619_122813,3,1,516,25,2026-06-19,34
.tmp/runs/ai_creators_20260619_122814,3,1,545,27,2026-06-19,34
.tmp/runs/ai_creators_20260619_122816,3,1,577,30,2026-06-19,34
.tmp/runs/ai_creators_20260619_122818,3,1,607,31,2026-06-19,34
.tmp/runs/ai_creators_20260619_122820,3,1,603,31,2026-06-19,34
.tmp/runs/ai_creators_20260619_122822,3,1,653,34,2026-06-19,34
.tmp/runs/ai_creators_20260619_122824,3,1,654,29,2026-06-19,34
.tmp/runs/ai_creators_20260619_122826,3,1,659,34,2026-06-19,34
.tmp/runs/ai_creators_20260619_122828,3,1,581,29,2026-06-19,34
.tmp/runs/ai_creators_20260619_122830,3,1,516,25,2026-06-19,34
.tmp/runs/ai_creators_20260619_125319,3,1,516,25,2026-06-19,34
.tmp/runs/ai_creators_20260619_125321,3,1,545,27,2026-06-19,34
.tmp/runs/ai_creators_20260619_125323,3,1,577,30,2026-06-19,34
.tmp/runs/ai_creators_20260619_125325,3,1,607,31,2026-06-19,34
.tmp/runs/ai_creators_20260619_125327,3,1,603,31,2026-06-19,34
.tmp/runs/ai_creators_20260619_125329,3,1,653,34,2026-06-19,34
.tmp/runs/ai_creators_20260619_125330,3,1,654,29,2026-06-19,34
.tmp/runs/ai_creators_20260619_125332,3,1,659,34,2026-06-19,34
.tmp/runs/ai_creators_20260619_125334,3,1,581,29,2026-06-19,34
.tmp/runs/ai_creators_20260619_125336,3,1,516,25,2026-06-19,34
.tmp/runs/ai_creators_20260619_125522,3,1,516,25,2026-06-19,34
.tmp/runs/ai_creators_20260619_125524,3,1,545,27,2026-06-19,34
.tmp/runs/ai_creators_20260619_125526,3,1,577,30,2026-06-19,34
.tmp/runs/ai_creators_20260619_125528,3,1,607,31,2026-06-19,34
.tmp/runs/ai_creators_20260619_125530,3,1,603,31,2026-06-19,34
.tmp/runs/ai_creators_20260619_125533,3,1,653,34,2026-06-19,34
.tmp/runs/ai_creators_20260619_125535,3,1,654,29,2026-06-19,34
.tmp/runs/ai_creators_20260619_125538,3,1,659,34,2026-06-19,34
.tmp/runs/ai_creators_20260619_125539,3,1,581,29,2026-06-19,34
.tmp/runs/ai_creators_20260619_125541,3,1,516,25,2026-06-19,34
.tmp/runs/ai_creators_20260619_132000,3,1,516,25,2026-06-19,34
.tmp/runs/ai_creators_20260619_132002,3,1,545,27,2026-06-19,34
.tmp/runs/ai_creators_20260619_132004,3,1,577,30,2026-06-19,34
.tmp/runs/ai_creators_20260619_132005,3,1,607,31,2026-06-19,34
.tmp/runs/ai_creators_20260619_132007,3,1,603,31,2026-06-19,34
.tmp/runs/ai_creators_20260619_132009,3,1,653,34,2026-06-19,34
.tmp/runs/ai_creators_20260619_132010,3,1,654,29,2026-06-19,34
.tmp/runs/ai_creators_20260619_132012,3,1,659,34,2026-06-19,34
.tmp/runs/ai_creators_20260619_132014,3,1,581,29,2026-06-19,34
.tmp/runs/ai_creators_20260619_132016,3,1,516,25,2026-06-19,34
.tmp/runs/ai_creators_20260619_132343,3,1,516,25,2026-06-19,34
.tmp/runs/ai_creators_20260619_132345,3,1,545,27,2026-06-19,34
.tmp/runs/ai_creators_20260619_132346,3,1,577,30,2026-06-19,34
.tmp/runs/ai_creators_20260619_132348,3,1,607,31,2026-06-19,34
.tmp/runs/ai_creators_20260619_132350,3,1,603,31,2026-06-19,34
.tmp/runs/ai_creators_20260619_132352,3,1,653,34,2026-06-19,34
.tmp/runs/ai_creators_20260619_132354,3,1,654,29,2026-06-19,34
.tmp/runs/ai_creators_20260619_132356,3,1,659,34,2026-06-19,34
.tmp/runs/ai_creators_20260619_132358,3,1,581,29,2026-06-19,34
.tmp/runs/ai_creators_20260619_132400,3,1,516,25,2026-06-19,34
.tmp/runs/ai_creators_20260619_140156,3,1,516,25,2026-06-19,34
.tmp/runs/ai_creators_20260619_140158,3,1,545,27,2026-06-19,34
.tmp/runs/ai_creators_20260619_140200,3,1,577,30,2026-06-19,34
.tmp/runs/ai_creators_20260619_140202,3,1,607,31,2026-06-19,34
.tmp/runs/ai_creators_20260619_140204,3,1,603,31,2026-06-19,34
.tmp/runs/ai_creators_20260619_140206,3,1,653,34,2026-06-19,34
.tmp/runs/ai_creators_20260619_140208,3,1,654,29,2026-06-19,34
.tmp/runs/ai_creators_20260619_140210,3,1,659,34,2026-06-19,34
.tmp/runs/ai_creators_20260619_140212,3,1,581,29,2026-06-19,34
.tmp/runs/ai_creators_20260619_140215,3,1,516,25,2026-06-19,34
.tmp/runs/ai_creators_20260619_144955,3,1,516,25,2026-06-19,34
.tmp/runs/ai_creators_20260619_144957,3,1,545,27,2026-06-19,34
.tmp/runs/ai_creators_20260619_144958,3,1,577,30,2026-06-19,34
.tmp/runs/ai_creators_20260619_145001,3,1,607,31,2026-06-19,34
.tmp/runs/ai_creators_20260619_145003,3,1,603,31,2026-06-19,34
.tmp/runs/ai_creators_20260619_145005,3,1,653,34,2026-06-19,34
.tmp/runs/ai_creators_20260619_145007,3,1,654,29,2026-06-19,34
.tmp/runs/ai_creators_20260619_145008,3,1,659,34,2026-06-19,34
.tmp/runs/ai_creators_20260619_145010,3,1,581,29,2026-06-19,34
.tmp/runs/ai_creators_20260619_145012,3,1,516,25,2026-06-19,34
.tmp/runs/ai_creators_20260620_020711,3,1,516,25,2026-06-20,34
.tmp/runs/ai_creators_20260620_020713,3,1,545,27,2026-06-20,34
.tmp/runs/ai_creators_20260620_020716,3,1,577,30,2026-06-20,34
.tmp/runs/ai_creators_20260620_020717,3,1,607,31,2026-06-20,34
.tmp/runs/ai_creators_20260620_020719,3,1,603,31,2026-06-20,34
.tmp/runs/ai_creators_20260620_020721,3,1,653,34,2026-06-20,34
.tmp/runs/ai_creators_20260620_020723,3,1,654,29,2026-06-20,34
.tmp/runs/ai_creators_20260620_020725,3,1,659,34,2026-06-20,34
.tmp/runs/ai_creators_20260620_020726,3,1,581,29,2026-06-20,34
.tmp/runs/ai_creators_20260620_020728,3,1,516,25,2026-06-20,34
.tmp/runs/ai_creators_20260620_151411,3,1,516,25,2026-06-20,33
.tmp/runs/ai_creators_20260620_151412,3,1,545,27,2026-06-20,33
.tmp/runs/ai_creators_20260620_151414,3,1,577,30,2026-06-20,33
.tmp/runs/ai_creators_20260620_151416,3,1,607,31,2026-06-20,33
.tmp/runs/ai_creators_20260620_151418,3,1,603,31,2026-06-20,33
.tmp/runs/ai_creators_20260620_151421,3,1,653,34,2026-06-20,33
.tmp/runs/ai_creators_20260620_151423,3,1,654,29,2026-06-20,33
.tmp/runs/ai_creators_20260620_151425,3,1,659,34,2026-06-20,33
.tmp/runs/ai_creators_20260620_151427,3,1,581,29,2026-06-20,33
.tmp/runs/ai_creators_20260620_151430,3,1,516,25,2026-06-20,33
.tmp/runs/ai_creators_20260620_183048,3,1,710,27,2026-06-20,33
.tmp/runs/ai_creators_20260620_183106,3,1,585,27,2026-06-20,33
.tmp/runs/ai_creators_20260620_183124,3,1,585,27,2026-06-20,33
.tmp/runs/ai_creators_20260621_132544,3,1,516,25,2026-06-21,32
.tmp/runs/ai_creators_20260621_132545,3,1,545,27,2026-06-21,32
.tmp/runs/ai_creators_20260621_132547,3,1,577,30,2026-06-21,32
.tmp/runs/ai_creators_20260621_132549,3,1,607,31,2026-06-21,32
.tmp/runs/ai_creators_20260621_132551,3,1,603,31,2026-06-21,32
.tmp/runs/ai_creators_20260621_132553,3,1,653,34,2026-06-21,32
.tmp/runs/ai_creators_20260621_132554,3,1,654,29,2026-06-21,32
.tmp/runs/ai_creators_20260621_132556,3,1,659,34,2026-06-21,32
.tmp/runs/ai_creators_20260621_132558,3,1,581,29,2026-06-21,32
.tmp/runs/ai_creators_20260621_132600,3,1,516,25,2026-06-21,32
.tmp/runs/ai_creators_20260621_132601,3,1,625,27,2026-06-21,32
.tmp/runs/ai_creators_20260621_132603,3,1,689,27,2026-06-21,32
.tmp/runs/ai_creators_20260621_132605,3,1,689,27,2026-06-21,32
.tmp/runs/ai_creators_20260621_132607,3,1,689,27,2026-06-21,32
.tmp/runs/ai_creators_20260621_132609,3,1,585,27,2026-06-21,32
.tmp/runs/ai_creators_20260621_132623,3,1,516,25,2026-06-21,32
.tmp/runs/ai_creators_20260621_132625,3,1,545,27,2026-06-21,32
.tmp/runs/ai_creators_20260621_132627,3,1,577,30,2026-06-21,32
.tmp/runs/ai_creators_20260621_132628,3,1,607,31,2026-06-21,32
.tmp/runs/ai_creators_20260621_132630,3,1,603,31,2026-06-21,32
.tmp/runs/ai_creators_20260621_132632,3,1,653,34,2026-06-21,32
.tmp/runs/ai_creators_20260621_132634,3,1,654,29,2026-06-21,32
.tmp/runs/ai_creators_20260621_132636,3,1,659,34,2026-06-21,32
.tmp/runs/ai_creators_20260621_132637,3,1,581,29,2026-06-21,32
.tmp/runs/ai_creators_20260621_132639,3,1,516,25,2026-06-21,32
.tmp/runs/ai_creators_20260621_132641,3,1,625,27,2026-06-21,32
.tmp/runs/ai_creators_20260621_132643,3,1,689,27,2026-06-21,32
.tmp/runs/ai_creators_20260621_132645,3,1,689,27,2026-06-21,32
.tmp/runs/ai_creators_20260621_132647,3,1,689,27,2026-06-21,32
.tmp/runs/ai_creators_20260621_132649,3,1,585,27,2026-06-21,32
.tmp/runs/ai_creators_20260622_112448,3,1,689,27,2026-06-22,31
.tmp/runs/ai_creators_20260622_112450,3,1,689,27,2026-06-22,31
.tmp/runs/ai_creators_20260622_112452,3,1,689,27,2026-06-22,31
.tmp/runs/ai_creators_20260622_112454,3,1,585,27,2026-06-22,31
.tmp/runs/ai_creators_20260622_175209,3,1,603,31,2026-06-22,31
.tmp/runs/ai_creators_20260623_131354,3,1,689,27,2026-06-23,30
.tmp/runs/ai_creators_20260623_131356,3,1,689,27,2026-06-23,30
.tmp/runs/ai_creators_20260623_151956,3,1,516,25,2026-06-23,30
.tmp/runs/ai_creators_20260623_151957,3,1,545,27,2026-06-23,30
.tmp/runs/ai_creators_20260623_151959,3,1,577,30,2026-06-23,30
.tmp/runs/ai_creators_20260623_152002,3,1,607,31,2026-06-23,30
.tmp/runs/ai_creators_20260623_152004,3,1,603,31,2026-06-23,30
.tmp/runs/ai_creators_20260623_152006,3,1,653,34,2026-06-23,30
.tmp/runs/ai_creators_20260623_152008,3,1,654,29,2026-06-23,30
.tmp/runs/ai_creators_20260623_152010,3,1,659,34,2026-06-23,30
.tmp/runs/ai_creators_20260623_152011,3,1,581,29,2026-06-23,30
.tmp/runs/ai_creators_20260623_152013,3,1,516,25,2026-06-23,30
.tmp/runs/ai_creators_20260623_152015,3,1,625,27,2026-06-23,30
.tmp/runs/ai_creators_20260623_152017,3,1,689,27,2026-06-23,30
.tmp/runs/ai_creators_20260623_152018,3,1,689,27,2026-06-23,30
.tmp/runs/ai_creators_20260623_152020,3,1,689,27,2026-06-23,30
.tmp/runs/ai_creators_20260623_152022,3,1,585,27,2026-06-23,30
.tmp/runs/ai_creators_20260623_154321,3,1,516,25,2026-06-23,30
.tmp/runs/ai_creators_20260623_154322,3,1,545,27,2026-06-23,30
.tmp/runs/ai_creators_20260623_154324,3,1,577,30,2026-06-23,30
.tmp/runs/ai_creators_20260623_154326,3,1,607,31,2026-06-23,30
.tmp/runs/ai_creators_20260623_154328,3,1,603,31,2026-06-23,30
.tmp/runs/ai_creators_20260623_154329,3,1,653,34,2026-06-23,30
.tmp/runs/ai_creators_20260623_154331,3,1,654,29,2026-06-23,30
.tmp/runs/ai_creators_20260623_154333,3,1,659,34,2026-06-23,30
.tmp/runs/ai_creators_20260623_154335,3,1,581,29,2026-06-23,30
.tmp/runs/ai_creators_20260623_154337,3,1,516,25,2026-06-23,30
.tmp/runs/ai_creators_20260623_154339,3,1,625,27,2026-06-23,30
.tmp/runs/ai_creators_20260623_154341,3,1,689,27,2026-06-23,30
.tmp/runs/ai_creators_20260623_154342,3,1,689,27,2026-06-23,30
.tmp/runs/ai_creators_20260623_154344,3,1,689,27,2026-06-23,30
.tmp/runs/ai_creators_20260623_154346,3,1,585,27,2026-06-23,30
.tmp/runs/ai_creators_20260623_154544,3,1,516,25,2026-06-23,30
.tmp/runs/ai_creators_20260623_154546,3,1,545,27,2026-06-23,30
.tmp/runs/ai_creators_20260623_154548,3,1,577,30,2026-06-23,30
.tmp/runs/ai_creators_20260623_154549,3,1,607,31,2026-06-23,30
.tmp/runs/ai_creators_20260623_154551,3,1,603,31,2026-06-23,30
.tmp/runs/ai_creators_20260623_154554,3,1,653,34,2026-06-23,30
.tmp/runs/ai_creators_20260623_154556,3,1,654,29,2026-06-23,30
.tmp/runs/ai_creators_20260623_154558,3,1,659,34,2026-06-23,30
.tmp/runs/ai_creators_20260623_154600,3,1,581,29,2026-06-23,30
.tmp/runs/ai_creators_20260623_154602,3,1,516,25,2026-06-23,30
.tmp/runs/ai_creators_20260623_154604,3,1,625,27,2026-06-23,30
.tmp/runs/ai_creators_20260623_154606,3,1,689,27,2026-06-23,30
.tmp/runs/ai_creators_20260623_154608,3,1,689,27,2026-06-23,30
.tmp/runs/ai_creators_20260623_154609,3,1,689,27,2026-06-23,30
.tmp/runs/ai_creators_20260623_154612,3,1,585,27,2026-06-23,30
.tmp/runs/ai_creators_20260623_154801,3,1,516,25,2026-06-23,30
.tmp/runs/ai_creators_20260623_154803,3,1,545,27,2026-06-23,30
.tmp/runs/ai_creators_20260623_154804,3,1,577,30,2026-06-23,30
.tmp/runs/ai_creators_20260623_154806,3,1,607,31,2026-06-23,30
.tmp/runs/ai_creators_20260623_154808,3,1,603,31,2026-06-23,30
.tmp/runs/ai_creators_20260623_154810,3,1,653,34,2026-06-23,30
.tmp/runs/ai_creators_20260623_154811,3,1,654,29,2026-06-23,30
.tmp/runs/ai_creators_20260623_154814,3,1,659,34,2026-06-23,30
.tmp/runs/ai_creators_20260623_154816,3,1,581,29,2026-06-23,30
.tmp/runs/ai_creators_20260623_154819,3,1,516,25,2026-06-23,30
.tmp/runs/ai_creators_20260623_154821,3,1,625,27,2026-06-23,30
.tmp/runs/ai_creators_20260623_154823,3,1,689,27,2026-06-23,30
.tmp/runs/ai_creators_20260623_154825,3,1,689,27,2026-06-23,30
.tmp/runs/ai_creators_20260623_154827,3,1,689,27,2026-06-23,30
.tmp/runs/ai_creators_20260623_154828,3,1,585,27,2026-06-23,30
.tmp/runs/ai_creators_20260623_163228,3,1,516,25,2026-06-23,30
.tmp/runs/ai_creators_20260623_163229,3,1,545,27,2026-06-23,30
.tmp/runs/ai_creators_20260623_163231,3,1,577,30,2026-06-23,30
.tmp/runs/ai_creators_20260623_163233,3,1,607,31,2026-06-23,30
.tmp/runs/ai_creators_20260623_163235,3,1,603,31,2026-06-23,30
.tmp/runs/ai_creators_20260623_163237,3,1,653,34,2026-06-23,30
.tmp/runs/ai_creators_20260623_163239,3,1,654,29,2026-06-23,30
.tmp/runs/ai_creators_20260623_163241,3,1,659,34,2026-06-23,30
.tmp/runs/ai_creators_20260623_163243,3,1,581,29,2026-06-23,30
.tmp/runs/ai_creators_20260623_163245,3,1,516,25,2026-06-23,30
.tmp/runs/ai_creators_20260623_163246,3,1,625,27,2026-06-23,30
.tmp/runs/ai_creators_20260623_163248,3,1,689,27,2026-06-23,30
.tmp/runs/ai_creators_20260623_163250,3,1,689,27,2026-06-23,30
.tmp/runs/ai_creators_20260623_163252,3,1,689,27,2026-06-23,30
.tmp/runs/ai_creators_20260623_163254,3,1,585,27,2026-06-23,30
.tmp/runs/ai_creators_20260623_171037,3,1,516,25,2026-06-23,30
.tmp/runs/ai_creators_20260623_171039,3,1,545,27,2026-06-23,30
.tmp/runs/ai_creators_20260623_171041,3,1,577,30,2026-06-23,30
.tmp/runs/ai_creators_20260623_171043,3,1,607,31,2026-06-23,30
.tmp/runs/ai_creators_20260623_171045,3,1,603,31,2026-06-23,30
.tmp/runs/ai_creators_20260623_171047,3,1,653,34,2026-06-23,30
.tmp/runs/ai_creators_20260623_171049,3,1,654,29,2026-06-23,30
.tmp/runs/ai_creators_20260623_171051,3,1,659,34,2026-06-23,30
.tmp/runs/ai_creators_20260623_171053,3,1,581,29,2026-06-23,30
.tmp/runs/ai_creators_20260623_171055,3,1,516,25,2026-06-23,30
.tmp/runs/ai_creators_20260623_171057,3,1,625,27,2026-06-23,30
.tmp/runs/ai_creators_20260623_171059,3,1,689,27,2026-06-23,30
.tmp/runs/ai_creators_20260623_171100,3,1,689,27,2026-06-23,30
.tmp/runs/ai_creators_20260623_171102,3,1,689,27,2026-06-23,30
.tmp/runs/ai_creators_20260623_171104,3,1,585,27,2026-06-23,30
.tmp/runs/ai_creators_20260623_171537,3,1,855,29,2026-06-23,30
.tmp/runs/ai_creators_20260623_171601,3,1,573,27,2026-06-23,30
.tmp/runs/ai_creators_20260623_171603,3,1,602,29,2026-06-23,30
.tmp/runs/ai_creators_20260623_171605,3,1,634,32,2026-06-23,30
.tmp/runs/ai_creators_20260623_171606,3,1,664,33,2026-06-23,30
.tmp/runs/ai_creators_20260623_171608,3,1,660,33,2026-06-23,30
.tmp/runs/ai_creators_20260623_171610,3,1,710,36,2026-06-23,30
.tmp/runs/ai_creators_20260623_171612,3,1,762,31,2026-06-23,30
.tmp/runs/ai_creators_20260623_171614,3,1,716,36,2026-06-23,30
.tmp/runs/ai_creators_20260623_171616,3,1,638,31,2026-06-23,30
.tmp/runs/ai_creators_20260623_171617,3,1,573,27,2026-06-23,30
.tmp/runs/ai_creators_20260623_171619,3,1,733,29,2026-06-23,30
.tmp/runs/ai_creators_20260623_171621,3,1,821,29,2026-06-23,30
.tmp/runs/ai_creators_20260623_171623,3,1,746,29,2026-06-23,30
.tmp/runs/ai_creators_20260623_171625,3,1,746,29,2026-06-23,30
.tmp/runs/ai_creators_20260623_171627,3,1,642,29,2026-06-23,30
.tmp/runs/ai_creators_20260623_171628,3,1,596,29,2026-06-23,30
.tmp/runs/ai_creators_20260623_171630,3,1,600,29,2026-06-23,30
.tmp/runs/ai_creators_20260623_171632,3,1,604,29,2026-06-23,30
.tmp/runs/ai_creators_20260623_171634,3,1,601,29,2026-06-23,30
.tmp/runs/ai_creators_20260623_171635,3,1,573,27,2026-06-23,30
.tmp/runs/ai_creators_20260623_171637,3,1,573,27,2026-06-23,30
.tmp/runs/ai_creators_20260623_171639,3,1,733,29,2026-06-23,30
.tmp/runs/ai_creators_20260623_171642,3,1,733,29,2026-06-23,30
.tmp/runs/ai_creators_20260623_171644,3,1,821,29,2026-06-23,30
.tmp/runs/ai_creators_20260623_171646,3,1,855,29,2026-06-23,30
.tmp/runs/ai_creators_20260623_171808,3,1,855,29,2026-06-23,30
.tmp/runs/ai_creators_20260623_172237,3,1,625,27,2026-06-23,30
.tmp/runs/ai_creators_20260623_172247,3,1,585,27,2026-06-23,30
.tmp/runs/ai_creators_20260624_034651,3,1,573,27,2026-06-24,30
.tmp/runs/ai_creators_20260624_034653,3,1,602,29,2026-06-24,30
.tmp/runs/ai_creators_20260624_034655,3,1,634,32,2026-06-24,30
.tmp/runs/ai_creators_20260624_034657,3,1,664,33,2026-06-24,30
.tmp/runs/ai_creators_20260624_034658,3,1,660,33,2026-06-24,30
.tmp/runs/ai_creators_20260624_034700,3,1,710,36,2026-06-24,30
.tmp/runs/ai_creators_20260624_034702,3,1,762,31,2026-06-24,30
.tmp/runs/ai_creators_20260624_034704,3,1,716,36,2026-06-24,30
.tmp/runs/ai_creators_20260624_034705,3,1,638,31,2026-06-24,30
.tmp/runs/ai_creators_20260624_034707,3,1,573,27,2026-06-24,30
.tmp/runs/ai_creators_20260624_034709,3,1,733,29,2026-06-24,30
.tmp/runs/ai_creators_20260624_034711,3,1,821,29,2026-06-24,30
.tmp/runs/ai_creators_20260624_034712,3,1,746,29,2026-06-24,30
.tmp/runs/ai_creators_20260624_034714,3,1,746,29,2026-06-24,30
.tmp/runs/ai_creators_20260624_034716,3,1,642,29,2026-06-24,30
.tmp/runs/ai_creators_20260624_034717,3,1,596,29,2026-06-24,30
.tmp/runs/ai_creators_20260624_034719,3,1,600,29,2026-06-24,30
.tmp/runs/ai_creators_20260624_034721,3,1,604,29,2026-06-24,30
.tmp/runs/ai_creators_20260624_034723,3,1,601,29,2026-06-24,30
.tmp/runs/ai_creators_20260624_034724,3,1,573,27,2026-06-24,30
.tmp/runs/ai_creators_20260624_034726,3,1,573,27,2026-06-24,30
.tmp/runs/ai_creators_20260624_034728,3,1,733,29,2026-06-24,30
.tmp/runs/ai_creators_20260624_034730,3,1,791,29,2026-06-24,30
.tmp/runs/ai_creators_20260624_034731,3,1,821,29,2026-06-24,30
.tmp/runs/ai_creators_20260624_034733,3,1,855,29,2026-06-24,30
.tmp/runs/ai_creators_20260624_121513,3,1,601,29,2026-06-24,29
.tmp/runs/ai_creators_20260624_121707,3,1,601,29,2026-06-24,29
.tmp/runs/ai_creators_20260625_165051,3,1,601,29,2026-06-25,28
.tmp/runs/ai_creators_20260625_194318,3,1,855,29,2026-06-25,28
.tmp/runs/ai_creators_20260626_164930,3,1,733,29,2026-06-26,27
.tmp/runs/ai_creators_20260626_165216,3,1,733,29,2026-06-26,27
.tmp/runs/ai_creators_20260627_132009,3,1,733,29,2026-06-27,26
.tmp/runs/ai_creators_20260627_203831,3,1,604,29,2026-06-27,26
.tmp/runs/ai_creators_20260627_203833,3,1,601,29,2026-06-27,26
.tmp/runs/ai_creators_20260627_203834,3,1,791,29,2026-06-27,26
.tmp/runs/ai_creators_20260627_203947,3,1,604,29,2026-06-27,26
.tmp/runs/ai_creators_20260627_203949,3,1,601,29,2026-06-27,26
.tmp/runs/ai_creators_20260627_203951,3,1,791,29,2026-06-27,26
.tmp/runs/ai_creators_20260627_204103,3,1,855,29,2026-06-27,26
.tmp/runs/ai_creators_20260627_204214,3,1,855,29,2026-06-27,26
.tmp/runs/ai_creators_20260628_164036,3,1,601,29,2026-06-28,25
.tmp/runs/ai_creators_20260628_164210,3,1,601,29,2026-06-28,25
.tmp/runs/ai_creators_20260630_060536,3,1,895,30,2026-06-30,24
.tmp/runs/ai_creators_20260630_060546,3,1,773,30,2026-06-30,24
.tmp/runs/ai_creators_20260630_060605,3,1,613,28,2026-06-30,24
.tmp/runs/ai_creators_20260630_060606,3,1,642,30,2026-06-30,24
.tmp/runs/ai_creators_20260630_060609,3,1,674,33,2026-06-30,24
.tmp/runs/ai_creators_20260630_060610,3,1,704,34,2026-06-30,24
.tmp/runs/ai_creators_20260630_060612,3,1,700,34,2026-06-30,24
.tmp/runs/ai_creators_20260630_060615,3,1,750,37,2026-06-30,24
.tmp/runs/ai_creators_20260630_060616,3,1,802,32,2026-06-30,24
.tmp/runs/ai_creators_20260630_060618,3,1,756,37,2026-06-30,24
.tmp/runs/ai_creators_20260630_060620,3,1,678,32,2026-06-30,24
.tmp/runs/ai_creators_20260630_060622,3,1,613,28,2026-06-30,24
.tmp/runs/ai_creators_20260630_060624,3,1,773,30,2026-06-30,24
.tmp/runs/ai_creators_20260630_060626,3,1,861,30,2026-06-30,24
.tmp/runs/ai_creators_20260630_060628,3,1,786,30,2026-06-30,24
.tmp/runs/ai_creators_20260630_060630,3,1,786,30,2026-06-30,24
.tmp/runs/ai_creators_20260630_060632,3,1,682,30,2026-06-30,24
.tmp/runs/ai_creators_20260630_060633,3,1,636,30,2026-06-30,24
.tmp/runs/ai_creators_20260630_060635,3,1,640,30,2026-06-30,24
.tmp/runs/ai_creators_20260630_060637,3,1,644,30,2026-06-30,24
.tmp/runs/ai_creators_20260630_060639,3,1,641,30,2026-06-30,24
.tmp/runs/ai_creators_20260630_060641,3,1,613,28,2026-06-30,24
.tmp/runs/ai_creators_20260630_060643,3,1,613,28,2026-06-30,24
.tmp/runs/ai_creators_20260630_060645,3,1,773,30,2026-06-30,24
.tmp/runs/ai_creators_20260630_060647,3,1,831,30,2026-06-30,24
.tmp/runs/ai_creators_20260630_060649,3,1,861,30,2026-06-30,24
.tmp/runs/ai_creators_20260630_060651,3,1,895,30,2026-06-30,24
.tmp/runs/ai_creators_20260630_060825,3,1,773,30,2026-06-30,24
.tmp/runs/ai_creators_20260630_060844,3,1,613,28,2026-06-30,24
.tmp/runs/ai_creators_20260630_060846,3,1,642,30,2026-06-30,24
.tmp/runs/ai_creators_20260630_060848,3,1,674,33,2026-06-30,24
.tmp/runs/ai_creators_20260630_060850,3,1,704,34,2026-06-30,24
.tmp/runs/ai_creators_20260630_060851,3,1,700,34,2026-06-30,24
.tmp/runs/ai_creators_20260630_060854,3,1,750,37,2026-06-30,24
.tmp/runs/ai_creators_20260630_060855,3,1,802,32,2026-06-30,24
.tmp/runs/ai_creators_20260630_060857,3,1,756,37,2026-06-30,24
.tmp/runs/ai_creators_20260630_060900,3,1,678,32,2026-06-30,24
.tmp/runs/ai_creators_20260630_060901,3,1,613,28,2026-06-30,24
.tmp/runs/ai_creators_20260630_060903,3,1,773,30,2026-06-30,24
.tmp/runs/ai_creators_20260630_060905,3,1,861,30,2026-06-30,24
.tmp/runs/ai_creators_20260630_060907,3,1,786,30,2026-06-30,24
.tmp/runs/ai_creators_20260630_060910,3,1,786,30,2026-06-30,24
.tmp/runs/ai_creators_20260630_060912,3,1,682,30,2026-06-30,24
.tmp/runs/ai_creators_20260630_060914,3,1,636,30,2026-06-30,24
.tmp/runs/ai_creators_20260630_060916,3,1,640,30,2026-06-30,24
.tmp/runs/ai_creators_20260630_060918,3,1,644,30,2026-06-30,24
.tmp/runs/ai_creators_20260630_060920,3,1,641,30,2026-06-30,24
.tmp/runs/ai_creators_20260630_060922,3,1,613,28,2026-06-30,24
.tmp/runs/ai_creators_20260630_060924,3,1,613,28,2026-06-30,24
.tmp/runs/ai_creators_20260630_060926,3,1,773,30,2026-06-30,24
.tmp/runs/ai_creators_20260630_060927,3,1,831,30,2026-06-30,24
.tmp/runs/ai_creators_20260630_060929,3,1,861,30,2026-06-30,24
.tmp/runs/ai_creators_20260630_060932,3,1,895,30,2026-06-30,24
.tmp/runs/ai_creators_20260630_070656,3,1,895,30,2026-06-30,24
.tmp/runs/ai_creators_20260630_073518,3,1,773,30,2026-06-30,24
.tmp/runs/ai_creators_20260630_073542,3,1,613,28,2026-06-30,24
.tmp/runs/ai_creators_20260630_073544,3,1,642,30,2026-06-30,24
.tmp/runs/ai_creators_20260630_073545,3,1,674,33,2026-06-30,24
.tmp/runs/ai_creators_20260630_073549,3,1,704,34,2026-06-30,24
.tmp/runs/ai_creators_20260630_073551,3,1,700,34,2026-06-30,24
.tmp/runs/ai_creators_20260630_073553,3,1,750,37,2026-06-30,24
.tmp/runs/ai_creators_20260630_073555,3,1,802,32,2026-06-30,24
.tmp/runs/ai_creators_20260630_073557,3,1,756,37,2026-06-30,24
.tmp/runs/ai_creators_20260630_073559,3,1,678,32,2026-06-30,24
.tmp/runs/ai_creators_20260630_073600,3,1,613,28,2026-06-30,24
.tmp/runs/ai_creators_20260630_073603,3,1,773,30,2026-06-30,24
.tmp/runs/ai_creators_20260630_073605,3,1,861,30,2026-06-30,24
.tmp/runs/ai_creators_20260630_073606,3,1,786,30,2026-06-30,24
.tmp/runs/ai_creators_20260630_073608,3,1,786,30,2026-06-30,24
.tmp/runs/ai_creators_20260630_073610,3,1,682,30,2026-06-30,24
.tmp/runs/ai_creators_20260630_073612,3,1,636,30,2026-06-30,24
.tmp/runs/ai_creators_20260630_073614,3,1,640,30,2026-06-30,24
.tmp/runs/ai_creators_20260630_073616,3,1,644,30,2026-06-30,24
.tmp/runs/ai_creators_20260630_073618,3,1,641,30,2026-06-30,24
.tmp/runs/ai_creators_20260630_073620,3,1,613,28,2026-06-30,24
.tmp/runs/ai_creators_20260630_073621,3,1,613,28,2026-06-30,24
.tmp/runs/ai_creators_20260630_073623,3,1,773,30,2026-06-30,24
.tmp/runs/ai_creators_20260630_073625,3,1,831,30,2026-06-30,24
.tmp/runs/ai_creators_20260630_073627,3,1,861,30,2026-06-30,24
.tmp/runs/ai_creators_20260630_073628,3,1,895,30,2026-06-30,24
.tmp/runs/ai_creators_20260630_073706,3,1,773,30,2026-06-30,24
.tmp/runs/ai_creators_20260630_073727,3,1,613,28,2026-06-30,24
.tmp/runs/ai_creators_20260630_073729,3,1,642,30,2026-06-30,24
.tmp/runs/ai_creators_20260630_073731,3,1,674,33,2026-06-30,24
.tmp/runs/ai_creators_20260630_073733,3,1,704,34,2026-06-30,24
.tmp/runs/ai_creators_20260630_073735,3,1,700,34,2026-06-30,24
.tmp/runs/ai_creators_20260630_073737,3,1,750,37,2026-06-30,24
.tmp/runs/ai_creators_20260630_073739,3,1,802,32,2026-06-30,24
.tmp/runs/ai_creators_20260630_073741,3,1,756,37,2026-06-30,24
.tmp/runs/ai_creators_20260630_073742,3,1,678,32,2026-06-30,24
.tmp/runs/ai_creators_20260630_073744,3,1,613,28,2026-06-30,24
.tmp/runs/ai_creators_20260630_073746,3,1,773,30,2026-06-30,24
.tmp/runs/ai_creators_20260630_073747,3,1,861,30,2026-06-30,24
.tmp/runs/ai_creators_20260630_073749,3,1,786,30,2026-06-30,24
.tmp/runs/ai_creators_20260630_073751,3,1,786,30,2026-06-30,24
.tmp/runs/ai_creators_20260630_073753,3,1,682,30,2026-06-30,24
.tmp/runs/ai_creators_20260630_073755,3,1,636,30,2026-06-30,24
.tmp/runs/ai_creators_20260630_073756,3,1,640,30,2026-06-30,24
.tmp/runs/ai_creators_20260630_073758,3,1,644,30,2026-06-30,24
.tmp/runs/ai_creators_20260630_073800,3,1,641,30,2026-06-30,24
.tmp/runs/ai_creators_20260630_073802,3,1,613,28,2026-06-30,24
.tmp/runs/ai_creators_20260630_073804,3,1,613,28,2026-06-30,24
.tmp/runs/ai_creators_20260630_073806,3,1,773,30,2026-06-30,24
.tmp/runs/ai_creators_20260630_073808,3,1,831,30,2026-06-30,24
.tmp/runs/ai_creators_20260630_073809,3,1,861,30,2026-06-30,24
.tmp/runs/ai_creators_20260630_073811,3,1,895,30,2026-06-30,24
.tmp/runs/ai_creators_20260630_074219,3,1,773,30,2026-06-30,24
.tmp/runs/ai_creators_20260630_074240,3,1,613,28,2026-06-30,24
.tmp/runs/ai_creators_20260630_074242,3,1,642,30,2026-06-30,24
.tmp/runs/ai_creators_20260630_074244,3,1,674,33,2026-06-30,24
.tmp/runs/ai_creators_20260630_074245,3,1,704,34,2026-06-30,24
.tmp/runs/ai_creators_20260630_074247,3,1,700,34,2026-06-30,24
.tmp/runs/ai_creators_20260630_074249,3,1,750,37,2026-06-30,24
.tmp/runs/ai_creators_20260630_074251,3,1,802,32,2026-06-30,24
.tmp/runs/ai_creators_20260630_074252,3,1,756,37,2026-06-30,24
.tmp/runs/ai_creators_20260630_074254,3,1,678,32,2026-06-30,24
.tmp/runs/ai_creators_20260630_074256,3,1,613,28,2026-06-30,24
.tmp/runs/ai_creators_20260630_074258,3,1,773,30,2026-06-30,24
.tmp/runs/ai_creators_20260630_074300,3,1,861,30,2026-06-30,24
.tmp/runs/ai_creators_20260630_074301,3,1,786,30,2026-06-30,24
.tmp/runs/ai_creators_20260630_074303,3,1,786,30,2026-06-30,24
.tmp/runs/ai_creators_20260630_074305,3,1,682,30,2026-06-30,24
.tmp/runs/ai_creators_20260630_074307,3,1,636,30,2026-06-30,24
.tmp/runs/ai_creators_20260630_074309,3,1,640,30,2026-06-30,24
.tmp/runs/ai_creators_20260630_074310,3,1,644,30,2026-06-30,24
.tmp/runs/ai_creators_20260630_074312,3,1,641,30,2026-06-30,24
.tmp/runs/ai_creators_20260630_074314,3,1,613,28,2026-06-30,24
.tmp/runs/ai_creators_20260630_074316,3,1,613,28,2026-06-30,24
.tmp/runs/ai_creators_20260630_074318,3,1,773,30,2026-06-30,24
.tmp/runs/ai_creators_20260630_074320,3,1,831,30,2026-06-30,24
.tmp/runs/ai_creators_20260630_074321,3,1,861,30,2026-06-30,24
.tmp/runs/ai_creators_20260630_074323,3,1,895,30,2026-06-30,24
.tmp/runs/ai_creators_20260630_075530,3,1,641,30,2026-06-30,24
.tmp/runs/ai_creators_20260630_075812,3,1,641,30,2026-06-30,24
.tmp/runs/ai_creators_20260630_093935,3,1,641,30,2026-06-30,23
.tmp/runs/ai_creators_20260630_094120,3,1,641,30,2026-06-30,23
.tmp/runs/ai_creators_20260630_094247,3,1,641,30,2026-06-30,23
.tmp/runs/ai_creators_20260630_094625,3,1,641,30,2026-06-30,23
.tmp/runs/ai_creators_20260707_133734,3,1,773,30,2026-07-07,16
.tmp/runs/ai_creators_20260707_133757,3,1,613,28,2026-07-07,16
.tmp/runs/ai_creators_20260707_133759,3,1,642,30,2026-07-07,16
.tmp/runs/ai_creators_20260707_133802,3,1,674,33,2026-07-07,16
.tmp/runs/ai_creators_20260707_133804,3,1,704,34,2026-07-07,16
.tmp/runs/ai_creators_20260707_133806,3,1,700,34,2026-07-07,16
.tmp/runs/ai_creators_20260707_133807,3,1,750,37,2026-07-07,16
.tmp/runs/ai_creators_20260707_133809,3,1,802,32,2026-07-07,16
.tmp/runs/ai_creators_20260707_133811,3,1,756,37,2026-07-07,16
.tmp/runs/ai_creators_20260707_133814,3,1,678,32,2026-07-07,16
.tmp/runs/ai_creators_20260707_133815,3,1,613,28,2026-07-07,16
.tmp/runs/ai_creators_20260707_133817,3,1,773,30,2026-07-07,16
.tmp/runs/ai_creators_20260707_133819,3,1,861,30,2026-07-07,16
.tmp/runs/ai_creators_20260707_133821,3,1,786,30,2026-07-07,16
.tmp/runs/ai_creators_20260707_133823,3,1,786,30,2026-07-07,16
.tmp/runs/ai_creators_20260707_133824,3,1,682,30,2026-07-07,16
.tmp/runs/ai_creators_20260707_133826,3,1,636,30,2026-07-07,16
.tmp/runs/ai_creators_20260707_133828,3,1,640,30,2026-07-07,16
.tmp/runs/ai_creators_20260707_133831,3,1,644,30,2026-07-07,16
.tmp/runs/ai_creators_20260707_133833,3,1,641,30,2026-07-07,16
.tmp/runs/ai_creators_20260707_133834,3,1,613,28,2026-07-07,16
.tmp/runs/ai_creators_20260707_133836,3,1,613,28,2026-07-07,16
.tmp/runs/ai_creators_20260707_133838,3,1,773,30,2026-07-07,16
.tmp/runs/ai_creators_20260707_133839,3,1,831,30,2026-07-07,16
.tmp/runs/ai_creators_20260707_133841,3,1,861,30,2026-07-07,16
.tmp/runs/ai_creators_20260707_133844,3,1,895,30,2026-07-07,16
.tmp/runs/ai_creators_20260707_133931,3,1,773,30,2026-07-07,16
.tmp/runs/ai_creators_20260707_133951,3,1,613,28,2026-07-07,16
.tmp/runs/ai_creators_20260707_133953,3,1,642,30,2026-07-07,16
.tmp/runs/ai_creators_20260707_133955,3,1,674,33,2026-07-07,16
.tmp/runs/ai_creators_20260707_133956,3,1,704,34,2026-07-07,16
.tmp/runs/ai_creators_20260707_133958,3,1,700,34,2026-07-07,16
.tmp/runs/ai_creators_20260707_134000,3,1,750,37,2026-07-07,16
.tmp/runs/ai_creators_20260707_134002,3,1,802,32,2026-07-07,16
.tmp/runs/ai_creators_20260707_134003,3,1,756,37,2026-07-07,16
.tmp/runs/ai_creators_20260707_134005,3,1,678,32,2026-07-07,16
.tmp/runs/ai_creators_20260707_134007,3,1,613,28,2026-07-07,16
.tmp/runs/ai_creators_20260707_134009,3,1,773,30,2026-07-07,16
.tmp/runs/ai_creators_20260707_134010,3,1,861,30,2026-07-07,16
.tmp/runs/ai_creators_20260707_134012,3,1,786,30,2026-07-07,16
.tmp/runs/ai_creators_20260707_134014,3,1,786,30,2026-07-07,16
.tmp/runs/ai_creators_20260707_134016,3,1,682,30,2026-07-07,16
.tmp/runs/ai_creators_20260707_134017,3,1,636,30,2026-07-07,16
.tmp/runs/ai_creators_20260707_134019,3,1,640,30,2026-07-07,16
.tmp/runs/ai_creators_20260707_134021,3,1,644,30,2026-07-07,16
.tmp/runs/ai_creators_20260707_134023,3,1,641,30,2026-07-07,16
.tmp/runs/ai_creators_20260707_134025,3,1,613,28,2026-07-07,16
.tmp/runs/ai_creators_20260707_134026,3,1,613,28,2026-07-07,16
.tmp/runs/ai_creators_20260707_134028,3,1,773,30,2026-07-07,16
.tmp/runs/ai_creators_20260707_134030,3,1,831,30,2026-07-07,16
.tmp/runs/ai_creators_20260707_134032,3,1,861,30,2026-07-07,16
.tmp/runs/ai_creators_20260707_134034,3,1,895,30,2026-07-07,16
.tmp/runs/ai_creators_20260708_182308,3,1,895,30,2026-07-08,15
.tmp/runs/ai_creators_20260708_182344,3,1,895,30,2026-07-08,15
.tmp/runs/ai_creators_20260708_182453,3,1,895,30,2026-07-08,15
.tmp/runs/ai_creators_20260708_182539,3,1,895,30,2026-07-08,15
.tmp/runs/ai_creators_20260708_182648,3,1,644,30,2026-07-08,15
.tmp/runs/ai_creators_20260708_182650,3,1,641,30,2026-07-08,15
.tmp/runs/ai_creators_20260708_182652,3,1,831,30,2026-07-08,15
.tmp/runs/ai_creators_20260708_182817,3,1,644,30,2026-07-08,15
.tmp/runs/ai_creators_20260708_182819,3,1,641,30,2026-07-08,15
.tmp/runs/ai_creators_20260708_182821,3,1,831,30,2026-07-08,15
.tmp/runs/ai_creators_20260708_183649,3,1,644,30,2026-07-08,15
.tmp/runs/ai_creators_20260708_183651,3,1,641,30,2026-07-08,15
.tmp/runs/ai_creators_20260708_183653,3,1,831,30,2026-07-08,15
.tmp/runs/ai_creators_20260714_062728,3,1,641,30,2026-07-14,10
.tmp/runs/ai_creators_20260714_062911,3,1,641,30,2026-07-14,10
.tmp/runs/ai_creators_20260714_101658,3,1,895,30,2026-07-14,9
.tmp/runs/ai_creators_20260714_105443,3,1,773,30,2026-07-14,9
.tmp/runs/ai_creators_20260714_105504,3,1,613,28,2026-07-14,9
.tmp/runs/ai_creators_20260714_105506,3,1,642,30,2026-07-14,9
.tmp/runs/ai_creators_20260714_105507,3,1,674,33,2026-07-14,9
.tmp/runs/ai_creators_20260714_105510,3,1,704,34,2026-07-14,9
.tmp/runs/ai_creators_20260714_105512,3,1,700,34,2026-07-14,9
.tmp/runs/ai_creators_20260714_105513,3,1,750,37,2026-07-14,9
.tmp/runs/ai_creators_20260714_105515,3,1,802,32,2026-07-14,9
.tmp/runs/ai_creators_20260714_105517,3,1,756,37,2026-07-14,9
.tmp/runs/ai_creators_20260714_105519,3,1,678,32,2026-07-14,9
.tmp/runs/ai_creators_20260714_105521,3,1,613,28,2026-07-14,9
.tmp/runs/ai_creators_20260714_105522,3,1,773,30,2026-07-14,9
.tmp/runs/ai_creators_20260714_105524,3,1,861,30,2026-07-14,9
.tmp/runs/ai_creators_20260714_105526,3,1,786,30,2026-07-14,9
.tmp/runs/ai_creators_20260714_105527,3,1,895,30,2026-07-14,9
.tmp/runs/ai_creators_20260714_105528,3,1,786,30,2026-07-14,9
.tmp/runs/ai_creators_20260714_105530,3,1,682,30,2026-07-14,9
.tmp/runs/ai_creators_20260714_105532,3,1,636,30,2026-07-14,9
.tmp/runs/ai_creators_20260714_105533,3,1,640,30,2026-07-14,9
.tmp/runs/ai_creators_20260714_105535,3,1,644,30,2026-07-14,9
.tmp/runs/ai_creators_20260714_105537,3,1,641,30,2026-07-14,9
.tmp/runs/ai_creators_20260714_105540,3,1,613,28,2026-07-14,9
.tmp/runs/ai_creators_20260714_105541,3,1,613,28,2026-07-14,9
.tmp/runs/ai_creators_20260714_105543,3,1,773,30,2026-07-14,9
.tmp/runs/ai_creators_20260714_105545,3,1,831,30,2026-07-14,9
.tmp/runs/ai_creators_20260714_105546,3,1,861,30,2026-07-14,9
.tmp/runs/ai_creators_20260714_105548,3,1,895,30,2026-07-14,9
.tmp/runs/ai_creators_20260714_143116,3,1,773,30,2026-07-14,9
.tmp/runs/ai_creators_20260714_143138,3,1,613,28,2026-07-14,9
.tmp/runs/ai_creators_20260714_143140,3,1,642,30,2026-07-14,9
.tmp/runs/ai_creators_20260714_143142,3,1,674,33,2026-07-14,9
.tmp/runs/ai_creators_20260714_143143,3,1,704,34,2026-07-14,9
.tmp/runs/ai_creators_20260714_143145,3,1,700,34,2026-07-14,9
.tmp/runs/ai_creators_20260714_143147,3,1,750,37,2026-07-14,9
.tmp/runs/ai_creators_20260714_143149,3,1,802,32,2026-07-14,9
.tmp/runs/ai_creators_20260714_143151,3,1,756,37,2026-07-14,9
.tmp/runs/ai_creators_20260714_143153,3,1,678,32,2026-07-14,9
.tmp/runs/ai_creators_20260714_143156,3,1,613,28,2026-07-14,9
.tmp/runs/ai_creators_20260714_143158,3,1,773,30,2026-07-14,9
.tmp/runs/ai_creators_20260714_143159,3,1,861,30,2026-07-14,9
.tmp/runs/ai_creators_20260714_143201,3,1,786,30,2026-07-14,9
.tmp/runs/ai_creators_20260714_143203,3,1,786,30,2026-07-14,9
.tmp/runs/ai_creators_20260714_143205,3,1,682,30,2026-07-14,9
.tmp/runs/ai_creators_20260714_143207,3,1,636,30,2026-07-14,9
.tmp/runs/ai_creators_20260714_143209,3,1,640,30,2026-07-14,9
.tmp/runs/ai_creators_20260714_143210,3,1,644,30,2026-07-14,9
.tmp/runs/ai_creators_20260714_143212,3,1,641,30,2026-07-14,9
.tmp/runs/ai_creators_20260714_143214,3,1,613,28,2026-07-14,9
.tmp/runs/ai_creators_20260714_143216,3,1,613,28,2026-07-14,9
.tmp/runs/ai_creators_20260714_143218,3,1,773,30,2026-07-14,9
.tmp/runs/ai_creators_20260714_143220,3,1,831,30,2026-07-14,9
.tmp/runs/ai_creators_20260714_143222,3,1,861,30,2026-07-14,9
.tmp/runs/ai_creators_20260714_143224,3,1,895,30,2026-07-14,9
.tmp/runs/ai_creators_20260714_143627,3,1,773,30,2026-07-14,9
.tmp/runs/ai_creators_20260714_143647,3,1,613,28,2026-07-14,9
.tmp/runs/ai_creators_20260714_143649,3,1,642,30,2026-07-14,9
.tmp/runs/ai_creators_20260714_143651,3,1,674,33,2026-07-14,9
.tmp/runs/ai_creators_20260714_143653,3,1,704,34,2026-07-14,9
.tmp/runs/ai_creators_20260714_143654,3,1,700,34,2026-07-14,9
.tmp/runs/ai_creators_20260714_143656,3,1,750,37,2026-07-14,9
.tmp/runs/ai_creators_20260714_143658,3,1,802,32,2026-07-14,9
.tmp/runs/ai_creators_20260714_143700,3,1,756,37,2026-07-14,9
.tmp/runs/ai_creators_20260714_143702,3,1,678,32,2026-07-14,9
.tmp/runs/ai_creators_20260714_143703,3,1,613,28,2026-07-14,9
.tmp/runs/ai_creators_20260714_143705,3,1,773,30,2026-07-14,9
.tmp/runs/ai_creators_20260714_143707,3,1,861,30,2026-07-14,9
.tmp/runs/ai_creators_20260714_143709,3,1,786,30,2026-07-14,9
.tmp/runs/ai_creators_20260714_143711,3,1,786,30,2026-07-14,9
.tmp/runs/ai_creators_20260714_143712,3,1,682,30,2026-07-14,9
.tmp/runs/ai_creators_20260714_143714,3,1,636,30,2026-07-14,9
.tmp/runs/ai_creators_20260714_143716,3,1,640,30,2026-07-14,9
.tmp/runs/ai_creators_20260714_143718,3,1,644,30,2026-07-14,9
.tmp/runs/ai_creators_20260714_143720,3,1,641,30,2026-07-14,9
.tmp/runs/ai_creators_20260714_143721,3,1,613,28,2026-07-14,9
.tmp/runs/ai_creators_20260714_143723,3,1,613,28,2026-07-14,9
.tmp/runs/ai_creators_20260714_143725,3,1,773,30,2026-07-14,9
.tmp/runs/ai_creators_20260714_143727,3,1,831,30,2026-07-14,9
.tmp/runs/ai_creators_20260714_143729,3,1,861,30,2026-07-14,9
.tmp/runs/ai_creators_20260714_143731,3,1,895,30,2026-07-14,9
.tmp/runs/ai_creators_20260714_153431,3,1,773,30,2026-07-14,9
.tmp/runs/ai_creators_20260714_153451,3,1,613,28,2026-07-14,9
.tmp/runs/ai_creators_20260714_153453,3,1,642,30,2026-07-14,9
.tmp/runs/ai_creators_20260714_153457,3,1,674,33,2026-07-14,9
.tmp/runs/ai_creators_20260714_153459,3,1,704,34,2026-07-14,9
.tmp/runs/ai_creators_20260714_153501,3,1,700,34,2026-07-14,9
.tmp/runs/ai_creators_20260714_153505,3,1,750,37,2026-07-14,9
.tmp/runs/ai_creators_20260714_153507,3,1,802,32,2026-07-14,9
.tmp/runs/ai_creators_20260714_153509,3,1,756,37,2026-07-14,9
.tmp/runs/ai_creators_20260714_153510,3,1,678,32,2026-07-14,9
.tmp/runs/ai_creators_20260714_153512,3,1,613,28,2026-07-14,9
.tmp/runs/ai_creators_20260714_153514,3,1,773,30,2026-07-14,9
.tmp/runs/ai_creators_20260714_153516,3,1,861,30,2026-07-14,9
.tmp/runs/ai_creators_20260714_153518,3,1,786,30,2026-07-14,9
.tmp/runs/ai_creators_20260714_153520,3,1,786,30,2026-07-14,9
.tmp/runs/ai_creators_20260714_153524,3,1,682,30,2026-07-14,9
.tmp/runs/ai_creators_20260714_153526,3,1,636,30,2026-07-14,9
.tmp/runs/ai_creators_20260714_153530,3,1,640,30,2026-07-14,9
.tmp/runs/ai_creators_20260714_153535,3,1,644,30,2026-07-14,9
.tmp/runs/ai_creators_20260714_153536,3,1,641,30,2026-07-14,9
.tmp/runs/ai_creators_20260714_153538,3,1,613,28,2026-07-14,9
.tmp/runs/ai_creators_20260714_153540,3,1,613,28,2026-07-14,9
.tmp/runs/ai_creators_20260714_153543,3,1,773,30,2026-07-14,9
.tmp/runs/ai_creators_20260714_153545,3,1,831,30,2026-07-14,9
.tmp/runs/ai_creators_20260714_153546,3,1,861,30,2026-07-14,9
.tmp/runs/ai_creators_20260714_153549,3,1,895,30,2026-07-14,9
.tmp/runs/ai_creators_20260714_161021,3,1,773,30,2026-07-14,9
.tmp/runs/ai_creators_20260714_162735,3,1,773,30,2026-07-14,9
.tmp/runs/ai_creators_20260714_162757,3,1,613,28,2026-07-14,9
.tmp/runs/ai_creators_20260714_162759,3,1,642,30,2026-07-14,9
.tmp/runs/ai_creators_20260714_162801,3,1,674,33,2026-07-14,9
.tmp/runs/ai_creators_20260714_162803,3,1,704,34,2026-07-14,9
.tmp/runs/ai_creators_20260714_162805,3,1,700,34,2026-07-14,9
.tmp/runs/ai_creators_20260714_162806,3,1,750,37,2026-07-14,9
.tmp/runs/ai_creators_20260714_162808,3,1,802,32,2026-07-14,9
.tmp/runs/ai_creators_20260714_162811,3,1,756,37,2026-07-14,9
.tmp/runs/ai_creators_20260714_162812,3,1,678,32,2026-07-14,9
.tmp/runs/ai_creators_20260714_162814,3,1,613,28,2026-07-14,9
.tmp/runs/ai_creators_20260714_162816,3,1,773,30,2026-07-14,9
.tmp/runs/ai_creators_20260714_162818,3,1,861,30,2026-07-14,9
.tmp/runs/ai_creators_20260714_162820,3,1,786,30,2026-07-14,9
.tmp/runs/ai_creators_20260714_162822,3,1,786,30,2026-07-14,9
.tmp/runs/ai_creators_20260714_162825,3,1,682,30,2026-07-14,9
.tmp/runs/ai_creators_20260714_162832,3,1,636,30,2026-07-14,9
.tmp/runs/ai_creators_20260714_162833,3,1,640,30,2026-07-14,9
.tmp/runs/ai_creators_20260714_162835,3,1,644,30,2026-07-14,9
.tmp/runs/ai_creators_20260714_162837,3,1,641,30,2026-07-14,9
.tmp/runs/ai_creators_20260714_162841,3,1,613,28,2026-07-14,9
.tmp/runs/ai_creators_20260714_162843,3,1,613,28,2026-07-14,9
.tmp/runs/ai_creators_20260714_162844,3,1,773,30,2026-07-14,9
.tmp/runs/ai_creators_20260714_162848,3,1,831,30,2026-07-14,9
.tmp/runs/ai_creators_20260714_162850,3,1,861,30,2026-07-14,9
.tmp/runs/ai_creators_20260714_162852,3,1,895,30,2026-07-14,9
.tmp/runs/ai_creators_20260714_163859,3,1,773,30,2026-07-14,9
.tmp/runs/ai_creators_20260714_163919,3,1,613,28,2026-07-14,9
.tmp/runs/ai_creators_20260714_163921,3,1,642,30,2026-07-14,9
.tmp/runs/ai_creators_20260714_163923,3,1,674,33,2026-07-14,9
.tmp/runs/ai_creators_20260714_163924,3,1,704,34,2026-07-14,9
.tmp/runs/ai_creators_20260714_163926,3,1,700,34,2026-07-14,9
.tmp/runs/ai_creators_20260714_163928,3,1,750,37,2026-07-14,9
.tmp/runs/ai_creators_20260714_163930,3,1,802,32,2026-07-14,9
.tmp/runs/ai_creators_20260714_163932,3,1,756,37,2026-07-14,9
.tmp/runs/ai_creators_20260714_163933,3,1,678,32,2026-07-14,9
.tmp/runs/ai_creators_20260714_163935,3,1,613,28,2026-07-14,9
.tmp/runs/ai_creators_20260714_163937,3,1,773,30,2026-07-14,9
.tmp/runs/ai_creators_20260714_163939,3,1,861,30,2026-07-14,9
.tmp/runs/ai_creators_20260714_163940,3,1,786,30,2026-07-14,9
.tmp/runs/ai_creators_20260714_163942,3,1,786,30,2026-07-14,9
.tmp/runs/ai_creators_20260714_163944,3,1,682,30,2026-07-14,9
.tmp/runs/ai_creators_20260714_163946,3,1,636,30,2026-07-14,9
.tmp/runs/ai_creators_20260714_163948,3,1,640,30,2026-07-14,9
.tmp/runs/ai_creators_20260714_163950,3,1,644,30,2026-07-14,9
.tmp/runs/ai_creators_20260714_163951,3,1,641,30,2026-07-14,9
.tmp/runs/ai_creators_20260714_163953,3,1,613,28,2026-07-14,9
.tmp/runs/ai_creators_20260714_163955,3,1,613,28,2026-07-14,9
.tmp/runs/ai_creators_20260714_163957,3,1,773,30,2026-07-14,9
.tmp/runs/ai_creators_20260714_163958,3,1,831,30,2026-07-14,9
.tmp/runs/ai_creators_20260714_164000,3,1,861,30,2026-07-14,9
.tmp/runs/ai_creators_20260714_164003,3,1,895,30,2026-07-14,9
.tmp/runs/ai_creators_20260714_180744,3,1,895,30,2026-07-14,9
.tmp/runs/ai_creators_20260714_181854,3,1,895,30,2026-07-14,9
.tmp/runs/ai_creators_20260715_140518,3,1,895,30,2026-07-15,8
.tmp/runs/ai_creators_20260715_154642,3,1,773,30,2026-07-15,8
.tmp/runs/ai_creators_20260715_154702,3,1,613,28,2026-07-15,8
.tmp/runs/ai_creators_20260715_154703,3,1,642,30,2026-07-15,8
.tmp/runs/ai_creators_20260715_154705,3,1,674,33,2026-07-15,8
.tmp/runs/ai_creators_20260715_154707,3,1,704,34,2026-07-15,8
.tmp/runs/ai_creators_20260715_154709,3,1,700,34,2026-07-15,8
.tmp/runs/ai_creators_20260715_154710,3,1,750,37,2026-07-15,8
.tmp/runs/ai_creators_20260715_154712,3,1,802,32,2026-07-15,8
.tmp/runs/ai_creators_20260715_154714,3,1,756,37,2026-07-15,8
.tmp/runs/ai_creators_20260715_154716,3,1,678,32,2026-07-15,8
.tmp/runs/ai_creators_20260715_154718,3,1,613,28,2026-07-15,8
.tmp/runs/ai_creators_20260715_154720,3,1,773,30,2026-07-15,8
.tmp/runs/ai_creators_20260715_154721,3,1,861,30,2026-07-15,8
.tmp/runs/ai_creators_20260715_154723,3,1,786,30,2026-07-15,8
.tmp/runs/ai_creators_20260715_154725,3,1,786,30,2026-07-15,8
.tmp/runs/ai_creators_20260715_154727,3,1,682,30,2026-07-15,8
.tmp/runs/ai_creators_20260715_154729,3,1,636,30,2026-07-15,8
.tmp/runs/ai_creators_20260715_154730,3,1,640,30,2026-07-15,8
.tmp/runs/ai_creators_20260715_154732,3,1,644,30,2026-07-15,8
.tmp/runs/ai_creators_20260715_154734,3,1,641,30,2026-07-15,8
.tmp/runs/ai_creators_20260715_154736,3,1,613,28,2026-07-15,8
.tmp/runs/ai_creators_20260715_154738,3,1,613,28,2026-07-15,8
.tmp/runs/ai_creators_20260715_154739,3,1,773,30,2026-07-15,8
.tmp/runs/ai_creators_20260715_154741,3,1,831,30,2026-07-15,8
.tmp/runs/ai_creators_20260715_154743,3,1,861,30,2026-07-15,8
.tmp/runs/ai_creators_20260715_154745,3,1,895,30,2026-07-15,8
.tmp/runs/ai_creators_20260715_160551,3,1,773,30,2026-07-15,8
.tmp/runs/ai_creators_20260715_160611,3,1,613,28,2026-07-15,8
.tmp/runs/ai_creators_20260715_160613,3,1,642,30,2026-07-15,8
.tmp/runs/ai_creators_20260715_160614,3,1,674,33,2026-07-15,8
.tmp/runs/ai_creators_20260715_160617,3,1,704,34,2026-07-15,8
.tmp/runs/ai_creators_20260715_160619,3,1,700,34,2026-07-15,8
.tmp/runs/ai_creators_20260715_160620,3,1,750,37,2026-07-15,8
.tmp/runs/ai_creators_20260715_160622,3,1,802,32,2026-07-15,8
.tmp/runs/ai_creators_20260715_160624,3,1,756,37,2026-07-15,8
.tmp/runs/ai_creators_20260715_160626,3,1,678,32,2026-07-15,8
.tmp/runs/ai_creators_20260715_160628,3,1,613,28,2026-07-15,8
.tmp/runs/ai_creators_20260715_160630,3,1,773,30,2026-07-15,8
.tmp/runs/ai_creators_20260715_160632,3,1,861,30,2026-07-15,8
.tmp/runs/ai_creators_20260715_160634,3,1,786,30,2026-07-15,8
.tmp/runs/ai_creators_20260715_160636,3,1,786,30,2026-07-15,8
.tmp/runs/ai_creators_20260715_160637,3,1,682,30,2026-07-15,8
.tmp/runs/ai_creators_20260715_160640,3,1,636,30,2026-07-15,8
.tmp/runs/ai_creators_20260715_160641,3,1,640,30,2026-07-15,8
.tmp/runs/ai_creators_20260715_160643,3,1,644,30,2026-07-15,8
.tmp/runs/ai_creators_20260715_160645,3,1,641,30,2026-07-15,8
.tmp/runs/ai_creators_20260715_160647,3,1,613,28,2026-07-15,8
.tmp/runs/ai_creators_20260715_160649,3,1,613,28,2026-07-15,8
.tmp/runs/ai_creators_20260715_160651,3,1,773,30,2026-07-15,8
.tmp/runs/ai_creators_20260715_160652,3,1,831,30,2026-07-15,8
.tmp/runs/ai_creators_20260715_160654,3,1,861,30,2026-07-15,8
.tmp/runs/ai_creators_20260715_160656,3,1,895,30,2026-07-15,8
.tmp/runs/ai_creators_20260715_161347,3,1,773,30,2026-07-15,8
.tmp/runs/ai_creators_20260715_161409,3,1,613,28,2026-07-15,8
.tmp/runs/ai_creators_20260715_161411,3,1,642,30,2026-07-15,8
.tmp/runs/ai_creators_20260715_161413,3,1,674,33,2026-07-15,8
.tmp/runs/ai_creators_20260715_161415,3,1,704,34,2026-07-15,8
.tmp/runs/ai_creators_20260715_161416,3,1,700,34,2026-07-15,8
.tmp/runs/ai_creators_20260715_161418,3,1,750,37,2026-07-15,8
.tmp/runs/ai_creators_20260715_161420,3,1,802,32,2026-07-15,8
.tmp/runs/ai_creators_20260715_161422,3,1,756,37,2026-07-15,8
.tmp/runs/ai_creators_20260715_161424,3,1,678,32,2026-07-15,8
.tmp/runs/ai_creators_20260715_161426,3,1,613,28,2026-07-15,8
.tmp/runs/ai_creators_20260715_161428,3,1,773,30,2026-07-15,8
.tmp/runs/ai_creators_20260715_161429,3,1,861,30,2026-07-15,8
.tmp/runs/ai_creators_20260715_161431,3,1,786,30,2026-07-15,8
.tmp/runs/ai_creators_20260715_161433,3,1,786,30,2026-07-15,8
.tmp/runs/ai_creators_20260715_161435,3,1,682,30,2026-07-15,8
.tmp/runs/ai_creators_20260715_161437,3,1,636,30,2026-07-15,8
.tmp/runs/ai_creators_20260715_161439,3,1,640,30,2026-07-15,8
.tmp/runs/ai_creators_20260715_161441,3,1,644,30,2026-07-15,8
.tmp/runs/ai_creators_20260715_161443,3,1,641,30,2026-07-15,8
.tmp/runs/ai_creators_20260715_161444,3,1,613,28,2026-07-15,8
.tmp/runs/ai_creators_20260715_161446,3,1,613,28,2026-07-15,8
.tmp/runs/ai_creators_20260715_161448,3,1,773,30,2026-07-15,8
.tmp/runs/ai_creators_20260715_161450,3,1,831,30,2026-07-15,8
.tmp/runs/ai_creators_20260715_161452,3,1,861,30,2026-07-15,8
.tmp/runs/ai_creators_20260715_161454,3,1,895,30,2026-07-15,8
.tmp/runs/ai_creators_20260715_173427,3,1,773,30,2026-07-15,8
.tmp/runs/ai_creators_20260715_173447,3,1,613,28,2026-07-15,8
.tmp/runs/ai_creators_20260715_173448,3,1,642,30,2026-07-15,8
.tmp/runs/ai_creators_20260715_173450,3,1,674,33,2026-07-15,8
.tmp/runs/ai_creators_20260715_173452,3,1,704,34,2026-07-15,8
.tmp/runs/ai_creators_20260715_173454,3,1,700,34,2026-07-15,8
.tmp/runs/ai_creators_20260715_173456,3,1,750,37,2026-07-15,8
.tmp/runs/ai_creators_20260715_173458,3,1,802,32,2026-07-15,8
.tmp/runs/ai_creators_20260715_173500,3,1,756,37,2026-07-15,8
.tmp/runs/ai_creators_20260715_173502,3,1,678,32,2026-07-15,8
.tmp/runs/ai_creators_20260715_173504,3,1,613,28,2026-07-15,8
.tmp/runs/ai_creators_20260715_173505,3,1,773,30,2026-07-15,8
.tmp/runs/ai_creators_20260715_173507,3,1,861,30,2026-07-15,8
.tmp/runs/ai_creators_20260715_173509,3,1,786,30,2026-07-15,8
.tmp/runs/ai_creators_20260715_173511,3,1,786,30,2026-07-15,8
.tmp/runs/ai_creators_20260715_173513,3,1,682,30,2026-07-15,8
.tmp/runs/ai_creators_20260715_173515,3,1,636,30,2026-07-15,8
.tmp/runs/ai_creators_20260715_173516,3,1,640,30,2026-07-15,8
.tmp/runs/ai_creators_20260715_173518,3,1,644,30,2026-07-15,8
.tmp/runs/ai_creators_20260715_173520,3,1,641,30,2026-07-15,8
.tmp/runs/ai_creators_20260715_173522,3,1,613,28,2026-07-15,8
.tmp/runs/ai_creators_20260715_173524,3,1,613,28,2026-07-15,8
.tmp/runs/ai_creators_20260715_173526,3,1,773,30,2026-07-15,8
.tmp/runs/ai_creators_20260715_173527,3,1,831,30,2026-07-15,8
.tmp/runs/ai_creators_20260715_173529,3,1,861,30,2026-07-15,8
.tmp/runs/ai_creators_20260715_173532,3,1,895,30,2026-07-15,8
.tmp/runs/ai_creators_20260715_181217,3,1,773,30,2026-07-15,8
.tmp/runs/ai_creators_20260715_181238,3,1,613,28,2026-07-15,8
.tmp/runs/ai_creators_20260715_181240,3,1,642,30,2026-07-15,8
.tmp/runs/ai_creators_20260715_181242,3,1,674,33,2026-07-15,8
.tmp/runs/ai_creators_20260715_181244,3,1,704,34,2026-07-15,8
.tmp/runs/ai_creators_20260715_181246,3,1,700,34,2026-07-15,8
.tmp/runs/ai_creators_20260715_181247,3,1,750,37,2026-07-15,8
.tmp/runs/ai_creators_20260715_181249,3,1,802,32,2026-07-15,8
.tmp/runs/ai_creators_20260715_181251,3,1,756,37,2026-07-15,8
.tmp/runs/ai_creators_20260715_181253,3,1,678,32,2026-07-15,8
.tmp/runs/ai_creators_20260715_181255,3,1,613,28,2026-07-15,8
.tmp/runs/ai_creators_20260715_181257,3,1,773,30,2026-07-15,8
.tmp/runs/ai_creators_20260715_181258,3,1,861,30,2026-07-15,8
.tmp/runs/ai_creators_20260715_181300,3,1,786,30,2026-07-15,8
.tmp/runs/ai_creators_20260715_181302,3,1,786,30,2026-07-15,8
.tmp/runs/ai_creators_20260715_181304,3,1,682,30,2026-07-15,8
.tmp/runs/ai_creators_20260715_181305,3,1,636,30,2026-07-15,8
.tmp/runs/ai_creators_20260715_181307,3,1,640,30,2026-07-15,8
.tmp/runs/ai_creators_20260715_181309,3,1,644,30,2026-07-15,8
.tmp/runs/ai_creators_20260715_181311,3,1,641,30,2026-07-15,8
.tmp/runs/ai_creators_20260715_181313,3,1,613,28,2026-07-15,8
.tmp/runs/ai_creators_20260715_181315,3,1,613,28,2026-07-15,8
.tmp/runs/ai_creators_20260715_181316,3,1,773,30,2026-07-15,8
.tmp/runs/ai_creators_20260715_181318,3,1,831,30,2026-07-15,8
.tmp/runs/ai_creators_20260715_181320,3,1,861,30,2026-07-15,8
.tmp/runs/ai_creators_20260715_181322,3,1,895,30,2026-07-15,8
.tmp/runs/ai_creators_20260715_183419,3,1,773,30,2026-07-15,8
.tmp/runs/ai_creators_20260715_183439,3,1,613,28,2026-07-15,8
.tmp/runs/ai_creators_20260715_183441,3,1,642,30,2026-07-15,8
.tmp/runs/ai_creators_20260715_183443,3,1,674,33,2026-07-15,8
.tmp/runs/ai_creators_20260715_183444,3,1,704,34,2026-07-15,8
.tmp/runs/ai_creators_20260715_183446,3,1,700,34,2026-07-15,8
.tmp/runs/ai_creators_20260715_183448,3,1,750,37,2026-07-15,8
.tmp/runs/ai_creators_20260715_183451,3,1,802,32,2026-07-15,8
.tmp/runs/ai_creators_20260715_183453,3,1,756,37,2026-07-15,8
.tmp/runs/ai_creators_20260715_183454,3,1,678,32,2026-07-15,8
.tmp/runs/ai_creators_20260715_183457,3,1,613,28,2026-07-15,8
.tmp/runs/ai_creators_20260715_183459,3,1,773,30,2026-07-15,8
.tmp/runs/ai_creators_20260715_183501,3,1,861,30,2026-07-15,8
.tmp/runs/ai_creators_20260715_183503,3,1,786,30,2026-07-15,8
.tmp/runs/ai_creators_20260715_183505,3,1,786,30,2026-07-15,8
.tmp/runs/ai_creators_20260715_183506,3,1,682,30,2026-07-15,8
.tmp/runs/ai_creators_20260715_183508,3,1,636,30,2026-07-15,8
.tmp/runs/ai_creators_20260715_183510,3,1,640,30,2026-07-15,8
.tmp/runs/ai_creators_20260715_183512,3,1,644,30,2026-07-15,8
.tmp/runs/ai_creators_20260715_183513,3,1,641,30,2026-07-15,8
.tmp/runs/ai_creators_20260715_183515,3,1,613,28,2026-07-15,8
.tmp/runs/ai_creators_20260715_183517,3,1,613,28,2026-07-15,8
.tmp/runs/ai_creators_20260715_183519,3,1,773,30,2026-07-15,8
.tmp/runs/ai_creators_20260715_183520,3,1,831,30,2026-07-15,8
.tmp/runs/ai_creators_20260715_183522,3,1,861,30,2026-07-15,8
.tmp/runs/ai_creators_20260715_183524,3,1,895,30,2026-07-15,8
.tmp/runs/ai_creators_20260715_185958,3,1,895,30,2026-07-15,8
.tmp/runs/ai_creators_20260717_120826,3,1,895,30,2026-07-17,6
.tmp/runs/ai_creators_20260717_123703,3,1,895,30,2026-07-17,6
.tmp/runs/ai_creators_20260717_123806,3,1,895,30,2026-07-17,6
.tmp/runs/ai_creators_20260721_122148,3,1,613,28,2026-07-21,2
.tmp/runs/ai_creators_20260721_122150,3,1,642,30,2026-07-21,2
.tmp/runs/ai_creators_20260721_122152,3,1,674,33,2026-07-21,2
.tmp/runs/ai_creators_20260721_122154,3,1,704,34,2026-07-21,2
.tmp/runs/ai_creators_20260721_122157,3,1,700,34,2026-07-21,2
.tmp/runs/ai_creators_20260721_122200,3,1,750,37,2026-07-21,2
.tmp/runs/ai_creators_20260721_122201,3,1,802,32,2026-07-21,2
.tmp/runs/ai_creators_20260721_122204,3,1,756,37,2026-07-21,2
.tmp/runs/ai_creators_20260721_122206,3,1,678,32,2026-07-21,2
.tmp/runs/ai_creators_20260721_122208,3,1,613,28,2026-07-21,2
.tmp/runs/ai_creators_20260721_122210,3,1,773,30,2026-07-21,2
.tmp/runs/ai_creators_20260721_122212,3,1,861,30,2026-07-21,2
.tmp/runs/ai_creators_20260721_122214,3,1,786,30,2026-07-21,2
.tmp/runs/ai_creators_20260721_122216,3,1,786,30,2026-07-21,2
.tmp/runs/ai_creators_20260721_122218,3,1,682,30,2026-07-21,2
.tmp/runs/ai_creators_20260721_122220,3,1,636,30,2026-07-21,2
.tmp/runs/ai_creators_20260721_122221,3,1,640,30,2026-07-21,2
.tmp/runs/ai_creators_20260721_122223,3,1,644,30,2026-07-21,2
.tmp/runs/ai_creators_20260721_122225,3,1,641,30,2026-07-21,2
.tmp/runs/ai_creators_20260721_122227,3,1,613,28,2026-07-21,2
.tmp/runs/ai_creators_20260721_122229,3,1,613,28,2026-07-21,2
.tmp/runs/ai_creators_20260721_122231,3,1,773,30,2026-07-21,2
.tmp/runs/ai_creators_20260721_122233,3,1,831,30,2026-07-21,2
.tmp/runs/ai_creators_20260721_122234,3,1,861,30,2026-07-21,2
.tmp/runs/ai_creators_20260721_122236,3,1,895,30,2026-07-21,2
.tmp/runs/ai_creators_20260721_151555,3,1,895,30,2026-07-21,2
.tmp/runs/ai_creators_20260722_105027,3,1,644,30,2026-07-22,1
.tmp/runs/ai_creators_20260722_105029,3,1,831,30,2026-07-22,1
.tmp/runs/ai_creators_20260722_105031,3,1,895,30,2026-07-22,1
.tmp/runs/ai_creators_20260722_120652,3,1,895,30,2026-07-22,1
.tmp/runs/ai_creators_20260722_121934,3,1,773,30,2026-07-22,1
.tmp/runs/ai_creators_20260722_121954,3,1,613,28,2026-07-22,1
.tmp/runs/ai_creators_20260722_121956,3,1,642,30,2026-07-22,1
.tmp/runs/ai_creators_20260722_121957,3,1,674,33,2026-07-22,1
.tmp/runs/ai_creators_20260722_121959,3,1,704,34,2026-07-22,1
.tmp/runs/ai_creators_20260722_122001,3,1,700,34,2026-07-22,1
.tmp/runs/ai_creators_20260722_122003,3,1,750,37,2026-07-22,1
.tmp/runs/ai_creators_20260722_122004,3,1,802,32,2026-07-22,1
.tmp/runs/ai_creators_20260722_122006,3,1,756,37,2026-07-22,1
.tmp/runs/ai_creators_20260722_122008,3,1,678,32,2026-07-22,1
.tmp/runs/ai_creators_20260722_122010,3,1,613,28,2026-07-22,1
.tmp/runs/ai_creators_20260722_122011,3,1,773,30,2026-07-22,1
.tmp/runs/ai_creators_20260722_122013,3,1,861,30,2026-07-22,1
.tmp/runs/ai_creators_20260722_122015,3,1,786,30,2026-07-22,1
.tmp/runs/ai_creators_20260722_122017,3,1,786,30,2026-07-22,1
.tmp/runs/ai_creators_20260722_122018,3,1,682,30,2026-07-22,1
.tmp/runs/ai_creators_20260722_122021,3,1,636,30,2026-07-22,1
.tmp/runs/ai_creators_20260722_122023,3,1,640,30,2026-07-22,1
.tmp/runs/ai_creators_20260722_122025,3,1,644,30,2026-07-22,1
.tmp/runs/ai_creators_20260722_122027,3,1,641,30,2026-07-22,1
.tmp/runs/ai_creators_20260722_122029,3,1,613,28,2026-07-22,1
.tmp/runs/ai_creators_20260722_122030,3,1,613,28,2026-07-22,1
.tmp/runs/ai_creators_20260722_122032,3,1,773,30,2026-07-22,1
.tmp/runs/ai_creators_20260722_122034,3,1,831,30,2026-07-22,1
.tmp/runs/ai_creators_20260722_122036,3,1,861,30,2026-07-22,1
.tmp/runs/ai_creators_20260722_122038,3,1,895,30,2026-07-22,1
.tmp/runs/ai_creators_20260722_134758,3,1,895,30,2026-07-22,1
.tmp/runs/ai_creators_20260722_140454,3,1,895,30,2026-07-22,1
.tmp/runs/ai_creators_20260722_141700,3,1,895,30,2026-07-22,1
.tmp/runs/ai_creators_20260723_130606,3,1,895,30,2026-07-23,0
.tmp/runs/ai_creators_20260723_131058,3,1,895,30,2026-07-23,0
.tmp/runs/ai_creators_20260723_131500,3,1,644,30,2026-07-23,0
.tmp/runs/ai_creators_20260723_131502,3,1,831,30,2026-07-23,0
.tmp/runs/ai_creators_20260723_131504,3,1,895,30,2026-07-23,0
.tmp/runs/ai_creators_20260723_131707,3,1,895,30,2026-07-23,0
.tmp/runs/ai_creators_20260723_133023,3,1,773,30,2026-07-23,0
.tmp/runs/ai_creators_20260723_133044,3,1,613,28,2026-07-23,0
.tmp/runs/ai_creators_20260723_133046,3,1,642,30,2026-07-23,0
.tmp/runs/ai_creators_20260723_133048,3,1,674,33,2026-07-23,0
.tmp/runs/ai_creators_20260723_133050,3,1,704,34,2026-07-23,0
.tmp/runs/ai_creators_20260723_133052,3,1,700,34,2026-07-23,0
.tmp/runs/ai_creators_20260723_133054,3,1,750,37,2026-07-23,0
.tmp/runs/ai_creators_20260723_133056,3,1,802,32,2026-07-23,0
.tmp/runs/ai_creators_20260723_133058,3,1,756,37,2026-07-23,0
.tmp/runs/ai_creators_20260723_133100,3,1,678,32,2026-07-23,0
.tmp/runs/ai_creators_20260723_133102,3,1,613,28,2026-07-23,0
.tmp/runs/ai_creators_20260723_133104,3,1,773,30,2026-07-23,0
.tmp/runs/ai_creators_20260723_133106,3,1,861,30,2026-07-23,0
.tmp/runs/ai_creators_20260723_133107,3,1,786,30,2026-07-23,0
.tmp/runs/ai_creators_20260723_133109,3,1,786,30,2026-07-23,0
.tmp/runs/ai_creators_20260723_133111,3,1,682,30,2026-07-23,0
.tmp/runs/ai_creators_20260723_133113,3,1,636,30,2026-07-23,0
.tmp/runs/ai_creators_20260723_133115,3,1,640,30,2026-07-23,0
.tmp/runs/ai_creators_20260723_133117,3,1,644,30,2026-07-23,0
.tmp/runs/ai_creators_20260723_133119,3,1,641,30,2026-07-23,0
.tmp/runs/ai_creators_20260723_133121,3,1,613,28,2026-07-23,0
.tmp/runs/ai_creators_20260723_133123,3,1,613,28,2026-07-23,0
.tmp/runs/ai_creators_20260723_133125,3,1,773,30,2026-07-23,0
.tmp/runs/ai_creators_20260723_133127,3,1,831,30,2026-07-23,0
.tmp/runs/ai_creators_20260723_133129,3,1,861,30,2026-07-23,0
.tmp/runs/ai_creators_20260723_133131,3,1,895,30,2026-07-23,0
.tmp/runs/ai_creators_20260723_133223,3,1,773,30,2026-07-23,0
.tmp/runs/ai_creators_20260723_133245,3,1,613,28,2026-07-23,0
.tmp/runs/ai_creators_20260723_133247,3,1,642,30,2026-07-23,0
.tmp/runs/ai_creators_20260723_133249,3,1,674,33,2026-07-23,0
.tmp/runs/ai_creators_20260723_133251,3,1,704,34,2026-07-23,0
.tmp/runs/ai_creators_20260723_133253,3,1,700,34,2026-07-23,0
.tmp/runs/ai_creators_20260723_133255,3,1,750,37,2026-07-23,0
.tmp/runs/ai_creators_20260723_133257,3,1,802,32,2026-07-23,0
.tmp/runs/ai_creators_20260723_133258,3,1,756,37,2026-07-23,0
.tmp/runs/ai_creators_20260723_133300,3,1,678,32,2026-07-23,0
.tmp/runs/ai_creators_20260723_133302,3,1,613,28,2026-07-23,0
.tmp/runs/ai_creators_20260723_133304,3,1,773,30,2026-07-23,0
.tmp/runs/ai_creators_20260723_133306,3,1,861,30,2026-07-23,0
.tmp/runs/ai_creators_20260723_133308,3,1,786,30,2026-07-23,0
.tmp/runs/ai_creators_20260723_133310,3,1,786,30,2026-07-23,0
.tmp/runs/ai_creators_20260723_133312,3,1,682,30,2026-07-23,0
.tmp/runs/ai_creators_20260723_133314,3,1,636,30,2026-07-23,0
.tmp/runs/ai_creators_20260723_133316,3,1,640,30,2026-07-23,0
.tmp/runs/ai_creators_20260723_133318,3,1,644,30,2026-07-23,0
.tmp/runs/ai_creators_20260723_133320,3,1,641,30,2026-07-23,0
.tmp/runs/ai_creators_20260723_133322,3,1,613,28,2026-07-23,0
.tmp/runs/ai_creators_20260723_133324,3,1,613,28,2026-07-23,0
.tmp/runs/ai_creators_20260723_133326,3,1,773,30,2026-07-23,0
.tmp/runs/ai_creators_20260723_133328,3,1,831,30,2026-07-23,0
.tmp/runs/ai_creators_20260723_133330,3,1,861,30,2026-07-23,0
.tmp/runs/ai_creators_20260723_133331,3,1,895,30,2026-07-23,0
.tmp/runs/ai_creators_20260723_133410,3,1,895,30,2026-07-23,0
.tmp/runs/ai_creators_20260723_152055,3,1,641,30,2026-07-23,0
.tmp/runs/ai_creators_20260723_152243,3,1,641,30,2026-07-23,0
.tmp/runs/ai_creators_20260723_152445,3,1,895,30,2026-07-23,0
.tmp/runs/ai_creators_20260723_154329,3,1,773,30,2026-07-23,0
.tmp/runs/ai_creators_20260723_162721,3,1,773,30,2026-07-23,0
.tmp/runs/ai_creators_20260724_072703,3,1,895,30,2026-07-24,0
.tmp/runs/anime_20260404_060002,3,7,30773728,301,2026-04-04,111
.tmp/runs/anime_20260405_060004,3,11,2223278302,301,2026-04-05,110
.tmp/runs/anime_20260406_060005,3,9,176950582,301,2026-04-06,109
.tmp/runs/anime_20260427_061320,3,11,124263795,419,2026-04-27,88
.tmp/runs/anime_20260428_060005,3,5,47520760,359,2026-04-28,87
.tmp/runs/anime_20260429_060004,3,11,90659932,388,2026-04-29,86
.tmp/runs/gaming_20260405_040005,3,2,3992,125,2026-04-05,110
.tmp/runs/gaming_20260406_040005,3,2,2777,92,2026-04-06,109
.tmp/runs/gaming_20260411_040005,3,2,2953,97,2026-04-11,104
.tmp/runs/gaming_20260427_040517,3,2,2970,101,2026-04-27,88
.tmp/runs/gaming_20260428_040005,3,2,4912,146,2026-04-28,87
.tmp/runs/gaming_20260429_040005,3,2,2999,99,2026-04-29,86
.tmp/runs/movies_20260404_080005,3,9,97383004,240,2026-04-04,111
.tmp/runs/movies_20260405_080006,3,11,113938763,150,2026-04-05,110
.tmp/runs/movies_20260406_080000,3,11,127863388,180,2026-04-06,109
.tmp/runs/movies_20260427_080006,3,13,136624929,250,2026-04-27,88
.tmp/runs/movies_20260428_080005,3,13,140873808,326,2026-04-28,87
.tmp/runs/movies_20260429_080004,3,9,128156343,464,2026-04-29,86
.tmp/runs/multi_20260324_134759,3,1,768,36,2026-03-24,121
.tmp/runs/multi_20260325_142356,3,1,768,36,2026-03-25,120
.tmp/runs/multi_20260326_072445,3,1,767,36,2026-03-26,120
.tmp/runs/sports_20260404_100003,3,23,1006821210,438,2026-04-04,110
.tmp/runs/sports_20260405_100004,3,23,1088403955,442,2026-04-05,109
.tmp/runs/sports_20260406_100005,3,23,610165923,421,2026-04-06,108
.tmp/runs/sports_20260427_100005,3,23,325278171,487,2026-04-27,87
.tmp/runs/sports_20260428_100004,3,23,436531039,462,2026-04-28,86
.tmp/runs/x_20260623_172237,3,1,605,27,2026-06-23,30
.tmp/runs/x_20260623_172247,3,1,605,27,2026-06-23,30
.tmp/runs/x_20260626_164930,3,1,713,29,2026-06-26,27
.tmp/runs/x_20260626_165216,3,1,713,29,2026-06-26,27
.tmp/runs/x_20260627_132009,3,1,713,29,2026-06-27,26
.tmp/runs/x_20260630_060548,3,1,753,30,2026-06-30,24
.tmp/runs/x_20260630_060827,3,1,753,30,2026-06-30,24
.tmp/runs/x_20260630_073520,3,1,753,30,2026-06-30,24
.tmp/runs/x_20260630_073708,3,1,753,30,2026-06-30,24
.tmp/runs/x_20260630_074221,3,1,753,30,2026-06-30,24
.tmp/runs/x_20260707_133736,3,1,753,30,2026-07-07,16
.tmp/runs/x_20260707_133933,3,1,753,30,2026-07-07,16
.tmp/runs/x_20260714_105445,3,1,753,30,2026-07-14,9
.tmp/runs/x_20260714_143118,3,1,753,30,2026-07-14,9
.tmp/runs/x_20260714_143629,3,1,753,30,2026-07-14,9
.tmp/runs/x_20260714_153433,3,1,753,30,2026-07-14,9
.tmp/runs/x_20260714_161021,3,1,753,30,2026-07-14,9
.tmp/runs/x_20260714_162737,3,1,753,30,2026-07-14,9
.tmp/runs/x_20260714_163901,3,1,753,30,2026-07-14,9
.tmp/runs/x_20260715_154644,3,1,753,30,2026-07-15,8
.tmp/runs/x_20260715_160553,3,1,753,30,2026-07-15,8
.tmp/runs/x_20260715_161349,3,1,753,30,2026-07-15,8
.tmp/runs/x_20260715_173429,3,1,753,30,2026-07-15,8
.tmp/runs/x_20260715_181219,3,1,753,30,2026-07-15,8
.tmp/runs/x_20260715_183421,3,1,753,30,2026-07-15,8
.tmp/runs/x_20260722_121936,3,1,753,30,2026-07-22,1
.tmp/runs/x_20260723_133025,3,1,753,30,2026-07-23,0
.tmp/runs/x_20260723_133225,3,1,753,30,2026-07-23,0
.tmp/runs/x_20260723_154329,3,1,753,30,2026-07-23,0
.tmp/runs/x_20260723_162721,3,1,753,30,2026-07-23,0
.tmp/screenshots,2,18,1857684,0,2026-06-20,33
.tmp/screenshots/2026-06-20-r7-verification,3,18,1857684,0,2026-06-20,33
.tmp/test_video_dl,2,3,86079,36,2026-03-25,121
.tmp/test_video_dl/cache,3,1,655,19,2026-03-25,121
.tmp/test_video_dl/output,3,2,85424,17,2026-03-25,121
BlackboxBrief,1,1680,977526549,1020028,2026-07-23,0
BlackboxBrief/.github,2,1,1194,54,2026-02-27,146
BlackboxBrief/.github/workflows,3,1,1194,54,2026-02-27,146
BlackboxBrief/.logs,2,1,0,0,2026-03-20,125
BlackboxBrief/.playwright-mcp,2,13,80040,0,2026-03-20,125
BlackboxBrief/.tmp,2,1469,940669381,986256,2026-04-29,86
BlackboxBrief/.tmp/audio,3,570,494062605,0,2026-03-17,129
BlackboxBrief/.tmp/backups,3,63,19660710,492668,2026-03-17,129
BlackboxBrief/.tmp/cache,3,551,6302361,550,2026-04-29,86
BlackboxBrief/.tmp/health,3,2,3020,124,2026-03-14,132
BlackboxBrief/.tmp/learning_logs,3,12,10860,444,2026-03-17,128
BlackboxBrief/.tmp/logs,3,142,17062466,0,2026-04-29,86
BlackboxBrief/.tmp/media,3,2,114704,0,2026-03-15,130
BlackboxBrief/.tmp/renders,3,0,0,0,n/a,-1
BlackboxBrief/.tmp/runs,3,114,31937302,492416,2026-04-29,86
BlackboxBrief/.tmp/test_video_dl,3,5,371502466,36,2026-03-20,125
BlackboxBrief/assets,2,21,5786981,0,2026-03-17,128
BlackboxBrief/assets/logos,3,13,441892,0,2026-02-26,147
BlackboxBrief/assets/music,3,5,2893493,0,2026-02-21,152
BlackboxBrief/bb_strategies,2,10,130795,3454,2026-07-16,7
BlackboxBrief/config,2,24,189412,4823,2026-07-23,1
BlackboxBrief/configs,2,1,919,41,2026-03-13,132
BlackboxBrief/core,2,3,6290,3,2026-05-21,63
BlackboxBrief/docker,2,3,12286004,16,2026-05-23,61
BlackboxBrief/docker/short-video-maker,3,3,12286004,16,2026-05-23,61
BlackboxBrief/docs,2,27,583588,16824,2026-03-14,132
BlackboxBrief/docs/archive,3,4,71222,1930,2026-03-13,132
BlackboxBrief/docs/plans,3,19,499593,14740,2026-03-14,132
BlackboxBrief/execution,2,19,104509,2402,2026-06-07,46
BlackboxBrief/execution/scrapers,3,2,12572,353,2026-05-21,63
BlackboxBrief/execution/sources,3,7,42084,1242,2026-05-21,63
BlackboxBrief/execution/stages,3,1,63,1,2026-05-21,63
BlackboxBrief/execution/utils,3,7,35389,805,2026-06-07,46
BlackboxBrief/inspo_library,2,11,13292,131,2026-03-13,132
BlackboxBrief/inspo_library/accounts,3,7,1542,67,2026-02-17,156
BlackboxBrief/inspo_library/posts,3,2,1003,40,2026-03-13,132
BlackboxBrief/runbooks,2,11,23113,367,2026-06-16,38
BlackboxBrief/schemas,2,11,29642,929,2026-03-14,132
BlackboxBrief/scripts,2,2,11738,332,2026-07-16,7
BlackboxBrief/templates,2,12,14092589,0,2026-02-22,151
BlackboxBrief/templates/fonts,3,2,14052656,0,2026-02-21,152
BlackboxBrief/templates/slides,3,9,31737,0,2026-02-22,151
BlackboxBrief/tests,2,29,161525,3759,2026-06-30,23
BlackboxBrief/tests/_legacy,3,4,25691,683,2026-05-21,63
BlackboxBrief/tests/core,3,2,6148,0,2026-03-07,138
BlackboxBrief/tests/fixtures,3,2,3200,67,2026-02-16,157
BlackboxBrief/tests/golden,3,2,2172,62,2026-02-22,151
ClutchWire,1,62,9048716,4832,2026-07-22,1
ClutchWire/.logs,2,2,1036843,0,2026-04-28,86
ClutchWire/.tmp,2,7,2341639,1,2026-04-28,86
ClutchWire/.tmp/cache,3,1,181,1,2026-04-28,86
ClutchWire/.tmp/logs,3,2,1810817,0,2026-03-20,125
ClutchWire/assets,2,4,5491188,0,2026-03-17,128
ClutchWire/assets/logos,3,2,1861702,0,2026-03-09,137
ClutchWire/config,2,14,51964,1669,2026-07-21,2
ClutchWire/cw_strategies,2,8,39560,1064,2026-07-21,2
ClutchWire/runbooks,2,1,2519,60,2026-06-16,38
ClutchWire/tests,2,17,71457,1925,2026-06-20,34
CriticalRush,1,792,9796833824,49347,2026-07-22,1
CriticalRush/.hypothesis,2,137,75939,0,2026-03-13,132
CriticalRush/.hypothesis/constants,3,136,53677,0,2026-03-13,132
CriticalRush/.hypothesis/unicode_data,3,1,22262,0,2026-03-10,135
CriticalRush/.logs,2,5,833910,0,2026-04-29,85
CriticalRush/.tmp,2,499,9768068074,27878,2026-06-25,28
CriticalRush/.tmp/audio,3,0,0,0,n/a,-1
CriticalRush/.tmp/cache,3,1,180,1,2026-04-29,86
CriticalRush/.tmp/captions,3,1,672,0,2026-06-25,28
CriticalRush/.tmp/clips,3,68,4680143568,0,2026-04-29,86
CriticalRush/.tmp/logs,3,9,187202910,0,2026-04-01,113
CriticalRush/.tmp/rendered,3,359,4899040386,0,2026-04-29,86
CriticalRush/.tmp/reports,3,36,234176,8122,2026-03-14,132
CriticalRush/assets,2,2,2555831,0,2026-03-17,128
CriticalRush/config,2,3,3513,115,2026-06-11,43
CriticalRush/core,2,2,7288,217,2026-05-22,62
CriticalRush/docs,2,4,88351,2075,2026-03-10,136
CriticalRush/docs/plans,3,2,54452,1482,2026-03-10,136
CriticalRush/logs,2,3,1854,0,2026-03-27,118
CriticalRush/niches,2,84,24789583,12045,2026-07-21,2
CriticalRush/niches/_template,3,16,20849,726,2026-05-21,63
CriticalRush/niches/gaming,3,67,24762586,11319,2026-07-21,2
CriticalRush/runbooks,2,4,6496,60,2026-06-16,38
CriticalRush/scripts,2,2,3558,107,2026-05-21,63
CriticalRush/tests,2,32,254068,6366,2026-07-16,7
CriticalRush/tests/gaming,3,20,200432,5089,2026-07-16,7
CriticalRush/tests/orchestration,3,2,4044,123,2026-05-21,63
CriticalRush/tests/pipeline,3,2,7256,176,2026-06-07,47
CriticalRush/tests/publishing,3,2,8091,203,2026-03-17,128
CriticalRush/tools,2,2,238,8,2026-05-21,63
CriticalRush/tools/publishing,3,2,238,8,2026-05-21,63
FrameDrift,1,187,77919461,5055,2026-07-22,1
FrameDrift/.hypothesis,2,120,66366,0,2026-03-13,132
FrameDrift/.hypothesis/constants,3,119,44104,0,2026-03-13,132
FrameDrift/.hypothesis/unicode_data,3,1,22262,0,2026-03-13,132
FrameDrift/.logs,2,2,564576,0,2026-04-29,86
FrameDrift/.tmp,2,11,71972563,37,2026-04-29,86
FrameDrift/.tmp/cache,3,1,191,1,2026-04-29,86
FrameDrift/.tmp/logs,3,2,1741783,0,2026-03-20,125
FrameDrift/.tmp/test_video_dl,3,4,69975187,36,2026-03-13,132
FrameDrift/assets,2,4,5133887,0,2026-03-17,128
FrameDrift/assets/logos,3,2,1406811,0,2026-03-09,137
FrameDrift/config,2,14,49605,1630,2026-07-21,2
FrameDrift/fd_strategies,2,9,40776,1195,2026-07-21,2
FrameDrift/runbooks,2,1,2519,60,2026-06-16,38
FrameDrift/tests,2,17,74730,2000,2026-06-20,34
OpenSandbox,1,0,0,0,n/a,-1
SpliceReel,1,66,6675060,5246,2026-07-23,0
SpliceReel/.logs,2,2,703225,0,2026-04-29,86
SpliceReel/.tmp,2,7,2121288,1,2026-04-29,86
SpliceReel/.tmp/cache,3,1,220,1,2026-04-29,86
SpliceReel/.tmp/logs,3,2,1800670,0,2026-03-20,125
SpliceReel/assets,2,4,3647023,0,2026-03-17,128
SpliceReel/assets/logos,3,2,796837,0,2026-03-09,137
SpliceReel/config,2,14,51863,1641,2026-07-21,2
SpliceReel/runbooks,2,1,2519,60,2026-06-16,38
SpliceReel/sr_strategies,2,10,49543,1417,2026-07-21,2
SpliceReel/tests,2,19,84009,2013,2026-06-20,34
assets,1,32,1096772,0,2026-07-05,18
assets/motion_placeholders,2,32,1096772,0,2026-07-05,18
assets/motion_placeholders/ai_creators,3,8,237846,0,2026-07-05,18
assets/motion_placeholders/gaming,3,8,288602,0,2026-07-05,18
assets/motion_placeholders/movies,3,8,208844,0,2026-07-05,18
assets/motion_placeholders/sports,3,8,361480,0,2026-07-05,18
dashboard,1,561,3901815,101993,2026-07-23,0
dashboard/.hypothesis,2,114,67410,0,2026-03-14,132
dashboard/.hypothesis/constants,3,113,45148,0,2026-03-14,132
dashboard/.hypothesis/unicode_data,3,1,22262,0,2026-03-14,132
dashboard/.tmp,2,1,0,0,2026-07-21,2
dashboard/configs,2,1,885,39,2026-03-17,128
dashboard/data,2,1,24576,0,2026-07-21,2
dashboard/frontend,2,255,1843311,51015,2026-07-23,0
dashboard/frontend/public,3,4,3987,77,2026-03-23,123
dashboard/frontend/src,3,235,1544411,43032,2026-07-23,0
dashboard/frontend/worker,3,2,2470,86,2026-02-27,147
dashboard/runbooks,2,1,3151,77,2026-06-28,25
dashboard/server,2,76,992015,25985,2026-07-23,0
dashboard/server/api,3,55,734421,19478,2026-07-23,0
dashboard/server/auth,3,2,15080,376,2026-06-25,29
dashboard/server/core,3,15,137985,3543,2026-07-21,2
dashboard/server/middleware,3,2,1080,32,2026-05-21,63
dashboard/tests,2,105,948844,24629,2026-07-23,0
deploy,1,209,253542,1036,2026-07-24,0
deploy/caddy,2,1,380,0,2026-04-06,108
deploy/scripts,2,6,30568,768,2026-06-17,36
deploy/systemd,2,14,10843,0,2026-07-15,8
deploy/systemd-phase2,2,184,164978,0,2026-07-24,0
deploy/systemd-phase2/genlab-dashboard.service.d,3,2,2282,0,2026-07-16,7
deploy/systemd-phase2/genlab-engagement-poller.service.d,3,1,400,0,2026-07-17,7
deploy/systemd-phase2/genlab-engagement-worker.service.d,3,1,486,0,2026-07-16,7
deploy/systemd-phase2/genlab-quota-monitor.service.d,3,1,343,0,2026-07-17,7
deploy/systemd-phase2/genlab-webhook.service.d,3,1,352,0,2026-07-16,7
docs,1,115,2031471,45625,2026-07-23,0
docs/architecture,2,2,20566,297,2026-06-30,24
docs/archive,2,8,184360,3228,2026-06-28,25
docs/archive/pending-snapshots,3,6,50470,758,2026-06-28,25
docs/plans,2,7,98047,2696,2026-06-28,25
docs/plans/archive,3,3,26626,754,2026-06-28,25
docs/runbooks,2,4,101433,2539,2026-06-30,24
docs/superpowers,2,61,992805,26161,2026-04-11,104
docs/superpowers/plans,3,27,572855,16080,2026-04-11,104
docs/superpowers/specs,3,30,374593,9371,2026-04-06,108
genlab-core,1,1613,13030580,299640,2026-07-24,0
genlab-core/.grimp_cache,2,4,51857,2,2026-05-23,62
genlab-core/.hypothesis,2,305,200217,0,2026-03-17,129
genlab-core/.hypothesis/constants,3,304,177955,0,2026-03-17,129
genlab-core/.hypothesis/unicode_data,3,1,22262,0,2026-03-10,135
genlab-core/.import_linter_cache,2,4,53042,2,2026-05-24,60
genlab-core/.tmp,2,0,0,0,n/a,-1
genlab-core/.tmp/cache,3,0,0,0,n/a,-1
genlab-core/assets,2,1,879708,0,2026-03-22,123
genlab-core/assets/fonts,3,1,879708,0,2026-03-22,123
genlab-core/config,2,32,241004,7327,2026-07-17,6
genlab-core/configs,2,2,2656,82,2026-05-23,62
genlab-core/docs,2,1,1839,43,2026-03-10,135
genlab-core/genlab_core.egg-info,2,5,658,0,2026-03-06,139
genlab-core/migrations,2,69,241777,6393,2026-07-23,0
genlab-core/migrations/versions,3,59,228257,6093,2026-07-23,0
genlab-core/models,2,1,0,0,2026-04-02,112
genlab-core/niche_stubs,2,3,936,33,2026-03-09,137
genlab-core/niche_stubs/anime,3,1,310,11,2026-03-09,137
genlab-core/niche_stubs/movies,3,1,313,11,2026-03-09,137
genlab-core/niche_stubs/sports,3,1,313,11,2026-03-09,137
genlab-core/runbooks,2,7,12425,104,2026-05-16,68
genlab-core/scripts,2,5,41670,1178,2026-07-23,0
genlab-core/src,2,429,4918319,125912,2026-07-24,0
genlab-core/src/genlab_core,3,429,4918319,125912,2026-07-24,0
genlab-core/tests,2,737,6349580,158146,2026-07-24,0
genlab-core/tests/analytics,3,2,3551,94,2026-05-21,63
genlab-core/tests/auth,3,5,47347,1261,2026-06-25,28
genlab-core/tests/compliance,3,13,140391,3569,2026-07-21,2
genlab-core/tests/config,3,5,16884,429,2026-06-28,25
genlab-core/tests/deploy,3,17,77670,1942,2026-07-23,0
genlab-core/tests/engagement,3,23,182081,4689,2026-07-23,1
genlab-core/tests/http,3,24,251982,6420,2026-07-17,6
genlab-core/tests/integration,3,8,54861,1424,2026-07-16,7
genlab-core/tests/intel,3,12,144698,3539,2026-07-16,7
genlab-core/tests/intelligence,3,8,98422,2417,2026-07-21,2
genlab-core/tests/learning,3,44,418557,10450,2026-07-23,0
genlab-core/tests/llm,3,4,30825,855,2026-07-23,0
genlab-core/tests/media,3,46,475200,11168,2026-07-23,0
genlab-core/tests/migrations,3,3,18201,444,2026-07-16,7
genlab-core/tests/monetization,3,28,250368,6096,2026-07-17,7
genlab-core/tests/monitoring,3,39,321946,7893,2026-07-23,0
genlab-core/tests/observability,3,9,87115,2376,2026-07-23,0
genlab-core/tests/pipeline,3,39,333514,8561,2026-07-23,0
genlab-core/tests/platforms,3,30,278130,7113,2026-07-23,0
genlab-core/tests/publishing,3,33,292685,6954,2026-07-23,0
genlab-core/tests/rendering,3,6,37499,917,2026-07-22,1
genlab-core/tests/runbooks,3,2,5584,135,2026-06-14,39
genlab-core/tests/scheduling,3,34,376799,9533,2026-07-24,0
genlab-core/tests/scoring,3,2,21569,507,2026-06-18,35
genlab-core/tests/scripts,3,12,101949,2674,2026-07-22,1
genlab-core/tests/security,3,2,3608,106,2026-06-07,47
genlab-core/tests/source_discovery,3,2,10939,322,2026-06-25,28
genlab-core/tests/storage,3,33,249177,6234,2026-07-24,0
genlab-core/tests/strategies,3,15,113389,2816,2026-07-22,1
genlab-core/tests/test_platform,3,2,7318,189,2026-05-21,63
genlab-core/tests/tools,3,4,12201,311,2026-05-21,63
genlab-core/tests/utils,3,3,8669,239,2026-05-21,63
genlab-core/tests/video,3,2,3419,78,2026-05-22,63
genlab-core/tests/writing,3,25,209894,5220,2026-07-22,1
scripts,1,122,1040056,28093,2026-07-24,0
scripts/seed,2,2,26396,795,2026-07-05,18
scripts/tests,2,3,10101,277,2026-05-21,63
tests,1,10,97701,2395,2026-07-24,0
